KurznamePlus,Bereich,Gruppe,BU,EU,Zeitreihe,name,title,description,theme_id,theme_title
Bodenfläche gesamt qkm,000,1,KRE,,19,1,Bodenfläche gesamt qkm,Absolutzahlen - Absolutzahlen Bodenfläche gesamt qkm,000,Absolutzahlen - Absolutzahlen
Bevölkerung gesamt,000,2,KRE,,29,2,Bevölkerung gesamt,Absolutzahlen - Absolutzahlen Bevölkerung gesamt,000,Absolutzahlen - Absolutzahlen
Bevölkerung männlich,000,3,KRE,,29,3,Bevölkerung männlich,Absolutzahlen - Absolutzahlen Bevölkerung männlich,000,Absolutzahlen - Absolutzahlen
Bevölkerung weiblich,000,4,KRE,,29,4,Bevölkerung weiblich,Absolutzahlen - Absolutzahlen Bevölkerung weiblich,000,Absolutzahlen - Absolutzahlen
Bevölkerung (mit BBSR-Zensuskorrekturen),000,5,KRE,,29,5,Bevölkerung (mit BBSR-Zensuskorrekturen),Absolutzahlen - Absolutzahlen Bevölkerung (mit BBSR-Zensuskorrekturen),000,Absolutzahlen - Absolutzahlen
Erwerbsfähige Bevölkerung (15 bis unter 65 Jahre),000,6,KRE,,29,6,Erwerbsfähige Bevölkerung (15 bis unter 65 Jahre),Absolutzahlen - Absolutzahlen Erwerbsfähige Bevölkerung (15 bis unter 65 Jahre),000,Absolutzahlen - Absolutzahlen
Erwerbstätige,000,7,KRE,,28,7,Erwerbstätige,Absolutzahlen - Absolutzahlen Erwerbstätige,000,Absolutzahlen - Absolutzahlen
Sozialversicherungspflichtig Beschäftigte am Arbeitsort,000,8,KRE,,29,8,Sozialversicherungspflichtig Beschäftigte am Arbeitsort,Absolutzahlen - Absolutzahlen Sozialversicherungspflichtig Beschäftigte am Arbeitsort,000,Absolutzahlen - Absolutzahlen
Sozialversicherungspflichtig Beschäftigte am Wohnort,000,9,KRE,,27,9,Sozialversicherungspflichtig Beschäftigte am Wohnort,Absolutzahlen - Absolutzahlen Sozialversicherungspflichtig Beschäftigte am Wohnort,000,Absolutzahlen - Absolutzahlen
Arbeitslose,000,10,KRE,,29,10,Arbeitslose,Absolutzahlen - Absolutzahlen Arbeitslose,000,Absolutzahlen - Absolutzahlen
Bruttoinlandsprodukt in 1000 Euro,000,11,KRE,,28,11,Bruttoinlandsprodukt in 1000 Euro,Absolutzahlen - Absolutzahlen Bruttoinlandsprodukt in 1000 Euro,000,Absolutzahlen - Absolutzahlen
Arbeitslosenquote,011,12,KRE,,26,12,Arbeitslosenquote,Arbeitslosigkeit - Allgemein Arbeitslosenquote,011,Arbeitslosigkeit - Allgemein
Arbeitslosenquote Frauen,011,13,KRE,,16,13,Arbeitslosenquote Frauen,Arbeitslosigkeit - Allgemein Arbeitslosenquote Frauen,011,Arbeitslosigkeit - Allgemein
Arbeitslosenquote Männer,011,14,KRE,,16,14,Arbeitslosenquote Männer,Arbeitslosigkeit - Allgemein Arbeitslosenquote Männer,011,Arbeitslosigkeit - Allgemein
Arbeitslose Frauen,011,15,KRE,,29,15,Arbeitslose Frauen,Arbeitslosigkeit - Allgemein Arbeitslose Frauen,011,Arbeitslosigkeit - Allgemein
Arbeitslose Männer,011,16,KRE,,29,16,Arbeitslose Männer,Arbeitslosigkeit - Allgemein Arbeitslose Männer,011,Arbeitslosigkeit - Allgemein
Arbeitslosenquote Ältere,013,32,KRE,,16,32,Arbeitslosenquote Ältere,Arbeitslosigkeit - Altersgruppen Arbeitslosenquote Ältere,013,Arbeitslosigkeit - Altersgruppen
Arbeitslosenquote Jüngere,013,33,KRE,,16,33,Arbeitslosenquote Jüngere,Arbeitslosigkeit - Altersgruppen Arbeitslosenquote Jüngere,013,Arbeitslosigkeit - Altersgruppen
Anteil ältere Arbeitslose,013,34,KRE,,26,34,Anteil ältere Arbeitslose,Arbeitslosigkeit - Altersgruppen Anteil ältere Arbeitslose,013,Arbeitslosigkeit - Altersgruppen
Anteil weibliche ältere Arbeitslose,013,35,KRE,,26,35,Anteil weibliche ältere Arbeitslose,Arbeitslosigkeit - Altersgruppen Anteil weibliche ältere Arbeitslose,013,Arbeitslosigkeit - Altersgruppen
Anteil männliche ältere Arbeitslose,013,36,KRE,,26,36,Anteil männliche ältere Arbeitslose,Arbeitslosigkeit - Altersgruppen Anteil männliche ältere Arbeitslose,013,Arbeitslosigkeit - Altersgruppen
Anteil jüngere Arbeitslose,013,37,KRE,,29,37,Anteil jüngere Arbeitslose,Arbeitslosigkeit - Altersgruppen Anteil jüngere Arbeitslose,013,Arbeitslosigkeit - Altersgruppen
Anteil weibliche jüngere Arbeitslose,013,38,KRE,,26,38,Anteil weibliche jüngere Arbeitslose,Arbeitslosigkeit - Altersgruppen Anteil weibliche jüngere Arbeitslose,013,Arbeitslosigkeit - Altersgruppen
Anteil männliche jüngere Arbeitslose,013,39,KRE,,26,39,Anteil männliche jüngere Arbeitslose,Arbeitslosigkeit - Altersgruppen Anteil männliche jüngere Arbeitslose,013,Arbeitslosigkeit - Altersgruppen
Ältere Arbeitslose,013,40,KRE,,26,40,Ältere Arbeitslose,Arbeitslosigkeit - Altersgruppen Ältere Arbeitslose,013,Arbeitslosigkeit - Altersgruppen
Weibliche ältere Arbeitslose,013,41,KRE,,26,41,Weibliche ältere Arbeitslose,Arbeitslosigkeit - Altersgruppen Weibliche ältere Arbeitslose,013,Arbeitslosigkeit - Altersgruppen
Männliche ältere Arbeitslose,013,42,KRE,,26,42,Männliche ältere Arbeitslose,Arbeitslosigkeit - Altersgruppen Männliche ältere Arbeitslose,013,Arbeitslosigkeit - Altersgruppen
Jüngere Arbeitslose,013,43,KRE,,29,43,Jüngere Arbeitslose,Arbeitslosigkeit - Altersgruppen Jüngere Arbeitslose,013,Arbeitslosigkeit - Altersgruppen
Weibliche jüngere Arbeitslose,013,44,KRE,,26,44,Weibliche jüngere Arbeitslose,Arbeitslosigkeit - Altersgruppen Weibliche jüngere Arbeitslose,013,Arbeitslosigkeit - Altersgruppen
Männliche jüngere Arbeitslose,013,45,KRE,,26,45,Männliche jüngere Arbeitslose,Arbeitslosigkeit - Altersgruppen Männliche jüngere Arbeitslose,013,Arbeitslosigkeit - Altersgruppen
Langzeitarbeitslose,012,17,KRE,,29,17,Langzeitarbeitslose,Arbeitslosigkeit - Struktur Langzeitarbeitslose,012,Arbeitslosigkeit - Struktur
Weibliche Langzeitarbeitslose,012,18,KRE,,26,18,Weibliche Langzeitarbeitslose,Arbeitslosigkeit - Struktur Weibliche Langzeitarbeitslose,012,Arbeitslosigkeit - Struktur
Männliche Langzeitarbeitslose,012,19,KRE,,26,19,Männliche Langzeitarbeitslose,Arbeitslosigkeit - Struktur Männliche Langzeitarbeitslose,012,Arbeitslosigkeit - Struktur
Ausländische Arbeitslose,012,20,KRE,,29,20,Ausländische Arbeitslose,Arbeitslosigkeit - Struktur Ausländische Arbeitslose,012,Arbeitslosigkeit - Struktur
Ausländische weibliche Arbeitslose,012,21,KRE,,26,21,Ausländische weibliche Arbeitslose,Arbeitslosigkeit - Struktur Ausländische weibliche Arbeitslose,012,Arbeitslosigkeit - Struktur
Ausländische männliche Arbeitslose,012,22,KRE,,26,22,Ausländische männliche Arbeitslose,Arbeitslosigkeit - Struktur Ausländische männliche Arbeitslose,012,Arbeitslosigkeit - Struktur
Arbeitslose ohne Ausbildung,012,23,KRE,,15,23,Arbeitslose ohne Ausbildung,Arbeitslosigkeit - Struktur Arbeitslose ohne Ausbildung,012,Arbeitslosigkeit - Struktur
Arbeitslose mit Anforderungsniveau Experte,012,24,KRE,,14,24,Arbeitslose mit Anforderungsniveau Experte,Arbeitslosigkeit - Struktur Arbeitslose mit Anforderungsniveau Experte,012,Arbeitslosigkeit - Struktur
Arbeitslose mit Anforderungsniveau Spezialist,012,25,KRE,,14,25,Arbeitslose mit Anforderungsniveau Spezialist,Arbeitslosigkeit - Struktur Arbeitslose mit Anforderungsniveau Spezialist,012,Arbeitslosigkeit - Struktur
Arbeitslose mit Anforderungsniveau Fachkraft,012,26,KRE,,14,26,Arbeitslose mit Anforderungsniveau Fachkraft,Arbeitslosigkeit - Struktur Arbeitslose mit Anforderungsniveau Fachkraft,012,Arbeitslosigkeit - Struktur
Arbeitslose mit Anforderungsniveau Helfer,012,27,KRE,,14,27,Arbeitslose mit Anforderungsniveau Helfer,Arbeitslosigkeit - Struktur Arbeitslose mit Anforderungsniveau Helfer,012,Arbeitslosigkeit - Struktur
Offene Stellen mit Anforderungsniveau Experte,012,28,KRE,,16,28,Offene Stellen mit Anforderungsniveau Experte,Arbeitslosigkeit - Struktur Offene Stellen mit Anforderungsniveau Experte,012,Arbeitslosigkeit - Struktur
Offene Stellen mit Anforderungsniveau Spezialist,012,29,KRE,,16,29,Offene Stellen mit Anforderungsniveau Spezialist,Arbeitslosigkeit - Struktur Offene Stellen mit Anforderungsniveau Spezialist,012,Arbeitslosigkeit - Struktur
Offene Stellen mit Anforderungsniveau Fachkraft,012,30,KRE,,16,30,Offene Stellen mit Anforderungsniveau Fachkraft,Arbeitslosigkeit - Struktur Offene Stellen mit Anforderungsniveau Fachkraft,012,Arbeitslosigkeit - Struktur
Offene Stellen mit Anforderungsniveau Helfer,012,31,KRE,,16,31,Offene Stellen mit Anforderungsniveau Helfer,Arbeitslosigkeit - Struktur Offene Stellen mit Anforderungsniveau Helfer,012,Arbeitslosigkeit - Struktur
Baulandpreise,021,46,KRE,,28,46,Baulandpreise,Bauen und Wohnen - Baulandmarkt und Bautätigkeit Baulandpreise,021,Bauen und Wohnen - Baulandmarkt und Bautätigkeit
Baugenehmigungen für Wohnungenje Einwohner,021,47,KRE,,29,47,Baugenehmigungen für Wohnungenje Einwohner,Bauen und Wohnen - Baulandmarkt und Bautätigkeit Baugenehmigungen für Wohnungenje Einwohner,021,Bauen und Wohnen - Baulandmarkt und Bautätigkeit
Baugenehmigungen für Wohnungen in Ein- und Zweifamilienhäusern,021,48,KRE,,21,48,Baugenehmigungen für Wohnungen in Ein- und Zweifamilienhäusern,Bauen und Wohnen - Baulandmarkt und Bautätigkeit Baugenehmigungen für Wohnungen in Ein- und Zweifamilienhäusern,021,Bauen und Wohnen - Baulandmarkt und Bautätigkeit
Baugenehmigungen für Wohnungen in Mehrfamilienhäusern,021,49,KRE,,29,49,Baugenehmigungen für Wohnungen in Mehrfamilienhäusern,Bauen und Wohnen - Baulandmarkt und Bautätigkeit Baugenehmigungen für Wohnungen in Mehrfamilienhäusern,021,Bauen und Wohnen - Baulandmarkt und Bautätigkeit
Fertiggestellte Wohnungen je Wohnung im Bestand,021,50,KRE,,13,50,Fertiggestellte Wohnungen je Wohnung im Bestand,Bauen und Wohnen - Baulandmarkt und Bautätigkeit Fertiggestellte Wohnungen je Wohnung im Bestand,021,Bauen und Wohnen - Baulandmarkt und Bautätigkeit
Neue Ein- und Zweifamilienhäuser,021,51,KRE,,29,51,Neue Ein- und Zweifamilienhäuser,Bauen und Wohnen - Baulandmarkt und Bautätigkeit Neue Ein- und Zweifamilienhäuser,021,Bauen und Wohnen - Baulandmarkt und Bautätigkeit
Neubauwohnungen in Ein- und Zweifamilienhäusern,021,52,KRE,,11,52,Neubauwohnungen in Ein- und Zweifamilienhäusern,Bauen und Wohnen - Baulandmarkt und Bautätigkeit Neubauwohnungen in Ein- und Zweifamilienhäusern,021,Bauen und Wohnen - Baulandmarkt und Bautätigkeit
Neubauwohnungen je Einwohner,021,53,KRE,,29,53,Neubauwohnungen je Einwohner,Bauen und Wohnen - Baulandmarkt und Bautätigkeit Neubauwohnungen je Einwohner,021,Bauen und Wohnen - Baulandmarkt und Bautätigkeit
Neubauwohnungen in Ein- und Zweifamilienhäusern je Einwohner,021,54,KRE,,11,54,Neubauwohnungen in Ein- und Zweifamilienhäusern je Einwohner,Bauen und Wohnen - Baulandmarkt und Bautätigkeit Neubauwohnungen in Ein- und Zweifamilienhäusern je Einwohner,021,Bauen und Wohnen - Baulandmarkt und Bautätigkeit
Neubauwohnungen in Mehrfamilienhäusern je Einwohner,021,55,KRE,,29,55,Neubauwohnungen in Mehrfamilienhäusern je Einwohner,Bauen und Wohnen - Baulandmarkt und Bautätigkeit Neubauwohnungen in Mehrfamilienhäusern je Einwohner,021,Bauen und Wohnen - Baulandmarkt und Bautätigkeit
Fertiggestellte Wohngebäude mit erneuerbarer Heizenergie,021,56,KRE,,8,56,Fertiggestellte Wohngebäude mit erneuerbarer Heizenergie,Bauen und Wohnen - Baulandmarkt und Bautätigkeit Fertiggestellte Wohngebäude mit erneuerbarer Heizenergie,021,Bauen und Wohnen - Baulandmarkt und Bautätigkeit
Fertiggestellte Wohnungen mit erneuerbarer Heizenergie,021,57,KRE,,7,57,Fertiggestellte Wohnungen mit erneuerbarer Heizenergie,Bauen und Wohnen - Baulandmarkt und Bautätigkeit Fertiggestellte Wohnungen mit erneuerbarer Heizenergie,021,Bauen und Wohnen - Baulandmarkt und Bautätigkeit
Angebotsmietpreise,021,58,KRE,,15,58,Angebotsmietpreise,Bauen und Wohnen - Baulandmarkt und Bautätigkeit Angebotsmietpreise,021,Bauen und Wohnen - Baulandmarkt und Bautätigkeit
Bauüberhänge,021,59,KRE,,6,59,Bauüberhänge,Bauen und Wohnen - Baulandmarkt und Bautätigkeit Bauüberhänge,021,Bauen und Wohnen - Baulandmarkt und Bautätigkeit
Ein- und Zweifamilienhäuser,022,60,KRE,,13,60,Ein- und Zweifamilienhäuser,Bauen und Wohnen - Gebäude- und Wohnungsbestand Ein- und Zweifamilienhäuser,022,Bauen und Wohnen - Gebäude- und Wohnungsbestand
Mehrfamilienhäuser,022,61,KRE,,13,61,Mehrfamilienhäuser,Bauen und Wohnen - Gebäude- und Wohnungsbestand Mehrfamilienhäuser,022,Bauen und Wohnen - Gebäude- und Wohnungsbestand
Ein- und Zweiraumwohnungen,022,62,KRE,,13,62,Ein- und Zweiraumwohnungen,Bauen und Wohnen - Gebäude- und Wohnungsbestand Ein- und Zweiraumwohnungen,022,Bauen und Wohnen - Gebäude- und Wohnungsbestand
5- und mehr Raum-Wohnungen,022,63,KRE,,13,63,5- und mehr Raum-Wohnungen,Bauen und Wohnen - Gebäude- und Wohnungsbestand 5- und mehr Raum-Wohnungen,022,Bauen und Wohnen - Gebäude- und Wohnungsbestand
Wohnfläche,022,64,KRE,,13,64,Wohnfläche,Bauen und Wohnen - Gebäude- und Wohnungsbestand Wohnfläche,022,Bauen und Wohnen - Gebäude- und Wohnungsbestand
Wohnungen in Ein- und Zweifamilienhäusern,022,65,KRE,,13,65,Wohnungen in Ein- und Zweifamilienhäusern,Bauen und Wohnen - Gebäude- und Wohnungsbestand Wohnungen in Ein- und Zweifamilienhäusern,022,Bauen und Wohnen - Gebäude- und Wohnungsbestand
Wohnungen in Mehrfamilienhäusern,022,66,KRE,,13,66,Wohnungen in Mehrfamilienhäusern,Bauen und Wohnen - Gebäude- und Wohnungsbestand Wohnungen in Mehrfamilienhäusern,022,Bauen und Wohnen - Gebäude- und Wohnungsbestand
Anteil Minijobs an den Beschäftigungsverhältnissen,033,90,KRE,,21,90,Anteil Minijobs an den Beschäftigungsverhältnissen,Beschäftigung und Erwerbstätigkeit - Atypische Beschäftigung Anteil Minijobs an den Beschäftigungsverhältnissen,033,Beschäftigung und Erwerbstätigkeit - Atypische Beschäftigung
Anteil Minijobs (ausschließlich) an den Beschäftigungsverhältnissen,033,91,KRE,,21,91,Anteil Minijobs (ausschließlich) an den Beschäftigungsverhältnissen,Beschäftigung und Erwerbstätigkeit - Atypische Beschäftigung Anteil Minijobs (ausschließlich) an den Beschäftigungsverhältnissen,033,Beschäftigung und Erwerbstätigkeit - Atypische Beschäftigung
Anteil Minijobs (Nebenverdienst) an den Beschäftigungsverhältnissen,033,92,KRE,,21,92,Anteil Minijobs (Nebenverdienst) an den Beschäftigungsverhältnissen,Beschäftigung und Erwerbstätigkeit - Atypische Beschäftigung Anteil Minijobs (Nebenverdienst) an den Beschäftigungsverhältnissen,033,Beschäftigung und Erwerbstätigkeit - Atypische Beschäftigung
Anteil Minijobs (ausschließlich) an geringfügig Beschäftigten,033,93,KRE,,21,93,Anteil Minijobs (ausschließlich) an geringfügig Beschäftigten,Beschäftigung und Erwerbstätigkeit - Atypische Beschäftigung Anteil Minijobs (ausschließlich) an geringfügig Beschäftigten,033,Beschäftigung und Erwerbstätigkeit - Atypische Beschäftigung
Anteil Minijobs (Nebenverdienst),033,94,KRE,,21,94,Anteil Minijobs (Nebenverdienst),Beschäftigung und Erwerbstätigkeit - Atypische Beschäftigung Anteil Minijobs (Nebenverdienst),033,Beschäftigung und Erwerbstätigkeit - Atypische Beschäftigung
Anteil Minijobs (Frauen),033,95,KRE,,21,95,Anteil Minijobs (Frauen),Beschäftigung und Erwerbstätigkeit - Atypische Beschäftigung Anteil Minijobs (Frauen),033,Beschäftigung und Erwerbstätigkeit - Atypische Beschäftigung
Anteil Minijobs (Männer),033,96,KRE,,21,96,Anteil Minijobs (Männer),Beschäftigung und Erwerbstätigkeit - Atypische Beschäftigung Anteil Minijobs (Männer),033,Beschäftigung und Erwerbstätigkeit - Atypische Beschäftigung
Aufstocker,033,97,KRE,,17,97,Aufstocker,Beschäftigung und Erwerbstätigkeit - Atypische Beschäftigung Aufstocker,033,Beschäftigung und Erwerbstätigkeit - Atypische Beschäftigung
Kurzarbeiter,033,98,KRE,,17,98,Kurzarbeiter,Beschäftigung und Erwerbstätigkeit - Atypische Beschäftigung Kurzarbeiter,033,Beschäftigung und Erwerbstätigkeit - Atypische Beschäftigung
Geringfügig Beschäftigte 65 Jahre und älter,033,99,KRE,,17,99,Geringfügig Beschäftigte 65 Jahre und älter,Beschäftigung und Erwerbstätigkeit - Atypische Beschäftigung Geringfügig Beschäftigte 65 Jahre und älter,033,Beschäftigung und Erwerbstätigkeit - Atypische Beschäftigung
Geringfügig Beschäftigte 65 Jahre und älter männlich,033,100,KRE,,17,100,Geringfügig Beschäftigte 65 Jahre und älter männlich,Beschäftigung und Erwerbstätigkeit - Atypische Beschäftigung Geringfügig Beschäftigte 65 Jahre und älter männlich,033,Beschäftigung und Erwerbstätigkeit - Atypische Beschäftigung
Geringfügig Beschäftigte 65 Jahre und älter weiblich,033,101,KRE,,17,101,Geringfügig Beschäftigte 65 Jahre und älter weiblich,Beschäftigung und Erwerbstätigkeit - Atypische Beschäftigung Geringfügig Beschäftigte 65 Jahre und älter weiblich,033,Beschäftigung und Erwerbstätigkeit - Atypische Beschäftigung
Unterbeschäftigungsquote,033,102,KRE,,11,102,Unterbeschäftigungsquote,Beschäftigung und Erwerbstätigkeit - Atypische Beschäftigung Unterbeschäftigungsquote,033,Beschäftigung und Erwerbstätigkeit - Atypische Beschäftigung
Beschäftigte am AO mit akademischem Berufsabschluss,032,80,KRE,,12,80,Beschäftigte am AO mit akademischem Berufsabschluss,Beschäftigung und Erwerbstätigkeit - Qualifikation Beschäftigte am AO mit akademischem Berufsabschluss,032,Beschäftigung und Erwerbstätigkeit - Qualifikation
Beschäftigte am AO mit Berufsabschluss,032,81,KRE,,12,81,Beschäftigte am AO mit Berufsabschluss,Beschäftigung und Erwerbstätigkeit - Qualifikation Beschäftigte am AO mit Berufsabschluss,032,Beschäftigung und Erwerbstätigkeit - Qualifikation
Beschäftigte am AO ohne Berufsabschluss,032,82,KRE,,12,82,Beschäftigte am AO ohne Berufsabschluss,Beschäftigung und Erwerbstätigkeit - Qualifikation Beschäftigte am AO ohne Berufsabschluss,032,Beschäftigung und Erwerbstätigkeit - Qualifikation
Beschäftigte am WO mit akademischen Abschluss,032,83,KRE,,12,83,Beschäftigte am WO mit akademischen Abschluss,Beschäftigung und Erwerbstätigkeit - Qualifikation Beschäftigte am WO mit akademischen Abschluss,032,Beschäftigung und Erwerbstätigkeit - Qualifikation
Beschäftigte am WO mit Berufsabschluss,032,84,KRE,,12,84,Beschäftigte am WO mit Berufsabschluss,Beschäftigung und Erwerbstätigkeit - Qualifikation Beschäftigte am WO mit Berufsabschluss,032,Beschäftigung und Erwerbstätigkeit - Qualifikation
Beschäftigte am WO ohne Berufsabschluss,032,85,KRE,,12,85,Beschäftigte am WO ohne Berufsabschluss,Beschäftigung und Erwerbstätigkeit - Qualifikation Beschäftigte am WO ohne Berufsabschluss,032,Beschäftigung und Erwerbstätigkeit - Qualifikation
Beschäftigte mit Anforderungsniveau Experte,032,86,KRE,,11,86,Beschäftigte mit Anforderungsniveau Experte,Beschäftigung und Erwerbstätigkeit - Qualifikation Beschäftigte mit Anforderungsniveau Experte,032,Beschäftigung und Erwerbstätigkeit - Qualifikation
Beschäftigte mit Anforderungsniveau Spezialist,032,87,KRE,,11,87,Beschäftigte mit Anforderungsniveau Spezialist,Beschäftigung und Erwerbstätigkeit - Qualifikation Beschäftigte mit Anforderungsniveau Spezialist,032,Beschäftigung und Erwerbstätigkeit - Qualifikation
Beschäftigte mit Anforderungsniveau Fachkraft,032,88,KRE,,11,88,Beschäftigte mit Anforderungsniveau Fachkraft,Beschäftigung und Erwerbstätigkeit - Qualifikation Beschäftigte mit Anforderungsniveau Fachkraft,032,Beschäftigung und Erwerbstätigkeit - Qualifikation
Beschäftigte mit Anforderungsniveau Helfer,032,89,KRE,,11,89,Beschäftigte mit Anforderungsniveau Helfer,Beschäftigung und Erwerbstätigkeit - Qualifikation Beschäftigte mit Anforderungsniveau Helfer,032,Beschäftigung und Erwerbstätigkeit - Qualifikation
Beschäftigtenquote,031,67,KRE,,27,67,Beschäftigtenquote,Beschäftigung und Erwerbstätigkeit - Struktur Beschäftigtenquote,031,Beschäftigung und Erwerbstätigkeit - Struktur
Beschäftigtenquote Frauen,031,68,KRE,,27,68,Beschäftigtenquote Frauen,Beschäftigung und Erwerbstätigkeit - Struktur Beschäftigtenquote Frauen,031,Beschäftigung und Erwerbstätigkeit - Struktur
Beschäftigtenquote Männer,031,69,KRE,,27,69,Beschäftigtenquote Männer,Beschäftigung und Erwerbstätigkeit - Struktur Beschäftigtenquote Männer,031,Beschäftigung und Erwerbstätigkeit - Struktur
Beschäftigtenquote Ausländer,031,70,KRE,,13,70,Beschäftigtenquote Ausländer,Beschäftigung und Erwerbstätigkeit - Struktur Beschäftigtenquote Ausländer,031,Beschäftigung und Erwerbstätigkeit - Struktur
Verhältnis junge zu alte Erwerbsfähige,031,71,KRE,,29,71,Verhältnis junge zu alte Erwerbsfähige,Beschäftigung und Erwerbstätigkeit - Struktur Verhältnis junge zu alte Erwerbsfähige,031,Beschäftigung und Erwerbstätigkeit - Struktur
Quote jüngere Beschäftigte,031,72,KRE,,14,72,Quote jüngere Beschäftigte,Beschäftigung und Erwerbstätigkeit - Struktur Quote jüngere Beschäftigte,031,Beschäftigung und Erwerbstätigkeit - Struktur
Quote ältere Beschäftigte,031,73,KRE,,18,73,Quote ältere Beschäftigte,Beschäftigung und Erwerbstätigkeit - Struktur Quote ältere Beschäftigte,031,Beschäftigung und Erwerbstätigkeit - Struktur
Teilzeitbeschäftigte,031,74,KRE,,12,74,Teilzeitbeschäftigte,Beschäftigung und Erwerbstätigkeit - Struktur Teilzeitbeschäftigte,031,Beschäftigung und Erwerbstätigkeit - Struktur
Teilzeitbeschäftige Frauen,031,75,KRE,,12,75,Teilzeitbeschäftige Frauen,Beschäftigung und Erwerbstätigkeit - Struktur Teilzeitbeschäftige Frauen,031,Beschäftigung und Erwerbstätigkeit - Struktur
Erwerbsquote,031,76,KRE,,26,76,Erwerbsquote,Beschäftigung und Erwerbstätigkeit - Struktur Erwerbsquote,031,Beschäftigung und Erwerbstätigkeit - Struktur
Erwerbsquote Frauen,031,77,KRE,,16,77,Erwerbsquote Frauen,Beschäftigung und Erwerbstätigkeit - Struktur Erwerbsquote Frauen,031,Beschäftigung und Erwerbstätigkeit - Struktur
Erwerbsquote Männer,031,78,KRE,,16,78,Erwerbsquote Männer,Beschäftigung und Erwerbstätigkeit - Struktur Erwerbsquote Männer,031,Beschäftigung und Erwerbstätigkeit - Struktur
Selbstständigenquote,031,79,KRE,,23,79,Selbstständigenquote,Beschäftigung und Erwerbstätigkeit - Struktur Selbstständigenquote,031,Beschäftigung und Erwerbstätigkeit - Struktur
Beschäftigte Pimärer Sektor,034,103,KRE,,16,103,Beschäftigte Pimärer Sektor,Beschäftigung und Erwerbstätigkeit - Wirtschafts- und Berufszweige Beschäftigte Pimärer Sektor,034,Beschäftigung und Erwerbstätigkeit - Wirtschafts- und Berufszweige
Beschäftigte Sekundärer Sektor,034,104,KRE,,16,104,Beschäftigte Sekundärer Sektor,Beschäftigung und Erwerbstätigkeit - Wirtschafts- und Berufszweige Beschäftigte Sekundärer Sektor,034,Beschäftigung und Erwerbstätigkeit - Wirtschafts- und Berufszweige
Beschäftigte Tertiärer Sektor,034,105,KRE,,16,105,Beschäftigte Tertiärer Sektor,Beschäftigung und Erwerbstätigkeit - Wirtschafts- und Berufszweige Beschäftigte Tertiärer Sektor,034,Beschäftigung und Erwerbstätigkeit - Wirtschafts- und Berufszweige
Industriequote,034,106,KRE,,16,106,Industriequote,Beschäftigung und Erwerbstätigkeit - Wirtschafts- und Berufszweige Industriequote,034,Beschäftigung und Erwerbstätigkeit - Wirtschafts- und Berufszweige
Dienstleistungsquote,034,107,KRE,,16,107,Dienstleistungsquote,Beschäftigung und Erwerbstätigkeit - Wirtschafts- und Berufszweige Dienstleistungsquote,034,Beschäftigung und Erwerbstätigkeit - Wirtschafts- und Berufszweige
Beschäftigte in unternehmensbezogenen Dienstleistungen,034,108,KRE,,15,108,Beschäftigte in unternehmensbezogenen Dienstleistungen,Beschäftigung und Erwerbstätigkeit - Wirtschafts- und Berufszweige Beschäftigte in unternehmensbezogenen Dienstleistungen,034,Beschäftigung und Erwerbstätigkeit - Wirtschafts- und Berufszweige
Beschäftigte in Kreativbranchen,034,109,KRE,,16,109,Beschäftigte in Kreativbranchen,Beschäftigung und Erwerbstätigkeit - Wirtschafts- und Berufszweige Beschäftigte in Kreativbranchen,034,Beschäftigung und Erwerbstätigkeit - Wirtschafts- und Berufszweige
Beschäftigte in wissensintensiven Industrien,034,110,KRE,,15,110,Beschäftigte in wissensintensiven Industrien,Beschäftigung und Erwerbstätigkeit - Wirtschafts- und Berufszweige Beschäftigte in wissensintensiven Industrien,034,Beschäftigung und Erwerbstätigkeit - Wirtschafts- und Berufszweige
Beschäftigte in IT- und naturwissenschaftlichen Dienstleistungsberufen,034,111,KRE,,11,111,Beschäftigte in IT- und naturwissenschaftlichen Dienstleistungsberufen,Beschäftigung und Erwerbstätigkeit - Wirtschafts- und Berufszweige Beschäftigte in IT- und naturwissenschaftlichen Dienstleistungsberufen,034,Beschäftigung und Erwerbstätigkeit - Wirtschafts- und Berufszweige
Beschäftigte im Handwerk,034,112,KRE,,13,112,Beschäftigte im Handwerk,Beschäftigung und Erwerbstätigkeit - Wirtschafts- und Berufszweige Beschäftigte im Handwerk,034,Beschäftigung und Erwerbstätigkeit - Wirtschafts- und Berufszweige
Erwerbstätige Primärer Sektor,034,113,KRE,,23,113,Erwerbstätige Primärer Sektor,Beschäftigung und Erwerbstätigkeit - Wirtschafts- und Berufszweige Erwerbstätige Primärer Sektor,034,Beschäftigung und Erwerbstätigkeit - Wirtschafts- und Berufszweige
Erwerbstätige Sekundärer Sektor,034,114,KRE,,23,114,Erwerbstätige Sekundärer Sektor,Beschäftigung und Erwerbstätigkeit - Wirtschafts- und Berufszweige Erwerbstätige Sekundärer Sektor,034,Beschäftigung und Erwerbstätigkeit - Wirtschafts- und Berufszweige
Erwerbstätige Tertiärer Sektor,034,115,KRE,,23,115,Erwerbstätige Tertiärer Sektor,Beschäftigung und Erwerbstätigkeit - Wirtschafts- und Berufszweige Erwerbstätige Tertiärer Sektor,034,Beschäftigung und Erwerbstätigkeit - Wirtschafts- und Berufszweige
Anteil Erwerbstätige Verarbeitendes Gewerbe an Industrie,034,116,KRE,,23,116,Anteil Erwerbstätige Verarbeitendes Gewerbe an Industrie,Beschäftigung und Erwerbstätigkeit - Wirtschafts- und Berufszweige Anteil Erwerbstätige Verarbeitendes Gewerbe an Industrie,034,Beschäftigung und Erwerbstätigkeit - Wirtschafts- und Berufszweige
Anteil Erwerbstätige Finanz- und Unternehmensdienstleistungen,034,117,KRE,,23,117,Anteil Erwerbstätige Finanz- und Unternehmensdienstleistungen,Beschäftigung und Erwerbstätigkeit - Wirtschafts- und Berufszweige Anteil Erwerbstätige Finanz- und Unternehmensdienstleistungen,034,Beschäftigung und Erwerbstätigkeit - Wirtschafts- und Berufszweige
Beschäftigte im Baugewerbe,034,118,KRE,,16,118,Beschäftigte im Baugewerbe,Beschäftigung und Erwerbstätigkeit - Wirtschafts- und Berufszweige Beschäftigte im Baugewerbe,034,Beschäftigung und Erwerbstätigkeit - Wirtschafts- und Berufszweige
Einwohner unter 3 Jahren,041,119,KRE,,29,119,Einwohner unter 3 Jahren,Bevölkerung - Altersstruktur Einwohner unter 3 Jahren,041,Bevölkerung - Altersstruktur
Einwohner von 3 bis unter 6 Jahren,041,120,KRE,,29,120,Einwohner von 3 bis unter 6 Jahren,Bevölkerung - Altersstruktur Einwohner von 3 bis unter 6 Jahren,041,Bevölkerung - Altersstruktur
Einwohner unter 6 Jahre,041,121,KRE,,29,121,Einwohner unter 6 Jahre,Bevölkerung - Altersstruktur Einwohner unter 6 Jahre,041,Bevölkerung - Altersstruktur
Einwohner von 6 bis unter 18 Jahren,041,122,KRE,,29,122,Einwohner von 6 bis unter 18 Jahren,Bevölkerung - Altersstruktur Einwohner von 6 bis unter 18 Jahren,041,Bevölkerung - Altersstruktur
Einwohner von 18 bis unter 25 Jahren,041,123,KRE,,29,123,Einwohner von 18 bis unter 25 Jahren,Bevölkerung - Altersstruktur Einwohner von 18 bis unter 25 Jahren,041,Bevölkerung - Altersstruktur
Einwohner von 25 bis unter 30 Jahren,041,124,KRE,,29,124,Einwohner von 25 bis unter 30 Jahren,Bevölkerung - Altersstruktur Einwohner von 25 bis unter 30 Jahren,041,Bevölkerung - Altersstruktur
Einwohner von 30 bis unter 50 Jahren,041,125,KRE,,29,125,Einwohner von 30 bis unter 50 Jahren,Bevölkerung - Altersstruktur Einwohner von 30 bis unter 50 Jahren,041,Bevölkerung - Altersstruktur
Einwohner von 50 bis unter 65 Jahren,041,126,KRE,,29,126,Einwohner von 50 bis unter 65 Jahren,Bevölkerung - Altersstruktur Einwohner von 50 bis unter 65 Jahren,041,Bevölkerung - Altersstruktur
Einwohner von 65 bis unter 75 Jahren,041,127,KRE,,29,127,Einwohner von 65 bis unter 75 Jahren,Bevölkerung - Altersstruktur Einwohner von 65 bis unter 75 Jahren,041,Bevölkerung - Altersstruktur
Einwohner von 75 bis unter 85 Jahren,041,128,KRE,,13,128,Einwohner von 75 bis unter 85 Jahren,Bevölkerung - Altersstruktur Einwohner von 75 bis unter 85 Jahren,041,Bevölkerung - Altersstruktur
Einwohner 65 Jahre und älter,041,129,KRE,,29,129,Einwohner 65 Jahre und älter,Bevölkerung - Altersstruktur Einwohner 65 Jahre und älter,041,Bevölkerung - Altersstruktur
Einwohner 75 Jahre und älter,041,130,KRE,,29,130,Einwohner 75 Jahre und älter,Bevölkerung - Altersstruktur Einwohner 75 Jahre und älter,041,Bevölkerung - Altersstruktur
Einwohner 85 Jahre und älter,041,131,KRE,,13,131,Einwohner 85 Jahre und älter,Bevölkerung - Altersstruktur Einwohner 85 Jahre und älter,041,Bevölkerung - Altersstruktur
"Einwohner von 18 bis unter 25 Jahren, Frauen",041,132,KRE,,29,132,"Einwohner von 18 bis unter 25 Jahren, Frauen","Bevölkerung - Altersstruktur Einwohner von 18 bis unter 25 Jahren, Frauen",041,Bevölkerung - Altersstruktur
"Einwohner von 25 bis unter 30 Jahren, Frauen",041,133,KRE,,29,133,"Einwohner von 25 bis unter 30 Jahren, Frauen","Bevölkerung - Altersstruktur Einwohner von 25 bis unter 30 Jahren, Frauen",041,Bevölkerung - Altersstruktur
"Einwohner von 65 bis unter 75 Jahren, Frauen",041,134,KRE,,29,134,"Einwohner von 65 bis unter 75 Jahren, Frauen","Bevölkerung - Altersstruktur Einwohner von 65 bis unter 75 Jahren, Frauen",041,Bevölkerung - Altersstruktur
"Einwohner von 75 bis unter 85 Jahren, Frauen",041,135,KRE,,13,135,"Einwohner von 75 bis unter 85 Jahren, Frauen","Bevölkerung - Altersstruktur Einwohner von 75 bis unter 85 Jahren, Frauen",041,Bevölkerung - Altersstruktur
"Einwohner 65 Jahre und älter, Frauen",041,136,KRE,,29,136,"Einwohner 65 Jahre und älter, Frauen","Bevölkerung - Altersstruktur Einwohner 65 Jahre und älter, Frauen",041,Bevölkerung - Altersstruktur
"Einwohner 75 Jahre und älter, Frauen",041,137,KRE,,29,137,"Einwohner 75 Jahre und älter, Frauen","Bevölkerung - Altersstruktur Einwohner 75 Jahre und älter, Frauen",041,Bevölkerung - Altersstruktur
"Einwohner 85 Jahre und älter, Frauen",041,138,KRE,,13,138,"Einwohner 85 Jahre und älter, Frauen","Bevölkerung - Altersstruktur Einwohner 85 Jahre und älter, Frauen",041,Bevölkerung - Altersstruktur
Durchschnittsalter der Bevölkerung,041,139,KRE,,29,139,Durchschnittsalter der Bevölkerung,Bevölkerung - Altersstruktur Durchschnittsalter der Bevölkerung,041,Bevölkerung - Altersstruktur
Eheschließungen,042,140,KRE,,9,140,Eheschließungen,Bevölkerung - Bevölkerungsstruktur Eheschließungen,042,Bevölkerung - Bevölkerungsstruktur
Ehescheidungen,042,141,KRE,,21,141,Ehescheidungen,Bevölkerung - Bevölkerungsstruktur Ehescheidungen,042,Bevölkerung - Bevölkerungsstruktur
Gender-Index,042,142,KRE,,6,142,Gender-Index,Bevölkerung - Bevölkerungsstruktur Gender-Index,042,Bevölkerung - Bevölkerungsstruktur
Ausländeranteil,042,143,KRE,,29,143,Ausländeranteil,Bevölkerung - Bevölkerungsstruktur Ausländeranteil,042,Bevölkerung - Bevölkerungsstruktur
Ausländerinnen,042,144,KRE,,29,144,Ausländerinnen,Bevölkerung - Bevölkerungsstruktur Ausländerinnen,042,Bevölkerung - Bevölkerungsstruktur
Haushaltsgröße,042,145,KRE,,11,145,Haushaltsgröße,Bevölkerung - Bevölkerungsstruktur Haushaltsgröße,042,Bevölkerung - Bevölkerungsstruktur
Einpersonenhaushalte,042,146,KRE,,11,146,Einpersonenhaushalte,Bevölkerung - Bevölkerungsstruktur Einpersonenhaushalte,042,Bevölkerung - Bevölkerungsstruktur
Haushalte mit Kindern,042,147,KRE,,11,147,Haushalte mit Kindern,Bevölkerung - Bevölkerungsstruktur Haushalte mit Kindern,042,Bevölkerung - Bevölkerungsstruktur
Abhängigenquote Junge,042,148,KRE,,29,148,Abhängigenquote Junge,Bevölkerung - Bevölkerungsstruktur Abhängigenquote Junge,042,Bevölkerung - Bevölkerungsstruktur
Abhängigenquote Alte,042,149,KRE,,29,149,Abhängigenquote Alte,Bevölkerung - Bevölkerungsstruktur Abhängigenquote Alte,042,Bevölkerung - Bevölkerungsstruktur
Frauenanteil,042,150,KRE,,29,150,Frauenanteil,Bevölkerung - Bevölkerungsstruktur Frauenanteil,042,Bevölkerung - Bevölkerungsstruktur
Frauenanteil 20 bis unter 40 Jahre,042,151,KRE,,29,151,Frauenanteil 20 bis unter 40 Jahre,Bevölkerung - Bevölkerungsstruktur Frauenanteil 20 bis unter 40 Jahre,042,Bevölkerung - Bevölkerungsstruktur
Einbürgerungen je Ausländer,042,152,KRE,,6,152,Einbürgerungen je Ausländer,Bevölkerung - Bevölkerungsstruktur Einbürgerungen je Ausländer,042,Bevölkerung - Bevölkerungsstruktur
Einbürgerungen je Einwohner,042,153,KRE,,6,153,Einbürgerungen je Einwohner,Bevölkerung - Bevölkerungsstruktur Einbürgerungen je Einwohner,042,Bevölkerung - Bevölkerungsstruktur
Schutzsuchende an Bevölkerung,042,154,KRE,,17,154,Schutzsuchende an Bevölkerung,Bevölkerung - Bevölkerungsstruktur Schutzsuchende an Bevölkerung,042,Bevölkerung - Bevölkerungsstruktur
Schutzsuchende an ausländischer Bevölkerung,042,155,KRE,,17,155,Schutzsuchende an ausländischer Bevölkerung,Bevölkerung - Bevölkerungsstruktur Schutzsuchende an ausländischer Bevölkerung,042,Bevölkerung - Bevölkerungsstruktur
Bevölkerungsentwicklung (10 Jahre),042,156,KRE,,29,156,Bevölkerungsentwicklung (10 Jahre),Bevölkerung - Bevölkerungsstruktur Bevölkerungsentwicklung (10 Jahre),042,Bevölkerung - Bevölkerungsstruktur
Bevölkerungsentwicklung (5 Jahre),042,157,KRE,,29,157,Bevölkerungsentwicklung (5 Jahre),Bevölkerung - Bevölkerungsstruktur Bevölkerungsentwicklung (5 Jahre),042,Bevölkerung - Bevölkerungsstruktur
Prognostizierte Bevölkerungsentwicklung (2022-2030),042,158,KRE,,,158,Prognostizierte Bevölkerungsentwicklung (2022-2030),Bevölkerung - Bevölkerungsstruktur Prognostizierte Bevölkerungsentwicklung (2022-2030),042,Bevölkerung - Bevölkerungsstruktur
Prognostizierte Bevölkerungsentwicklung (2022-2035),042,159,KRE,,,159,Prognostizierte Bevölkerungsentwicklung (2022-2035),Bevölkerung - Bevölkerungsstruktur Prognostizierte Bevölkerungsentwicklung (2022-2035),042,Bevölkerung - Bevölkerungsstruktur
Prognostizierte Bevölkerungsentwicklung (2022-2040),042,160,KRE,,,160,Prognostizierte Bevölkerungsentwicklung (2022-2040),Bevölkerung - Bevölkerungsstruktur Prognostizierte Bevölkerungsentwicklung (2022-2040),042,Bevölkerung - Bevölkerungsstruktur
Prognostizierte Bevölkerungsentwicklung (2022-2045),042,161,KRE,,,161,Prognostizierte Bevölkerungsentwicklung (2022-2045),Bevölkerung - Bevölkerungsstruktur Prognostizierte Bevölkerungsentwicklung (2022-2045),042,Bevölkerung - Bevölkerungsstruktur
Wahlbeteiligung,045,194,KRE,,8,194,Wahlbeteiligung,Bevölkerung - Bundestagswahlen Wahlbeteiligung,045,Bevölkerung - Bundestagswahlen
Stimmenanteile CDU/CSU,045,195,KRE,,8,195,Stimmenanteile CDU/CSU,Bevölkerung - Bundestagswahlen Stimmenanteile CDU/CSU,045,Bevölkerung - Bundestagswahlen
Stimmenanteile SPD,045,196,KRE,,8,196,Stimmenanteile SPD,Bevölkerung - Bundestagswahlen Stimmenanteile SPD,045,Bevölkerung - Bundestagswahlen
Stimmenanteile Grüne,045,197,KRE,,8,197,Stimmenanteile Grüne,Bevölkerung - Bundestagswahlen Stimmenanteile Grüne,045,Bevölkerung - Bundestagswahlen
Stimmenanteile FDP,045,198,KRE,,8,198,Stimmenanteile FDP,Bevölkerung - Bundestagswahlen Stimmenanteile FDP,045,Bevölkerung - Bundestagswahlen
Stimmenanteile Sonstige Parteien,045,199,KRE,,8,199,Stimmenanteile Sonstige Parteien,Bevölkerung - Bundestagswahlen Stimmenanteile Sonstige Parteien,045,Bevölkerung - Bundestagswahlen
Stimmenanteile Die Linke,045,200,KRE,,8,200,Stimmenanteile Die Linke,Bevölkerung - Bundestagswahlen Stimmenanteile Die Linke,045,Bevölkerung - Bundestagswahlen
Stimmenanteile AfD,045,201,KRE,,3,201,Stimmenanteile AfD,Bevölkerung - Bundestagswahlen Stimmenanteile AfD,045,Bevölkerung - Bundestagswahlen
Geborene,044,187,KRE,,29,187,Geborene,Bevölkerung - Natürliche Bevölkerungsbewegungen Geborene,044,Bevölkerung - Natürliche Bevölkerungsbewegungen
Gestorbene,044,188,KRE,,29,188,Gestorbene,Bevölkerung - Natürliche Bevölkerungsbewegungen Gestorbene,044,Bevölkerung - Natürliche Bevölkerungsbewegungen
Natürlicher Saldo,044,189,KRE,,29,189,Natürlicher Saldo,Bevölkerung - Natürliche Bevölkerungsbewegungen Natürlicher Saldo,044,Bevölkerung - Natürliche Bevölkerungsbewegungen
Fertilitätsrate,044,190,KRE,,29,190,Fertilitätsrate,Bevölkerung - Natürliche Bevölkerungsbewegungen Fertilitätsrate,044,Bevölkerung - Natürliche Bevölkerungsbewegungen
Geburten junger Mütter (<20 Jahre),044,191,KRE,,29,191,Geburten junger Mütter (<20 Jahre),Bevölkerung - Natürliche Bevölkerungsbewegungen Geburten junger Mütter (<20 Jahre),044,Bevölkerung - Natürliche Bevölkerungsbewegungen
Geburten älterer Mütter (>=40 Jahre),044,192,KRE,,29,192,Geburten älterer Mütter (>=40 Jahre),Bevölkerung - Natürliche Bevölkerungsbewegungen Geburten älterer Mütter (>=40 Jahre),044,Bevölkerung - Natürliche Bevölkerungsbewegungen
Säuglingssterblichkeit (<1 Jahr),044,193,KRE,,20,193,Säuglingssterblichkeit (<1 Jahr),Bevölkerung - Natürliche Bevölkerungsbewegungen Säuglingssterblichkeit (<1 Jahr),044,Bevölkerung - Natürliche Bevölkerungsbewegungen
Straftaten,046,202,KRE,,6,202,Straftaten,Bevölkerung - Sicherheit Straftaten,046,Bevölkerung - Sicherheit
Wohnungseinbruchdiebstahl,046,203,KRE,,6,203,Wohnungseinbruchdiebstahl,Bevölkerung - Sicherheit Wohnungseinbruchdiebstahl,046,Bevölkerung - Sicherheit
Gesamtwanderungssaldo,043,162,KRE,,29,162,Gesamtwanderungssaldo,Bevölkerung - Wanderungen Gesamtwanderungssaldo,043,Bevölkerung - Wanderungen
Außenwanderungssaldo,043,163,KRE,,29,163,Außenwanderungssaldo,Bevölkerung - Wanderungen Außenwanderungssaldo,043,Bevölkerung - Wanderungen
Außenwanderungssaldo Frauen,043,164,KRE,,21,164,Außenwanderungssaldo Frauen,Bevölkerung - Wanderungen Außenwanderungssaldo Frauen,043,Bevölkerung - Wanderungen
Außenwanderungssaldo Männer,043,165,KRE,,21,165,Außenwanderungssaldo Männer,Bevölkerung - Wanderungen Außenwanderungssaldo Männer,043,Bevölkerung - Wanderungen
Binnenwanderungssaldo,043,166,KRE,,29,166,Binnenwanderungssaldo,Bevölkerung - Wanderungen Binnenwanderungssaldo,043,Bevölkerung - Wanderungen
Binnenwanderungssaldo Frauen,043,167,KRE,,21,167,Binnenwanderungssaldo Frauen,Bevölkerung - Wanderungen Binnenwanderungssaldo Frauen,043,Bevölkerung - Wanderungen
Binnenwanderungssaldo Männer,043,168,KRE,,21,168,Binnenwanderungssaldo Männer,Bevölkerung - Wanderungen Binnenwanderungssaldo Männer,043,Bevölkerung - Wanderungen
Bildungswanderer,043,169,KRE,,29,169,Bildungswanderer,Bevölkerung - Wanderungen Bildungswanderer,043,Bevölkerung - Wanderungen
Weibliche Bildungswanderer,043,170,KRE,,21,170,Weibliche Bildungswanderer,Bevölkerung - Wanderungen Weibliche Bildungswanderer,043,Bevölkerung - Wanderungen
Männliche Bildungswanderer,043,171,KRE,,21,171,Männliche Bildungswanderer,Bevölkerung - Wanderungen Männliche Bildungswanderer,043,Bevölkerung - Wanderungen
Berufseinstiegswanderer,043,172,KRE,,29,172,Berufseinstiegswanderer,Bevölkerung - Wanderungen Berufseinstiegswanderer,043,Bevölkerung - Wanderungen
Weibliche Berufseinstiegswanderer,043,173,KRE,,21,173,Weibliche Berufseinstiegswanderer,Bevölkerung - Wanderungen Weibliche Berufseinstiegswanderer,043,Bevölkerung - Wanderungen
Männliche Berufseinstiegswanderer,043,174,KRE,,21,174,Männliche Berufseinstiegswanderer,Bevölkerung - Wanderungen Männliche Berufseinstiegswanderer,043,Bevölkerung - Wanderungen
Ruhestandswanderer,043,175,KRE,,29,175,Ruhestandswanderer,Bevölkerung - Wanderungen Ruhestandswanderer,043,Bevölkerung - Wanderungen
Familienwanderer,043,176,KRE,,29,176,Familienwanderer,Bevölkerung - Wanderungen Familienwanderer,043,Bevölkerung - Wanderungen
Erwerbswanderer,043,177,KRE,,29,177,Erwerbswanderer,Bevölkerung - Wanderungen Erwerbswanderer,043,Bevölkerung - Wanderungen
Binnenwanderungsvolumen,043,178,KRE,,29,178,Binnenwanderungsvolumen,Bevölkerung - Wanderungen Binnenwanderungsvolumen,043,Bevölkerung - Wanderungen
Binnenwanderungsvolumen der Frauen,043,179,KRE,,21,179,Binnenwanderungsvolumen der Frauen,Bevölkerung - Wanderungen Binnenwanderungsvolumen der Frauen,043,Bevölkerung - Wanderungen
Binnenwanderungsvolumen der Männer,043,180,KRE,,21,180,Binnenwanderungsvolumen der Männer,Bevölkerung - Wanderungen Binnenwanderungsvolumen der Männer,043,Bevölkerung - Wanderungen
Zuzugsrate,043,181,KRE,,29,181,Zuzugsrate,Bevölkerung - Wanderungen Zuzugsrate,043,Bevölkerung - Wanderungen
Fortzugsrate,043,182,KRE,,29,182,Fortzugsrate,Bevölkerung - Wanderungen Fortzugsrate,043,Bevölkerung - Wanderungen
Zuzugsrate Frauen,043,183,KRE,,21,183,Zuzugsrate Frauen,Bevölkerung - Wanderungen Zuzugsrate Frauen,043,Bevölkerung - Wanderungen
Fortzugsrate Frauen,043,184,KRE,,21,184,Fortzugsrate Frauen,Bevölkerung - Wanderungen Fortzugsrate Frauen,043,Bevölkerung - Wanderungen
Zuzugsrate Männer,043,185,KRE,,21,185,Zuzugsrate Männer,Bevölkerung - Wanderungen Zuzugsrate Männer,043,Bevölkerung - Wanderungen
Fortzugsrate Männer,043,186,KRE,,21,186,Fortzugsrate Männer,Bevölkerung - Wanderungen Fortzugsrate Männer,043,Bevölkerung - Wanderungen
Berufsschüler,051,204,KRE,,29,204,Berufsschüler,Bildung - Ausbildungsangebot Berufsschüler,051,Bildung - Ausbildungsangebot
Berufsschülerinnen,051,205,KRE,,29,205,Berufsschülerinnen,Bildung - Ausbildungsangebot Berufsschülerinnen,051,Bildung - Ausbildungsangebot
Ausländische Berufsschüler,051,206,KRE,,29,206,Ausländische Berufsschüler,Bildung - Ausbildungsangebot Ausländische Berufsschüler,051,Bildung - Ausbildungsangebot
Ausbildungsplätze,051,207,KRE,,30,207,Ausbildungsplätze,Bildung - Ausbildungsangebot Ausbildungsplätze,051,Bildung - Ausbildungsangebot
Auszubildende,051,208,KRE,,29,208,Auszubildende,Bildung - Ausbildungsangebot Auszubildende,051,Bildung - Ausbildungsangebot
Weibliche Auszubildende,051,209,KRE,,29,209,Weibliche Auszubildende,Bildung - Ausbildungsangebot Weibliche Auszubildende,051,Bildung - Ausbildungsangebot
Männliche Auszubildende,051,210,KRE,,29,210,Männliche Auszubildende,Bildung - Ausbildungsangebot Männliche Auszubildende,051,Bildung - Ausbildungsangebot
Auszubildende je 100 Einwohner 15 bis 25 Jahre,051,211,KRE,,14,211,Auszubildende je 100 Einwohner 15 bis 25 Jahre,Bildung - Ausbildungsangebot Auszubildende je 100 Einwohner 15 bis 25 Jahre,051,Bildung - Ausbildungsangebot
Studierende,051,212,KRE,,29,212,Studierende,Bildung - Ausbildungsangebot Studierende,051,Bildung - Ausbildungsangebot
Studierende an FH,051,213,KRE,,18,213,Studierende an FH,Bildung - Ausbildungsangebot Studierende an FH,051,Bildung - Ausbildungsangebot
Weibliche Studierende,051,214,KRE,,29,214,Weibliche Studierende,Bildung - Ausbildungsangebot Weibliche Studierende,051,Bildung - Ausbildungsangebot
Männliche Studierende,051,215,KRE,,29,215,Männliche Studierende,Bildung - Ausbildungsangebot Männliche Studierende,051,Bildung - Ausbildungsangebot
Ausländische Studierende,051,216,KRE,,26,216,Ausländische Studierende,Bildung - Ausbildungsangebot Ausländische Studierende,051,Bildung - Ausbildungsangebot
Studierende im 1. Semester,051,217,KRE,,29,217,Studierende im 1. Semester,Bildung - Ausbildungsangebot Studierende im 1. Semester,051,Bildung - Ausbildungsangebot
Studierende je 100 Einwohner 18 bis 25 Jahre,051,218,KRE,,29,218,Studierende je 100 Einwohner 18 bis 25 Jahre,Bildung - Ausbildungsangebot Studierende je 100 Einwohner 18 bis 25 Jahre,051,Bildung - Ausbildungsangebot
Schüler,052,219,KRE,,29,219,Schüler,Bildung - Schulische Bildung Schüler,052,Bildung - Schulische Bildung
Ausländische Schüler,052,220,KRE,,29,220,Ausländische Schüler,Bildung - Schulische Bildung Ausländische Schüler,052,Bildung - Schulische Bildung
Ausländische Schüler je 100 Ausländer 6 bis 18 Jahre,052,221,KRE,,13,221,Ausländische Schüler je 100 Ausländer 6 bis 18 Jahre,Bildung - Schulische Bildung Ausländische Schüler je 100 Ausländer 6 bis 18 Jahre,052,Bildung - Schulische Bildung
Schulabgänger mit allgemeiner Hochschulreife,052,222,KRE,,29,222,Schulabgänger mit allgemeiner Hochschulreife,Bildung - Schulische Bildung Schulabgänger mit allgemeiner Hochschulreife,052,Bildung - Schulische Bildung
Weibliche Schulabgänger mit allgemeiner Hochschulreife,052,223,KRE,,29,223,Weibliche Schulabgänger mit allgemeiner Hochschulreife,Bildung - Schulische Bildung Weibliche Schulabgänger mit allgemeiner Hochschulreife,052,Bildung - Schulische Bildung
Männliche Schulabgänger mit allgemeiner Hochschulreife,052,224,KRE,,29,224,Männliche Schulabgänger mit allgemeiner Hochschulreife,Bildung - Schulische Bildung Männliche Schulabgänger mit allgemeiner Hochschulreife,052,Bildung - Schulische Bildung
Schulabgänger mit mittlerem Abschluss,052,225,KRE,,8,225,Schulabgänger mit mittlerem Abschluss,Bildung - Schulische Bildung Schulabgänger mit mittlerem Abschluss,052,Bildung - Schulische Bildung
Weibliche Schulabgänger mit mittlerem Abschluss,052,226,KRE,,8,226,Weibliche Schulabgänger mit mittlerem Abschluss,Bildung - Schulische Bildung Weibliche Schulabgänger mit mittlerem Abschluss,052,Bildung - Schulische Bildung
Männliche Schulabgänger mit mittlerem Abschluss,052,227,KRE,,8,227,Männliche Schulabgänger mit mittlerem Abschluss,Bildung - Schulische Bildung Männliche Schulabgänger mit mittlerem Abschluss,052,Bildung - Schulische Bildung
Schulabgänger mit Hauptschulabschluss,052,228,KRE,,29,228,Schulabgänger mit Hauptschulabschluss,Bildung - Schulische Bildung Schulabgänger mit Hauptschulabschluss,052,Bildung - Schulische Bildung
Weibliche Schulabgänger mit Hauptschulabschluss,052,229,KRE,,29,229,Weibliche Schulabgänger mit Hauptschulabschluss,Bildung - Schulische Bildung Weibliche Schulabgänger mit Hauptschulabschluss,052,Bildung - Schulische Bildung
Männliche Schulabgänger mit Hauptschulabschluss,052,230,KRE,,29,230,Männliche Schulabgänger mit Hauptschulabschluss,Bildung - Schulische Bildung Männliche Schulabgänger mit Hauptschulabschluss,052,Bildung - Schulische Bildung
Schulabgänger ohne Abschluss,052,231,KRE,,29,231,Schulabgänger ohne Abschluss,Bildung - Schulische Bildung Schulabgänger ohne Abschluss,052,Bildung - Schulische Bildung
Weibliche Schulabgänger ohne Abschluss,052,232,KRE,,29,232,Weibliche Schulabgänger ohne Abschluss,Bildung - Schulische Bildung Weibliche Schulabgänger ohne Abschluss,052,Bildung - Schulische Bildung
Männliche Schulabgänger ohne Abschluss,052,233,KRE,,29,233,Männliche Schulabgänger ohne Abschluss,Bildung - Schulische Bildung Männliche Schulabgänger ohne Abschluss,052,Bildung - Schulische Bildung
Siedlungs- und Verkehrsfläche,071,255,KRE,,8,255,Siedlungs- und Verkehrsfläche,Flächennutzung und Umwelt - Flächennutzung Siedlungs- und Verkehrsfläche,071,Flächennutzung und Umwelt - Flächennutzung
Siedlungsdichte in km²,071,256,KRE,,8,256,Siedlungsdichte in km²,Flächennutzung und Umwelt - Flächennutzung Siedlungsdichte in km²,071,Flächennutzung und Umwelt - Flächennutzung
Erholungsfläche,071,257,KRE,,8,257,Erholungsfläche,Flächennutzung und Umwelt - Flächennutzung Erholungsfläche,071,Flächennutzung und Umwelt - Flächennutzung
Erholungsfläche je Einwohner,071,258,KRE,,8,258,Erholungsfläche je Einwohner,Flächennutzung und Umwelt - Flächennutzung Erholungsfläche je Einwohner,071,Flächennutzung und Umwelt - Flächennutzung
Freifläche,071,259,KRE,,8,259,Freifläche,Flächennutzung und Umwelt - Flächennutzung Freifläche,071,Flächennutzung und Umwelt - Flächennutzung
Freifläche je Einwohner,071,260,KRE,,8,260,Freifläche je Einwohner,Flächennutzung und Umwelt - Flächennutzung Freifläche je Einwohner,071,Flächennutzung und Umwelt - Flächennutzung
Landwirtschaftsfläche,071,261,KRE,,8,261,Landwirtschaftsfläche,Flächennutzung und Umwelt - Flächennutzung Landwirtschaftsfläche,071,Flächennutzung und Umwelt - Flächennutzung
Naturnähere Fläche,071,262,KRE,,8,262,Naturnähere Fläche,Flächennutzung und Umwelt - Flächennutzung Naturnähere Fläche,071,Flächennutzung und Umwelt - Flächennutzung
Naturnähere Fläche je Einwohner,071,263,KRE,,8,263,Naturnähere Fläche je Einwohner,Flächennutzung und Umwelt - Flächennutzung Naturnähere Fläche je Einwohner,071,Flächennutzung und Umwelt - Flächennutzung
Waldfläche,071,264,KRE,,8,264,Waldfläche,Flächennutzung und Umwelt - Flächennutzung Waldfläche,071,Flächennutzung und Umwelt - Flächennutzung
Wasserfläche,071,265,KRE,,8,265,Wasserfläche,Flächennutzung und Umwelt - Flächennutzung Wasserfläche,071,Flächennutzung und Umwelt - Flächennutzung
Flächenneuinanspruchnahme,071,266,KRE,,7,266,Flächenneuinanspruchnahme,Flächennutzung und Umwelt - Flächennutzung Flächenneuinanspruchnahme,071,Flächennutzung und Umwelt - Flächennutzung
Abfallmenge,072,267,KRE,,21,267,Abfallmenge,Flächennutzung und Umwelt - Umwelt Abfallmenge,072,Flächennutzung und Umwelt - Umwelt
Haushaltsabfälle,072,268,KRE,,17,268,Haushaltsabfälle,Flächennutzung und Umwelt - Umwelt Haushaltsabfälle,072,Flächennutzung und Umwelt - Umwelt
Haus- und Sperrmüll,072,269,KRE,,17,269,Haus- und Sperrmüll,Flächennutzung und Umwelt - Umwelt Haus- und Sperrmüll,072,Flächennutzung und Umwelt - Umwelt
Organischer Abfall,072,270,KRE,,17,270,Organischer Abfall,Flächennutzung und Umwelt - Umwelt Organischer Abfall,072,Flächennutzung und Umwelt - Umwelt
Wertstoffe,072,271,KRE,,17,271,Wertstoffe,Flächennutzung und Umwelt - Umwelt Wertstoffe,072,Flächennutzung und Umwelt - Umwelt
Stickstoffüberschuss,072,272,KRE,,28,272,Stickstoffüberschuss,Flächennutzung und Umwelt - Umwelt Stickstoffüberschuss,072,Flächennutzung und Umwelt - Umwelt
Trinkwasserverbrauch,072,273,KRE,,9,273,Trinkwasserverbrauch,Flächennutzung und Umwelt - Umwelt Trinkwasserverbrauch,072,Flächennutzung und Umwelt - Umwelt
Krankenhausbetten,081,274,KRE,,19,274,Krankenhausbetten,Medizinische und soziale Versorgung - Medizinische Versorgung Krankenhausbetten,081,Medizinische und soziale Versorgung - Medizinische Versorgung
Ärzte,081,275,KRE,,10,275,Ärzte,Medizinische und soziale Versorgung - Medizinische Versorgung Ärzte,081,Medizinische und soziale Versorgung - Medizinische Versorgung
Hausärzte,081,276,KRE,,10,276,Hausärzte,Medizinische und soziale Versorgung - Medizinische Versorgung Hausärzte,081,Medizinische und soziale Versorgung - Medizinische Versorgung
Allgemeinärzte,081,277,KRE,,10,277,Allgemeinärzte,Medizinische und soziale Versorgung - Medizinische Versorgung Allgemeinärzte,081,Medizinische und soziale Versorgung - Medizinische Versorgung
Internisten,081,278,KRE,,10,278,Internisten,Medizinische und soziale Versorgung - Medizinische Versorgung Internisten,081,Medizinische und soziale Versorgung - Medizinische Versorgung
Kinderärzte,081,279,KRE,,10,279,Kinderärzte,Medizinische und soziale Versorgung - Medizinische Versorgung Kinderärzte,081,Medizinische und soziale Versorgung - Medizinische Versorgung
Pflegebedürftige,082,280,KRE,,8,280,Pflegebedürftige,Medizinische und soziale Versorgung - Soziale Versorgung Pflegebedürftige,082,Medizinische und soziale Versorgung - Soziale Versorgung
Ambulante Pflege,082,281,KRE,,8,281,Ambulante Pflege,Medizinische und soziale Versorgung - Soziale Versorgung Ambulante Pflege,082,Medizinische und soziale Versorgung - Soziale Versorgung
Stationäre Pflege,082,282,KRE,,8,282,Stationäre Pflege,Medizinische und soziale Versorgung - Soziale Versorgung Stationäre Pflege,082,Medizinische und soziale Versorgung - Soziale Versorgung
Empfänger von Pflegegeld,082,283,KRE,,8,283,Empfänger von Pflegegeld,Medizinische und soziale Versorgung - Soziale Versorgung Empfänger von Pflegegeld,082,Medizinische und soziale Versorgung - Soziale Versorgung
Personal in Pflegeheimen,082,284,KRE,,8,284,Personal in Pflegeheimen,Medizinische und soziale Versorgung - Soziale Versorgung Personal in Pflegeheimen,082,Medizinische und soziale Versorgung - Soziale Versorgung
Personal in Pflegediensten,082,285,KRE,,8,285,Personal in Pflegediensten,Medizinische und soziale Versorgung - Soziale Versorgung Personal in Pflegediensten,082,Medizinische und soziale Versorgung - Soziale Versorgung
Pflegeheimplätze,082,286,KRE,,11,286,Pflegeheimplätze,Medizinische und soziale Versorgung - Soziale Versorgung Pflegeheimplätze,082,Medizinische und soziale Versorgung - Soziale Versorgung
Betreuungsquote Kleinkinder,082,287,KRE,,18,287,Betreuungsquote Kleinkinder,Medizinische und soziale Versorgung - Soziale Versorgung Betreuungsquote Kleinkinder,082,Medizinische und soziale Versorgung - Soziale Versorgung
Ganztags-Betreuungsquote Kleinkinder,082,288,KRE,,17,288,Ganztags-Betreuungsquote Kleinkinder,Medizinische und soziale Versorgung - Soziale Versorgung Ganztags-Betreuungsquote Kleinkinder,082,Medizinische und soziale Versorgung - Soziale Versorgung
Betreuungsquote Vorschulkinder,082,289,KRE,,18,289,Betreuungsquote Vorschulkinder,Medizinische und soziale Versorgung - Soziale Versorgung Betreuungsquote Vorschulkinder,082,Medizinische und soziale Versorgung - Soziale Versorgung
Ganztags-Betreuungsquote Vorschulkinder,082,290,KRE,,17,290,Ganztags-Betreuungsquote Vorschulkinder,Medizinische und soziale Versorgung - Soziale Versorgung Ganztags-Betreuungsquote Vorschulkinder,082,Medizinische und soziale Versorgung - Soziale Versorgung
Kinder ausländischer Herkunft in Tageseinrichtungen,082,291,KRE,,10,291,Kinder ausländischer Herkunft in Tageseinrichtungen,Medizinische und soziale Versorgung - Soziale Versorgung Kinder ausländischer Herkunft in Tageseinrichtungen,082,Medizinische und soziale Versorgung - Soziale Versorgung
Pädagogisches Personal in Tageseinrichtungen,082,292,KRE,,14,292,Pädagogisches Personal in Tageseinrichtungen,Medizinische und soziale Versorgung - Soziale Versorgung Pädagogisches Personal in Tageseinrichtungen,082,Medizinische und soziale Versorgung - Soziale Versorgung
Integrative Kindertageseinrichtungen,082,293,KRE,,17,293,Integrative Kindertageseinrichtungen,Medizinische und soziale Versorgung - Soziale Versorgung Integrative Kindertageseinrichtungen,082,Medizinische und soziale Versorgung - Soziale Versorgung
Steuerkraft,090,294,KRE,,29,294,Steuerkraft,Öffentliche Finanzen - Öffentliche Finanzen Steuerkraft,090,Öffentliche Finanzen - Öffentliche Finanzen
Einkommensteuer,090,295,KRE,,29,295,Einkommensteuer,Öffentliche Finanzen - Öffentliche Finanzen Einkommensteuer,090,Öffentliche Finanzen - Öffentliche Finanzen
Gewerbesteuer,090,296,KRE,,29,296,Gewerbesteuer,Öffentliche Finanzen - Öffentliche Finanzen Gewerbesteuer,090,Öffentliche Finanzen - Öffentliche Finanzen
Umsatzsteuer,090,297,KRE,,26,297,Umsatzsteuer,Öffentliche Finanzen - Öffentliche Finanzen Umsatzsteuer,090,Öffentliche Finanzen - Öffentliche Finanzen
Schlüsselzuweisungen,090,298,KRE,,26,298,Schlüsselzuweisungen,Öffentliche Finanzen - Öffentliche Finanzen Schlüsselzuweisungen,090,Öffentliche Finanzen - Öffentliche Finanzen
Kommunale Schulden,090,299,KRE,,14,299,Kommunale Schulden,Öffentliche Finanzen - Öffentliche Finanzen Kommunale Schulden,090,Öffentliche Finanzen - Öffentliche Finanzen
Kassenkredite,090,300,KRE,,14,300,Kassenkredite,Öffentliche Finanzen - Öffentliche Finanzen Kassenkredite,090,Öffentliche Finanzen - Öffentliche Finanzen
Personal der Kommunen,090,301,KRE,,18,301,Personal der Kommunen,Öffentliche Finanzen - Öffentliche Finanzen Personal der Kommunen,090,Öffentliche Finanzen - Öffentliche Finanzen
Ausgaben für Sachinvestitionen,090,302,KRE,,12,302,Ausgaben für Sachinvestitionen,Öffentliche Finanzen - Öffentliche Finanzen Ausgaben für Sachinvestitionen,090,Öffentliche Finanzen - Öffentliche Finanzen
Zuweisungen für Investitionsfördermaßnahmen,090,303,KRE,,12,303,Zuweisungen für Investitionsfördermaßnahmen,Öffentliche Finanzen - Öffentliche Finanzen Zuweisungen für Investitionsfördermaßnahmen,090,Öffentliche Finanzen - Öffentliche Finanzen
Steuereinnahmen,090,304,KRE,,29,304,Steuereinnahmen,Öffentliche Finanzen - Öffentliche Finanzen Steuereinnahmen,090,Öffentliche Finanzen - Öffentliche Finanzen
Bruttoverdienst,060,234,KRE,,23,234,Bruttoverdienst,"Privateinkommen, Private Schulden - Privateinkommen, Private Schulden Bruttoverdienst",060,"Privateinkommen, Private Schulden - Privateinkommen, Private Schulden"
Bruttoverdienst im Produzierenden Gewerbe,060,235,KRE,,23,235,Bruttoverdienst im Produzierenden Gewerbe,"Privateinkommen, Private Schulden - Privateinkommen, Private Schulden Bruttoverdienst im Produzierenden Gewerbe",060,"Privateinkommen, Private Schulden - Privateinkommen, Private Schulden"
Medianeinkommen,060,236,KRE,,10,236,Medianeinkommen,"Privateinkommen, Private Schulden - Privateinkommen, Private Schulden Medianeinkommen",060,"Privateinkommen, Private Schulden - Privateinkommen, Private Schulden"
Medianeinkommen Frauen,060,237,KRE,,10,237,Medianeinkommen Frauen,"Privateinkommen, Private Schulden - Privateinkommen, Private Schulden Medianeinkommen Frauen",060,"Privateinkommen, Private Schulden - Privateinkommen, Private Schulden"
Medianeinkommen Männer,060,238,KRE,,10,238,Medianeinkommen Männer,"Privateinkommen, Private Schulden - Privateinkommen, Private Schulden Medianeinkommen Männer",060,"Privateinkommen, Private Schulden - Privateinkommen, Private Schulden"
Medianeinkommen 25 bis unter 55-Jährige,060,239,KRE,,10,239,Medianeinkommen 25 bis unter 55-Jährige,"Privateinkommen, Private Schulden - Privateinkommen, Private Schulden Medianeinkommen 25 bis unter 55-Jährige",060,"Privateinkommen, Private Schulden - Privateinkommen, Private Schulden"
Medianeinkommen 55 bis unter 65-Jährige,060,240,KRE,,10,240,Medianeinkommen 55 bis unter 65-Jährige,"Privateinkommen, Private Schulden - Privateinkommen, Private Schulden Medianeinkommen 55 bis unter 65-Jährige",060,"Privateinkommen, Private Schulden - Privateinkommen, Private Schulden"
Medianeinkommen anerkannter Berufsabschluss,060,241,KRE,,10,241,Medianeinkommen anerkannter Berufsabschluss,"Privateinkommen, Private Schulden - Privateinkommen, Private Schulden Medianeinkommen anerkannter Berufsabschluss",060,"Privateinkommen, Private Schulden - Privateinkommen, Private Schulden"
Medianeinkommen akademischer Berufsabschluss,060,242,KRE,,10,242,Medianeinkommen akademischer Berufsabschluss,"Privateinkommen, Private Schulden - Privateinkommen, Private Schulden Medianeinkommen akademischer Berufsabschluss",060,"Privateinkommen, Private Schulden - Privateinkommen, Private Schulden"
Verdienstabstand zwischen Frauen und Männern,060,243,KRE,,10,243,Verdienstabstand zwischen Frauen und Männern,"Privateinkommen, Private Schulden - Privateinkommen, Private Schulden Verdienstabstand zwischen Frauen und Männern",060,"Privateinkommen, Private Schulden - Privateinkommen, Private Schulden"
Monatliches Haushaltseinkommen,060,244,KRE,,23,244,Monatliches Haushaltseinkommen,"Privateinkommen, Private Schulden - Privateinkommen, Private Schulden Monatliches Haushaltseinkommen",060,"Privateinkommen, Private Schulden - Privateinkommen, Private Schulden"
Haushalte mit niedrigem Einkommen,060,245,KRE,,11,245,Haushalte mit niedrigem Einkommen,"Privateinkommen, Private Schulden - Privateinkommen, Private Schulden Haushalte mit niedrigem Einkommen",060,"Privateinkommen, Private Schulden - Privateinkommen, Private Schulden"
Haushalte mit mittlerem Einkommen,060,246,KRE,,11,246,Haushalte mit mittlerem Einkommen,"Privateinkommen, Private Schulden - Privateinkommen, Private Schulden Haushalte mit mittlerem Einkommen",060,"Privateinkommen, Private Schulden - Privateinkommen, Private Schulden"
Haushalte mit hohem Einkommen,060,247,KRE,,11,247,Haushalte mit hohem Einkommen,"Privateinkommen, Private Schulden - Privateinkommen, Private Schulden Haushalte mit hohem Einkommen",060,"Privateinkommen, Private Schulden - Privateinkommen, Private Schulden"
Kaufkraft,060,248,KRE,,11,248,Kaufkraft,"Privateinkommen, Private Schulden - Privateinkommen, Private Schulden Kaufkraft",060,"Privateinkommen, Private Schulden - Privateinkommen, Private Schulden"
Einzelhandelsrelevante Kaufkraft,060,249,KRE,,8,249,Einzelhandelsrelevante Kaufkraft,"Privateinkommen, Private Schulden - Privateinkommen, Private Schulden Einzelhandelsrelevante Kaufkraft",060,"Privateinkommen, Private Schulden - Privateinkommen, Private Schulden"
Verbraucherinsolvenzverfahren,060,250,KRE,,17,250,Verbraucherinsolvenzverfahren,"Privateinkommen, Private Schulden - Privateinkommen, Private Schulden Verbraucherinsolvenzverfahren",060,"Privateinkommen, Private Schulden - Privateinkommen, Private Schulden"
Verbraucherinsolvenzverfahren Gläubigerforderungen,060,251,KRE,,17,251,Verbraucherinsolvenzverfahren Gläubigerforderungen,"Privateinkommen, Private Schulden - Privateinkommen, Private Schulden Verbraucherinsolvenzverfahren Gläubigerforderungen",060,"Privateinkommen, Private Schulden - Privateinkommen, Private Schulden"
Anteil Selbständige an Insolvenzen,060,252,KRE,,17,252,Anteil Selbständige an Insolvenzen,"Privateinkommen, Private Schulden - Privateinkommen, Private Schulden Anteil Selbständige an Insolvenzen",060,"Privateinkommen, Private Schulden - Privateinkommen, Private Schulden"
Schuldnerquote,060,253,KRE,,20,253,Schuldnerquote,"Privateinkommen, Private Schulden - Privateinkommen, Private Schulden Schuldnerquote",060,"Privateinkommen, Private Schulden - Privateinkommen, Private Schulden"
Arbeitsvolumen,060,254,KRE,,23,254,Arbeitsvolumen,"Privateinkommen, Private Schulden - Privateinkommen, Private Schulden Arbeitsvolumen",060,"Privateinkommen, Private Schulden - Privateinkommen, Private Schulden"
Städtebauförderung (langfristig),100,305,KRE,,4,305,Städtebauförderung (langfristig),Raumwirksame Mittel - Raumwirksame Mittel Städtebauförderung (langfristig),100,Raumwirksame Mittel - Raumwirksame Mittel
Städtebauförderung (kurzfristig),100,306,KRE,,4,306,Städtebauförderung (kurzfristig),Raumwirksame Mittel - Raumwirksame Mittel Städtebauförderung (kurzfristig),100,Raumwirksame Mittel - Raumwirksame Mittel
"GRW, Bereich Förderung der gewerblichen Wirtschaft (langfristig)",100,307,KRE,,4,307,"GRW, Bereich Förderung der gewerblichen Wirtschaft (langfristig)","Raumwirksame Mittel - Raumwirksame Mittel GRW, Bereich Förderung der gewerblichen Wirtschaft (langfristig)",100,Raumwirksame Mittel - Raumwirksame Mittel
"GRW, Bereich Förderung der gewerblichen Wirtschaft (kurzfristig)",100,308,KRE,,4,308,"GRW, Bereich Förderung der gewerblichen Wirtschaft (kurzfristig)","Raumwirksame Mittel - Raumwirksame Mittel GRW, Bereich Förderung der gewerblichen Wirtschaft (kurzfristig)",100,Raumwirksame Mittel - Raumwirksame Mittel
"GRW, Bereich Förderung wirtschaftsnaher Infrastruktur (langfristig)",100,309,KRE,,4,309,"GRW, Bereich Förderung wirtschaftsnaher Infrastruktur (langfristig)","Raumwirksame Mittel - Raumwirksame Mittel GRW, Bereich Förderung wirtschaftsnaher Infrastruktur (langfristig)",100,Raumwirksame Mittel - Raumwirksame Mittel
"GRW, Bereich Förderung wirtschaftsnaher Infrastruktur (kurzfristig)",100,310,KRE,,4,310,"GRW, Bereich Förderung wirtschaftsnaher Infrastruktur (kurzfristig)","Raumwirksame Mittel - Raumwirksame Mittel GRW, Bereich Förderung wirtschaftsnaher Infrastruktur (kurzfristig)",100,Raumwirksame Mittel - Raumwirksame Mittel
Hochschulförderung (langfristig),100,311,KRE,,4,311,Hochschulförderung (langfristig),Raumwirksame Mittel - Raumwirksame Mittel Hochschulförderung (langfristig),100,Raumwirksame Mittel - Raumwirksame Mittel
Hochschulförderung (kurzfristig),100,312,KRE,,4,312,Hochschulförderung (kurzfristig),Raumwirksame Mittel - Raumwirksame Mittel Hochschulförderung (kurzfristig),100,Raumwirksame Mittel - Raumwirksame Mittel
Arbeitsmarktpolitische Hilfen der BA für Arbeit (langfristig),100,313,KRE,,4,313,Arbeitsmarktpolitische Hilfen der BA für Arbeit (langfristig),Raumwirksame Mittel - Raumwirksame Mittel Arbeitsmarktpolitische Hilfen der BA für Arbeit (langfristig),100,Raumwirksame Mittel - Raumwirksame Mittel
Arbeitsmarktpolitische Hilfen der BA für Arbeit (kurzfristig),100,314,KRE,,4,314,Arbeitsmarktpolitische Hilfen der BA für Arbeit (kurzfristig),Raumwirksame Mittel - Raumwirksame Mittel Arbeitsmarktpolitische Hilfen der BA für Arbeit (kurzfristig),100,Raumwirksame Mittel - Raumwirksame Mittel
Direkte Projektförderung (langfristig),100,315,KRE,,4,315,Direkte Projektförderung (langfristig),Raumwirksame Mittel - Raumwirksame Mittel Direkte Projektförderung (langfristig),100,Raumwirksame Mittel - Raumwirksame Mittel
Direkte Projektförderung (kurfristig),100,316,KRE,,4,316,Direkte Projektförderung (kurfristig),Raumwirksame Mittel - Raumwirksame Mittel Direkte Projektförderung (kurfristig),100,Raumwirksame Mittel - Raumwirksame Mittel
(SDG 1) SGB II-/SGB XII-Quote,160,529,KRE,,10,529,(SDG 1) SGB II-/SGB XII-Quote,SDG-Indikatoren für Kommunen - SDG-Indikatoren für Kommunen (SDG 1) SGB II-/SGB XII-Quote,160,SDG-Indikatoren für Kommunen - SDG-Indikatoren für Kommunen
(SDG 1) Armut - Kinderarmut,160,530,KRE,,8,530,(SDG 1) Armut - Kinderarmut,SDG-Indikatoren für Kommunen - SDG-Indikatoren für Kommunen (SDG 1) Armut - Kinderarmut,160,SDG-Indikatoren für Kommunen - SDG-Indikatoren für Kommunen
(SDG 1) Armut - Altersarmut,160,531,KRE,,16,531,(SDG 1) Armut - Altersarmut,SDG-Indikatoren für Kommunen - SDG-Indikatoren für Kommunen (SDG 1) Armut - Altersarmut,160,SDG-Indikatoren für Kommunen - SDG-Indikatoren für Kommunen
(SDG 2) Stickstoffüberschuss der Landwirtschaft,160,532,KRE,,28,532,(SDG 2) Stickstoffüberschuss der Landwirtschaft,SDG-Indikatoren für Kommunen - SDG-Indikatoren für Kommunen (SDG 2) Stickstoffüberschuss der Landwirtschaft,160,SDG-Indikatoren für Kommunen - SDG-Indikatoren für Kommunen
(SDG 3) Vorzeitige Sterblichkeit,160,533,KRE,,13,533,(SDG 3) Vorzeitige Sterblichkeit,SDG-Indikatoren für Kommunen - SDG-Indikatoren für Kommunen (SDG 3) Vorzeitige Sterblichkeit,160,SDG-Indikatoren für Kommunen - SDG-Indikatoren für Kommunen
(SDG 3) Wohnungsnahe Grundversorgung - Hausarzt,160,534,KRE,,2,534,(SDG 3) Wohnungsnahe Grundversorgung - Hausarzt,SDG-Indikatoren für Kommunen - SDG-Indikatoren für Kommunen (SDG 3) Wohnungsnahe Grundversorgung - Hausarzt,160,SDG-Indikatoren für Kommunen - SDG-Indikatoren für Kommunen
(SDG 3) Wohnungsnahe Grundversorgung - Apotheke,160,535,KRE,,3,535,(SDG 3) Wohnungsnahe Grundversorgung - Apotheke,SDG-Indikatoren für Kommunen - SDG-Indikatoren für Kommunen (SDG 3) Wohnungsnahe Grundversorgung - Apotheke,160,SDG-Indikatoren für Kommunen - SDG-Indikatoren für Kommunen
(SDG 3) Personal in Pflegediensten,160,536,KRE,,8,536,(SDG 3) Personal in Pflegediensten,SDG-Indikatoren für Kommunen - SDG-Indikatoren für Kommunen (SDG 3) Personal in Pflegediensten,160,SDG-Indikatoren für Kommunen - SDG-Indikatoren für Kommunen
(SDG 3) Pflegeheimplätze,160,537,KRE,,7,537,(SDG 3) Pflegeheimplätze,SDG-Indikatoren für Kommunen - SDG-Indikatoren für Kommunen (SDG 3) Pflegeheimplätze,160,SDG-Indikatoren für Kommunen - SDG-Indikatoren für Kommunen
(SDG 4) Wohnungsnahe Grundversorgung - Grundschule,160,538,KRE,,,538,(SDG 4) Wohnungsnahe Grundversorgung - Grundschule,SDG-Indikatoren für Kommunen - SDG-Indikatoren für Kommunen (SDG 4) Wohnungsnahe Grundversorgung - Grundschule,160,SDG-Indikatoren für Kommunen - SDG-Indikatoren für Kommunen
(SDG 4) Schulabbrecherquote,160,539,KRE,,29,539,(SDG 4) Schulabbrecherquote,SDG-Indikatoren für Kommunen - SDG-Indikatoren für Kommunen (SDG 4) Schulabbrecherquote,160,SDG-Indikatoren für Kommunen - SDG-Indikatoren für Kommunen
(SDG 4) Betreuung von Kindern (unter 3-Jährige),160,540,KRE,,18,540,(SDG 4) Betreuung von Kindern (unter 3-Jährige),SDG-Indikatoren für Kommunen - SDG-Indikatoren für Kommunen (SDG 4) Betreuung von Kindern (unter 3-Jährige),160,SDG-Indikatoren für Kommunen - SDG-Indikatoren für Kommunen
(SDG 4) Integrative Kindertageseinrichtungen,160,541,KRE,,17,541,(SDG 4) Integrative Kindertageseinrichtungen,SDG-Indikatoren für Kommunen - SDG-Indikatoren für Kommunen (SDG 4) Integrative Kindertageseinrichtungen,160,SDG-Indikatoren für Kommunen - SDG-Indikatoren für Kommunen
(SDG 5) Verhältnis der Beschäftigungsquote von Frauen zu Männern,160,542,KRE,,27,542,(SDG 5) Verhältnis der Beschäftigungsquote von Frauen zu Männern,SDG-Indikatoren für Kommunen - SDG-Indikatoren für Kommunen (SDG 5) Verhältnis der Beschäftigungsquote von Frauen zu Männern,160,SDG-Indikatoren für Kommunen - SDG-Indikatoren für Kommunen
(SDG 5) Frauenanteil im Stadtrat bzw. Kreistag,160,543,KRE,,5,543,(SDG 5) Frauenanteil im Stadtrat bzw. Kreistag,SDG-Indikatoren für Kommunen - SDG-Indikatoren für Kommunen (SDG 5) Frauenanteil im Stadtrat bzw. Kreistag,160,SDG-Indikatoren für Kommunen - SDG-Indikatoren für Kommunen
(SDG 6) Abwasserbehandlung,160,544,KRE,,7,544,(SDG 6) Abwasserbehandlung,SDG-Indikatoren für Kommunen - SDG-Indikatoren für Kommunen (SDG 6) Abwasserbehandlung,160,SDG-Indikatoren für Kommunen - SDG-Indikatoren für Kommunen
(SDG 7) Ladesäuleninfrastruktur,160,545,KRE,,8,545,(SDG 7) Ladesäuleninfrastruktur,SDG-Indikatoren für Kommunen - SDG-Indikatoren für Kommunen (SDG 7) Ladesäuleninfrastruktur,160,SDG-Indikatoren für Kommunen - SDG-Indikatoren für Kommunen
(SDG 8) Bruttoinlandsprodukt,160,546,KRE,,28,546,(SDG 8) Bruttoinlandsprodukt,SDG-Indikatoren für Kommunen - SDG-Indikatoren für Kommunen (SDG 8) Bruttoinlandsprodukt,160,SDG-Indikatoren für Kommunen - SDG-Indikatoren für Kommunen
(SDG 8) Langzeitarbeitslosenquote,160,547,KRE,,26,547,(SDG 8) Langzeitarbeitslosenquote,SDG-Indikatoren für Kommunen - SDG-Indikatoren für Kommunen (SDG 8) Langzeitarbeitslosenquote,160,SDG-Indikatoren für Kommunen - SDG-Indikatoren für Kommunen
(SDG 8) Beschäftigungsquote - 15- bis 64-Jährige,160,548,KRE,,27,548,(SDG 8) Beschäftigungsquote - 15- bis 64-Jährige,SDG-Indikatoren für Kommunen - SDG-Indikatoren für Kommunen (SDG 8) Beschäftigungsquote - 15- bis 64-Jährige,160,SDG-Indikatoren für Kommunen - SDG-Indikatoren für Kommunen
(SDG 8) Beschäftigungsquote - 55 Jahre und älter,160,549,KRE,,18,549,(SDG 8) Beschäftigungsquote - 55 Jahre und älter,SDG-Indikatoren für Kommunen - SDG-Indikatoren für Kommunen (SDG 8) Beschäftigungsquote - 55 Jahre und älter,160,SDG-Indikatoren für Kommunen - SDG-Indikatoren für Kommunen
(SDG 8) Erwerbstätige Aufstocker,160,550,KRE,,17,550,(SDG 8) Erwerbstätige Aufstocker,SDG-Indikatoren für Kommunen - SDG-Indikatoren für Kommunen (SDG 8) Erwerbstätige Aufstocker,160,SDG-Indikatoren für Kommunen - SDG-Indikatoren für Kommunen
(SDG 9) Existenzgründungen,160,551,KRE,,26,551,(SDG 9) Existenzgründungen,SDG-Indikatoren für Kommunen - SDG-Indikatoren für Kommunen (SDG 9) Existenzgründungen,160,SDG-Indikatoren für Kommunen - SDG-Indikatoren für Kommunen
(SDG 9) Hochqualifizierte,160,552,KRE,,12,552,(SDG 9) Hochqualifizierte,SDG-Indikatoren für Kommunen - SDG-Indikatoren für Kommunen (SDG 9) Hochqualifizierte,160,SDG-Indikatoren für Kommunen - SDG-Indikatoren für Kommunen
(SDG 9) Breitbandversorgung privater Haushalte,160,553,KRE,,5,553,(SDG 9) Breitbandversorgung privater Haushalte,SDG-Indikatoren für Kommunen - SDG-Indikatoren für Kommunen (SDG 9) Breitbandversorgung privater Haushalte,160,SDG-Indikatoren für Kommunen - SDG-Indikatoren für Kommunen
(SDG 10) Beschäftigungsquote - Ausländer,160,554,KRE,,13,554,(SDG 10) Beschäftigungsquote - Ausländer,SDG-Indikatoren für Kommunen - SDG-Indikatoren für Kommunen (SDG 10) Beschäftigungsquote - Ausländer,160,SDG-Indikatoren für Kommunen - SDG-Indikatoren für Kommunen
(SDG 10) Einbürgerungen,160,555,KRE,,6,555,(SDG 10) Einbürgerungen,SDG-Indikatoren für Kommunen - SDG-Indikatoren für Kommunen (SDG 10) Einbürgerungen,160,SDG-Indikatoren für Kommunen - SDG-Indikatoren für Kommunen
(SDG 11) Angebotsmietpreise,160,556,KRE,,15,556,(SDG 11) Angebotsmietpreise,SDG-Indikatoren für Kommunen - SDG-Indikatoren für Kommunen (SDG 11) Angebotsmietpreise,160,SDG-Indikatoren für Kommunen - SDG-Indikatoren für Kommunen
(SDG 11) Wohnfläche,160,557,KRE,,13,557,(SDG 11) Wohnfläche,SDG-Indikatoren für Kommunen - SDG-Indikatoren für Kommunen (SDG 11) Wohnfläche,160,SDG-Indikatoren für Kommunen - SDG-Indikatoren für Kommunen
(SDG 11) Wohnungsnahe Grundversorgung - Supermarkt,160,558,KRE,,2,558,(SDG 11) Wohnungsnahe Grundversorgung - Supermarkt,SDG-Indikatoren für Kommunen - SDG-Indikatoren für Kommunen (SDG 11) Wohnungsnahe Grundversorgung - Supermarkt,160,SDG-Indikatoren für Kommunen - SDG-Indikatoren für Kommunen
(SDG 11) Pkw-Dichte,160,559,KRE,,29,559,(SDG 11) Pkw-Dichte,SDG-Indikatoren für Kommunen - SDG-Indikatoren für Kommunen (SDG 11) Pkw-Dichte,160,SDG-Indikatoren für Kommunen - SDG-Indikatoren für Kommunen
(SDG 11) PKW mit Elektroantrieb,160,560,KRE,,5,560,(SDG 11) PKW mit Elektroantrieb,SDG-Indikatoren für Kommunen - SDG-Indikatoren für Kommunen (SDG 11) PKW mit Elektroantrieb,160,SDG-Indikatoren für Kommunen - SDG-Indikatoren für Kommunen
(SDG 11) Verunglückte im Verkehr,160,561,KRE,,29,561,(SDG 11) Verunglückte im Verkehr,SDG-Indikatoren für Kommunen - SDG-Indikatoren für Kommunen (SDG 11) Verunglückte im Verkehr,160,SDG-Indikatoren für Kommunen - SDG-Indikatoren für Kommunen
(SDG 11) Flächeninanspruchnahme,160,562,KRE,,8,562,(SDG 11) Flächeninanspruchnahme,SDG-Indikatoren für Kommunen - SDG-Indikatoren für Kommunen (SDG 11) Flächeninanspruchnahme,160,SDG-Indikatoren für Kommunen - SDG-Indikatoren für Kommunen
(SDG 11) Flächenneuinanspruchnahme,160,563,KRE,,7,563,(SDG 11) Flächenneuinanspruchnahme,SDG-Indikatoren für Kommunen - SDG-Indikatoren für Kommunen (SDG 11) Flächenneuinanspruchnahme,160,SDG-Indikatoren für Kommunen - SDG-Indikatoren für Kommunen
(SDG 11) Flächennutzungsintensität,160,564,KRE,,8,564,(SDG 11) Flächennutzungsintensität,SDG-Indikatoren für Kommunen - SDG-Indikatoren für Kommunen (SDG 11) Flächennutzungsintensität,160,SDG-Indikatoren für Kommunen - SDG-Indikatoren für Kommunen
(SDG 11) Naherholungsflächen,160,565,KRE,,8,565,(SDG 11) Naherholungsflächen,SDG-Indikatoren für Kommunen - SDG-Indikatoren für Kommunen (SDG 11) Naherholungsflächen,160,SDG-Indikatoren für Kommunen - SDG-Indikatoren für Kommunen
(SDG 11) Fertiggestellte Wohngebäude mit erneuerbarer Heizenergie,160,566,KRE,,8,566,(SDG 11) Fertiggestellte Wohngebäude mit erneuerbarer Heizenergie,SDG-Indikatoren für Kommunen - SDG-Indikatoren für Kommunen (SDG 11) Fertiggestellte Wohngebäude mit erneuerbarer Heizenergie,160,SDG-Indikatoren für Kommunen - SDG-Indikatoren für Kommunen
(SDG 12) Trinkwasserverbrauch - Private Haushalte,160,567,KRE,,9,567,(SDG 12) Trinkwasserverbrauch - Private Haushalte,SDG-Indikatoren für Kommunen - SDG-Indikatoren für Kommunen (SDG 12) Trinkwasserverbrauch - Private Haushalte,160,SDG-Indikatoren für Kommunen - SDG-Indikatoren für Kommunen
(SDG 12) Abfallmenge,160,568,KRE,,17,568,(SDG 12) Abfallmenge,SDG-Indikatoren für Kommunen - SDG-Indikatoren für Kommunen (SDG 12) Abfallmenge,160,SDG-Indikatoren für Kommunen - SDG-Indikatoren für Kommunen
(SDG 16) Straftaten,160,569,KRE,,6,569,(SDG 16) Straftaten,SDG-Indikatoren für Kommunen - SDG-Indikatoren für Kommunen (SDG 16) Straftaten,160,SDG-Indikatoren für Kommunen - SDG-Indikatoren für Kommunen
(SDG 16) Steuereinnahmen,160,570,KRE,,29,570,(SDG 16) Steuereinnahmen,SDG-Indikatoren für Kommunen - SDG-Indikatoren für Kommunen (SDG 16) Steuereinnahmen,160,SDG-Indikatoren für Kommunen - SDG-Indikatoren für Kommunen
(SDG 16) Liquiditätskredite,160,571,KRE,,14,571,(SDG 16) Liquiditätskredite,SDG-Indikatoren für Kommunen - SDG-Indikatoren für Kommunen (SDG 16) Liquiditätskredite,160,SDG-Indikatoren für Kommunen - SDG-Indikatoren für Kommunen
Ländlichkeit,110,317,KRE,,5,317,Ländlichkeit,Siedlungsstruktur - Siedlungsstruktur Ländlichkeit,110,Siedlungsstruktur - Siedlungsstruktur
Bevölkerung in Mittelzentren,110,318,KRE,,5,318,Bevölkerung in Mittelzentren,Siedlungsstruktur - Siedlungsstruktur Bevölkerung in Mittelzentren,110,Siedlungsstruktur - Siedlungsstruktur
Bevölkerung in Oberzentren,110,319,KRE,,5,319,Bevölkerung in Oberzentren,Siedlungsstruktur - Siedlungsstruktur Bevölkerung in Oberzentren,110,Siedlungsstruktur - Siedlungsstruktur
Einwohnerdichte,110,320,KRE,,19,320,Einwohnerdichte,Siedlungsstruktur - Siedlungsstruktur Einwohnerdichte,110,Siedlungsstruktur - Siedlungsstruktur
Einwohner-Arbeitsplatz-Dichte,110,321,KRE,,19,321,Einwohner-Arbeitsplatz-Dichte,Siedlungsstruktur - Siedlungsstruktur Einwohner-Arbeitsplatz-Dichte,110,Siedlungsstruktur - Siedlungsstruktur
Einpersonen-Bedarfsgemeinschaften,122,335,KRE,,17,335,Einpersonen-Bedarfsgemeinschaften,Sozialleistungen - Bedarfsgemeinschaften Einpersonen-Bedarfsgemeinschaften,122,Sozialleistungen - Bedarfsgemeinschaften
Große Bedarfsgemeinschaften,122,336,KRE,,17,336,Große Bedarfsgemeinschaften,Sozialleistungen - Bedarfsgemeinschaften Große Bedarfsgemeinschaften,122,Sozialleistungen - Bedarfsgemeinschaften
Bedarfsgemeinschaften mit Kindern,122,337,KRE,,17,337,Bedarfsgemeinschaften mit Kindern,Sozialleistungen - Bedarfsgemeinschaften Bedarfsgemeinschaften mit Kindern,122,Sozialleistungen - Bedarfsgemeinschaften
Personen in Bedarfsgemeinschaften,122,338,KRE,,17,338,Personen in Bedarfsgemeinschaften,Sozialleistungen - Bedarfsgemeinschaften Personen in Bedarfsgemeinschaften,122,Sozialleistungen - Bedarfsgemeinschaften
Erwerbsfähige Leistungsberechtigte,122,339,KRE,,17,339,Erwerbsfähige Leistungsberechtigte,Sozialleistungen - Bedarfsgemeinschaften Erwerbsfähige Leistungsberechtigte,122,Sozialleistungen - Bedarfsgemeinschaften
Erwerbsfähige Leistungsberechtigte (Frauen),122,340,KRE,,17,340,Erwerbsfähige Leistungsberechtigte (Frauen),Sozialleistungen - Bedarfsgemeinschaften Erwerbsfähige Leistungsberechtigte (Frauen),122,Sozialleistungen - Bedarfsgemeinschaften
Junge erwerbsfähige Leistungsberechtigte,122,341,KRE,,17,341,Junge erwerbsfähige Leistungsberechtigte,Sozialleistungen - Bedarfsgemeinschaften Junge erwerbsfähige Leistungsberechtigte,122,Sozialleistungen - Bedarfsgemeinschaften
Ältere erwerbsfähige Leistungsberechtigte,122,342,KRE,,17,342,Ältere erwerbsfähige Leistungsberechtigte,Sozialleistungen - Bedarfsgemeinschaften Ältere erwerbsfähige Leistungsberechtigte,122,Sozialleistungen - Bedarfsgemeinschaften
Alleinerziehende erwerbsfähige Leistungsberechtigte,122,343,KRE,,17,343,Alleinerziehende erwerbsfähige Leistungsberechtigte,Sozialleistungen - Bedarfsgemeinschaften Alleinerziehende erwerbsfähige Leistungsberechtigte,122,Sozialleistungen - Bedarfsgemeinschaften
Kinderarmut,122,344,KRE,,8,344,Kinderarmut,Sozialleistungen - Bedarfsgemeinschaften Kinderarmut,122,Sozialleistungen - Bedarfsgemeinschaften
SGB II - Quote,121,322,KRE,,14,322,SGB II - Quote,Sozialleistungen - Leistungsempfänger SGB II - Quote,121,Sozialleistungen - Leistungsempfänger
Weibliche SGB II-Empfänger,121,323,KRE,,14,323,Weibliche SGB II-Empfänger,Sozialleistungen - Leistungsempfänger Weibliche SGB II-Empfänger,121,Sozialleistungen - Leistungsempfänger
Wohngeldhaushalte,121,324,KRE,,10,324,Wohngeldhaushalte,Sozialleistungen - Leistungsempfänger Wohngeldhaushalte,121,Sozialleistungen - Leistungsempfänger
Wohngeldhaushalte (Mietzuschuss),121,325,KRE,,29,325,Wohngeldhaushalte (Mietzuschuss),Sozialleistungen - Leistungsempfänger Wohngeldhaushalte (Mietzuschuss),121,Sozialleistungen - Leistungsempfänger
Wohngeldhaushalte (Lastenzuschuss),121,326,KRE,,29,326,Wohngeldhaushalte (Lastenzuschuss),Sozialleistungen - Leistungsempfänger Wohngeldhaushalte (Lastenzuschuss),121,Sozialleistungen - Leistungsempfänger
Empfänger von Grundsicherung im Alter (Altersarmut),121,327,KRE,,16,327,Empfänger von Grundsicherung im Alter (Altersarmut),Sozialleistungen - Leistungsempfänger Empfänger von Grundsicherung im Alter (Altersarmut),121,Sozialleistungen - Leistungsempfänger
Weibliche Empfänger von Grundsicherung im Alter (Altersarmut),121,328,KRE,,16,328,Weibliche Empfänger von Grundsicherung im Alter (Altersarmut),Sozialleistungen - Leistungsempfänger Weibliche Empfänger von Grundsicherung im Alter (Altersarmut),121,Sozialleistungen - Leistungsempfänger
Männliche Empfänger von Grundsicherung im Alter (Altersarmut),121,329,KRE,,16,329,Männliche Empfänger von Grundsicherung im Alter (Altersarmut),Sozialleistungen - Leistungsempfänger Männliche Empfänger von Grundsicherung im Alter (Altersarmut),121,Sozialleistungen - Leistungsempfänger
Asylbewerber,121,330,KRE,,14,330,Asylbewerber,Sozialleistungen - Leistungsempfänger Asylbewerber,121,Sozialleistungen - Leistungsempfänger
Empfänger von Mindestsicherungen,121,331,KRE,,12,331,Empfänger von Mindestsicherungen,Sozialleistungen - Leistungsempfänger Empfänger von Mindestsicherungen,121,Sozialleistungen - Leistungsempfänger
Elterngeldbezieher (Väter) im ersten Lebensjahr,121,332,KRE,,2,332,Elterngeldbezieher (Väter) im ersten Lebensjahr,Sozialleistungen - Leistungsempfänger Elterngeldbezieher (Väter) im ersten Lebensjahr,121,Sozialleistungen - Leistungsempfänger
Elterngeldbezieher (Väter),121,333,KRE,,2,333,Elterngeldbezieher (Väter),Sozialleistungen - Leistungsempfänger Elterngeldbezieher (Väter),121,Sozialleistungen - Leistungsempfänger
Elterngeldbezieher (Mütter),121,334,KRE,,2,334,Elterngeldbezieher (Mütter),Sozialleistungen - Leistungsempfänger Elterngeldbezieher (Mütter),121,Sozialleistungen - Leistungsempfänger
ALG I-Leistungen,123,345,KRE,,18,345,ALG I-Leistungen,Sozialleistungen - Transferleistungen ALG I-Leistungen,123,Sozialleistungen - Transferleistungen
ALG I-Leistungen Männer,123,346,KRE,,18,346,ALG I-Leistungen Männer,Sozialleistungen - Transferleistungen ALG I-Leistungen Männer,123,Sozialleistungen - Transferleistungen
ALG I-Leistungen Frauen,123,347,KRE,,18,347,ALG I-Leistungen Frauen,Sozialleistungen - Transferleistungen ALG I-Leistungen Frauen,123,Sozialleistungen - Transferleistungen
SGBII-Leistungen,123,348,KRE,,16,348,SGBII-Leistungen,Sozialleistungen - Transferleistungen SGBII-Leistungen,123,Sozialleistungen - Transferleistungen
ALG II-Leistungen (Höhe),123,349,KRE,,16,349,ALG II-Leistungen (Höhe),Sozialleistungen - Transferleistungen ALG II-Leistungen (Höhe),123,Sozialleistungen - Transferleistungen
ALG II-Leistungen an SGBII,123,350,KRE,,16,350,ALG II-Leistungen an SGBII,Sozialleistungen - Transferleistungen ALG II-Leistungen an SGBII,123,Sozialleistungen - Transferleistungen
Leistungen für Unterkunft (Höhe),123,351,KRE,,16,351,Leistungen für Unterkunft (Höhe),Sozialleistungen - Transferleistungen Leistungen für Unterkunft (Höhe),123,Sozialleistungen - Transferleistungen
Leistungen für Unterkunft an SGBII,123,352,KRE,,16,352,Leistungen für Unterkunft an SGBII,Sozialleistungen - Transferleistungen Leistungen für Unterkunft an SGBII,123,Sozialleistungen - Transferleistungen
Leistungen für Wohngeld,123,353,KRE,,8,353,Leistungen für Wohngeld,Sozialleistungen - Transferleistungen Leistungen für Wohngeld,123,Sozialleistungen - Transferleistungen
Erreichbarkeit von Autobahnen,131,354,KRE,,,354,Erreichbarkeit von Autobahnen,Verkehr und Erreichbarkeit - Erreichbarkeit Erreichbarkeit von Autobahnen,131,Verkehr und Erreichbarkeit - Erreichbarkeit
Erreichbarkeit von Flughäfen,131,355,KRE,,,355,Erreichbarkeit von Flughäfen,Verkehr und Erreichbarkeit - Erreichbarkeit Erreichbarkeit von Flughäfen,131,Verkehr und Erreichbarkeit - Erreichbarkeit
Erreichbarkeit von IC/EC/ICE-Bahnhöfen,131,356,KRE,,,356,Erreichbarkeit von IC/EC/ICE-Bahnhöfen,Verkehr und Erreichbarkeit - Erreichbarkeit Erreichbarkeit von IC/EC/ICE-Bahnhöfen,131,Verkehr und Erreichbarkeit - Erreichbarkeit
Erreichbarkeit von Oberzentren,131,357,KRE,,,357,Erreichbarkeit von Oberzentren,Verkehr und Erreichbarkeit - Erreichbarkeit Erreichbarkeit von Oberzentren,131,Verkehr und Erreichbarkeit - Erreichbarkeit
Erreichbarkeit von Mittelzentren,131,358,KRE,,,358,Erreichbarkeit von Mittelzentren,Verkehr und Erreichbarkeit - Erreichbarkeit Erreichbarkeit von Mittelzentren,131,Verkehr und Erreichbarkeit - Erreichbarkeit
Entfernung zum Supermarkt/Discounter,131,359,KRE,,,359,Entfernung zum Supermarkt/Discounter,Verkehr und Erreichbarkeit - Erreichbarkeit Entfernung zum Supermarkt/Discounter,131,Verkehr und Erreichbarkeit - Erreichbarkeit
Nahversorgung Supermarkt/Discounter,131,360,KRE,,,360,Nahversorgung Supermarkt/Discounter,Verkehr und Erreichbarkeit - Erreichbarkeit Nahversorgung Supermarkt/Discounter,131,Verkehr und Erreichbarkeit - Erreichbarkeit
Entfernung zum Hausarzt,131,361,KRE,,,361,Entfernung zum Hausarzt,Verkehr und Erreichbarkeit - Erreichbarkeit Entfernung zum Hausarzt,131,Verkehr und Erreichbarkeit - Erreichbarkeit
Nahversorgung Hausarzt,131,362,KRE,,,362,Nahversorgung Hausarzt,Verkehr und Erreichbarkeit - Erreichbarkeit Nahversorgung Hausarzt,131,Verkehr und Erreichbarkeit - Erreichbarkeit
Entfernung zur Apotheke,131,363,KRE,,,363,Entfernung zur Apotheke,Verkehr und Erreichbarkeit - Erreichbarkeit Entfernung zur Apotheke,131,Verkehr und Erreichbarkeit - Erreichbarkeit
Nahversorgung Apotheke,131,364,KRE,,,364,Nahversorgung Apotheke,Verkehr und Erreichbarkeit - Erreichbarkeit Nahversorgung Apotheke,131,Verkehr und Erreichbarkeit - Erreichbarkeit
Entfernung zur Grundschule,131,365,KRE,,,365,Entfernung zur Grundschule,Verkehr und Erreichbarkeit - Erreichbarkeit Entfernung zur Grundschule,131,Verkehr und Erreichbarkeit - Erreichbarkeit
Nahversorgung Grundschule,131,366,KRE,,,366,Nahversorgung Grundschule,Verkehr und Erreichbarkeit - Erreichbarkeit Nahversorgung Grundschule,131,Verkehr und Erreichbarkeit - Erreichbarkeit
Entfernung zur ÖV Haltestelle,131,367,KRE,,,367,Entfernung zur ÖV Haltestelle,Verkehr und Erreichbarkeit - Erreichbarkeit Entfernung zur ÖV Haltestelle,131,Verkehr und Erreichbarkeit - Erreichbarkeit
Nahversorgung ÖV Haltestelle,131,368,KRE,,,368,Nahversorgung ÖV Haltestelle,Verkehr und Erreichbarkeit - Erreichbarkeit Nahversorgung ÖV Haltestelle,131,Verkehr und Erreichbarkeit - Erreichbarkeit
Bandbreitenverfügbarkeit mindestens 50 Mbit/s,131,369,KRE,,5,369,Bandbreitenverfügbarkeit mindestens 50 Mbit/s,Verkehr und Erreichbarkeit - Erreichbarkeit Bandbreitenverfügbarkeit mindestens 50 Mbit/s,131,Verkehr und Erreichbarkeit - Erreichbarkeit
Bandbreitenverfügbarkeit mindestens 100 Mbit/s,131,370,KRE,,5,370,Bandbreitenverfügbarkeit mindestens 100 Mbit/s,Verkehr und Erreichbarkeit - Erreichbarkeit Bandbreitenverfügbarkeit mindestens 100 Mbit/s,131,Verkehr und Erreichbarkeit - Erreichbarkeit
Bandbreitenverfügbarkeit mindestens 1.000 Mbit/s,131,371,KRE,,4,371,Bandbreitenverfügbarkeit mindestens 1.000 Mbit/s,Verkehr und Erreichbarkeit - Erreichbarkeit Bandbreitenverfügbarkeit mindestens 1.000 Mbit/s,131,Verkehr und Erreichbarkeit - Erreichbarkeit
Einpendler,133,384,KRE,,27,384,Einpendler,Verkehr und Erreichbarkeit - Pendler Einpendler,133,Verkehr und Erreichbarkeit - Pendler
Auspendler,133,385,KRE,,27,385,Auspendler,Verkehr und Erreichbarkeit - Pendler Auspendler,133,Verkehr und Erreichbarkeit - Pendler
Pendlersaldo,133,386,KRE,,27,386,Pendlersaldo,Verkehr und Erreichbarkeit - Pendler Pendlersaldo,133,Verkehr und Erreichbarkeit - Pendler
Pkw-Dichte,132,372,KRE,,29,372,Pkw-Dichte,Verkehr und Erreichbarkeit - Straßenverkehr Pkw-Dichte,132,Verkehr und Erreichbarkeit - Straßenverkehr
Pkw Elektro (BEV),132,373,KRE,,5,373,Pkw Elektro (BEV),Verkehr und Erreichbarkeit - Straßenverkehr Pkw Elektro (BEV),132,Verkehr und Erreichbarkeit - Straßenverkehr
Pkw Hybrid insgesamt,132,374,KRE,,5,374,Pkw Hybrid insgesamt,Verkehr und Erreichbarkeit - Straßenverkehr Pkw Hybrid insgesamt,132,Verkehr und Erreichbarkeit - Straßenverkehr
Pkw Plug-In-Hybrid (PHEV),132,375,KRE,,5,375,Pkw Plug-In-Hybrid (PHEV),Verkehr und Erreichbarkeit - Straßenverkehr Pkw Plug-In-Hybrid (PHEV),132,Verkehr und Erreichbarkeit - Straßenverkehr
Pkw Benzin,132,376,KRE,,5,376,Pkw Benzin,Verkehr und Erreichbarkeit - Straßenverkehr Pkw Benzin,132,Verkehr und Erreichbarkeit - Straßenverkehr
Pkw Diesel,132,377,KRE,,5,377,Pkw Diesel,Verkehr und Erreichbarkeit - Straßenverkehr Pkw Diesel,132,Verkehr und Erreichbarkeit - Straßenverkehr
Pkw Gas,132,378,KRE,,5,378,Pkw Gas,Verkehr und Erreichbarkeit - Straßenverkehr Pkw Gas,132,Verkehr und Erreichbarkeit - Straßenverkehr
Ladepunkte je 100.000 Einwohner,132,379,KRE,,8,379,Ladepunkte je 100.000 Einwohner,Verkehr und Erreichbarkeit - Straßenverkehr Ladepunkte je 100.000 Einwohner,132,Verkehr und Erreichbarkeit - Straßenverkehr
Ladepunkte je 100 Elektrofahrzeuge (BEV),132,380,KRE,,5,380,Ladepunkte je 100 Elektrofahrzeuge (BEV),Verkehr und Erreichbarkeit - Straßenverkehr Ladepunkte je 100 Elektrofahrzeuge (BEV),132,Verkehr und Erreichbarkeit - Straßenverkehr
Straßenverkehrsunfälle,132,381,KRE,,29,381,Straßenverkehrsunfälle,Verkehr und Erreichbarkeit - Straßenverkehr Straßenverkehrsunfälle,132,Verkehr und Erreichbarkeit - Straßenverkehr
Verunglückte im Straßenverkehr,132,382,KRE,,29,382,Verunglückte im Straßenverkehr,Verkehr und Erreichbarkeit - Straßenverkehr Verunglückte im Straßenverkehr,132,Verkehr und Erreichbarkeit - Straßenverkehr
Getötete im Straßenverkehr,132,383,KRE,,29,383,Getötete im Straßenverkehr,Verkehr und Erreichbarkeit - Straßenverkehr Getötete im Straßenverkehr,132,Verkehr und Erreichbarkeit - Straßenverkehr
Schlafgelegenheiten in Beherbergungsbetrieben,141,390,KRE,,5,390,Schlafgelegenheiten in Beherbergungsbetrieben,Wirtschaft - Fremdenverkehr Schlafgelegenheiten in Beherbergungsbetrieben,141,Wirtschaft - Fremdenverkehr
Gästeübernachtungen in Beherbergungsbetrieben,141,391,KRE,,29,391,Gästeübernachtungen in Beherbergungsbetrieben,Wirtschaft - Fremdenverkehr Gästeübernachtungen in Beherbergungsbetrieben,141,Wirtschaft - Fremdenverkehr
Ausländische Gäste in Beherbergungsbetrieben,141,392,KRE,,17,392,Ausländische Gäste in Beherbergungsbetrieben,Wirtschaft - Fremdenverkehr Ausländische Gäste in Beherbergungsbetrieben,141,Wirtschaft - Fremdenverkehr
Verweildauer in Beherbergungsbetrieben,141,393,KRE,,29,393,Verweildauer in Beherbergungsbetrieben,Wirtschaft - Fremdenverkehr Verweildauer in Beherbergungsbetrieben,141,Wirtschaft - Fremdenverkehr
Kleinstbetriebe,142,394,KRE,,18,394,Kleinstbetriebe,Wirtschaft - Wirtschaftliche Leistung Kleinstbetriebe,142,Wirtschaft - Wirtschaftliche Leistung
Kleinbetriebe,142,395,KRE,,18,395,Kleinbetriebe,Wirtschaft - Wirtschaftliche Leistung Kleinbetriebe,142,Wirtschaft - Wirtschaftliche Leistung
Mittlere Unternehmen,142,396,KRE,,18,396,Mittlere Unternehmen,Wirtschaft - Wirtschaftliche Leistung Mittlere Unternehmen,142,Wirtschaft - Wirtschaftliche Leistung
Großunternehmen,142,397,KRE,,18,397,Großunternehmen,Wirtschaft - Wirtschaftliche Leistung Großunternehmen,142,Wirtschaft - Wirtschaftliche Leistung
Bruttoinlandsprodukt je Einwohner,142,398,KRE,,28,398,Bruttoinlandsprodukt je Einwohner,Wirtschaft - Wirtschaftliche Leistung Bruttoinlandsprodukt je Einwohner,142,Wirtschaft - Wirtschaftliche Leistung
Bruttoinlandsprodukt je Erwerbstätigen,142,399,KRE,,28,399,Bruttoinlandsprodukt je Erwerbstätigen,Wirtschaft - Wirtschaftliche Leistung Bruttoinlandsprodukt je Erwerbstätigen,142,Wirtschaft - Wirtschaftliche Leistung
Bruttowertschöpfung je Erwerbstätigen,142,400,KRE,,23,400,Bruttowertschöpfung je Erwerbstätigen,Wirtschaft - Wirtschaftliche Leistung Bruttowertschöpfung je Erwerbstätigen,142,Wirtschaft - Wirtschaftliche Leistung
Bruttowertschöpfung je Erwerbstätigen Primärer Sektor,142,401,KRE,,23,401,Bruttowertschöpfung je Erwerbstätigen Primärer Sektor,Wirtschaft - Wirtschaftliche Leistung Bruttowertschöpfung je Erwerbstätigen Primärer Sektor,142,Wirtschaft - Wirtschaftliche Leistung
Bruttowertschöpfung je Erwerbstätigen Sekundärer Sektor,142,402,KRE,,23,402,Bruttowertschöpfung je Erwerbstätigen Sekundärer Sektor,Wirtschaft - Wirtschaftliche Leistung Bruttowertschöpfung je Erwerbstätigen Sekundärer Sektor,142,Wirtschaft - Wirtschaftliche Leistung
Bruttowertschöpfung je Erwerbstätigen Tertiärer Sektor,142,403,KRE,,23,403,Bruttowertschöpfung je Erwerbstätigen Tertiärer Sektor,Wirtschaft - Wirtschaftliche Leistung Bruttowertschöpfung je Erwerbstätigen Tertiärer Sektor,142,Wirtschaft - Wirtschaftliche Leistung
Anteil Bruttowertschöpfung Primärer Sektor,142,404,KRE,,23,404,Anteil Bruttowertschöpfung Primärer Sektor,Wirtschaft - Wirtschaftliche Leistung Anteil Bruttowertschöpfung Primärer Sektor,142,Wirtschaft - Wirtschaftliche Leistung
Anteil Bruttowertschöpfung Sekundärer Sektor,142,405,KRE,,23,405,Anteil Bruttowertschöpfung Sekundärer Sektor,Wirtschaft - Wirtschaftliche Leistung Anteil Bruttowertschöpfung Sekundärer Sektor,142,Wirtschaft - Wirtschaftliche Leistung
Anteil Bruttowertschöpfung Tertiärer Sektor,142,406,KRE,,23,406,Anteil Bruttowertschöpfung Tertiärer Sektor,Wirtschaft - Wirtschaftliche Leistung Anteil Bruttowertschöpfung Tertiärer Sektor,142,Wirtschaft - Wirtschaftliche Leistung
Unternehmensinsolvenzen,142,407,KRE,,17,407,Unternehmensinsolvenzen,Wirtschaft - Wirtschaftliche Leistung Unternehmensinsolvenzen,142,Wirtschaft - Wirtschaftliche Leistung
Unternehmensinsolvenzen Gläubigerforderungen,142,408,KRE,,17,408,Unternehmensinsolvenzen Gläubigerforderungen,Wirtschaft - Wirtschaftliche Leistung Unternehmensinsolvenzen Gläubigerforderungen,142,Wirtschaft - Wirtschaftliche Leistung
Investitionen im Bergbau und Verarb. Gewerbe,142,409,KRE,,11,409,Investitionen im Bergbau und Verarb. Gewerbe,Wirtschaft - Wirtschaftliche Leistung Investitionen im Bergbau und Verarb. Gewerbe,142,Wirtschaft - Wirtschaftliche Leistung
Auslandsumsatz im Bergbau u. Verarb. Gewerbe,142,410,KRE,,15,410,Auslandsumsatz im Bergbau u. Verarb. Gewerbe,Wirtschaft - Wirtschaftliche Leistung Auslandsumsatz im Bergbau u. Verarb. Gewerbe,142,Wirtschaft - Wirtschaftliche Leistung
Umsatz im Bergbau u. Verarb. Gewerbe,142,411,KRE,,15,411,Umsatz im Bergbau u. Verarb. Gewerbe,Wirtschaft - Wirtschaftliche Leistung Umsatz im Bergbau u. Verarb. Gewerbe,142,Wirtschaft - Wirtschaftliche Leistung
Umsatz Bauhauptgewerbe,142,412,KRE,,29,412,Umsatz Bauhauptgewerbe,Wirtschaft - Wirtschaftliche Leistung Umsatz Bauhauptgewerbe,142,Wirtschaft - Wirtschaftliche Leistung
Umsatz im Handwerk,142,413,KRE,,13,413,Umsatz im Handwerk,Wirtschaft - Wirtschaftliche Leistung Umsatz im Handwerk,142,Wirtschaft - Wirtschaftliche Leistung
Hochschulen gesamt,156,498,KRE,,3,498,Hochschulen gesamt,Zentrale Orte Monitoring - Bildungsversorgungs- und Kulturfunktion Hochschulen gesamt,156,Zentrale Orte Monitoring - Bildungsversorgungs- und Kulturfunktion
Studierende an Hochschulen,156,499,KRE,,7,499,Studierende an Hochschulen,Zentrale Orte Monitoring - Bildungsversorgungs- und Kulturfunktion Studierende an Hochschulen,156,Zentrale Orte Monitoring - Bildungsversorgungs- und Kulturfunktion
Studierende an Hochschulen je 1.000 Einwohner,156,500,KRE,,7,500,Studierende an Hochschulen je 1.000 Einwohner,Zentrale Orte Monitoring - Bildungsversorgungs- und Kulturfunktion Studierende an Hochschulen je 1.000 Einwohner,156,Zentrale Orte Monitoring - Bildungsversorgungs- und Kulturfunktion
Studierende an Fachhochschulen je 1.000 Einwohner,156,501,KRE,,7,501,Studierende an Fachhochschulen je 1.000 Einwohner,Zentrale Orte Monitoring - Bildungsversorgungs- und Kulturfunktion Studierende an Fachhochschulen je 1.000 Einwohner,156,Zentrale Orte Monitoring - Bildungsversorgungs- und Kulturfunktion
Grundschulen,156,502,KRE,,6,502,Grundschulen,Zentrale Orte Monitoring - Bildungsversorgungs- und Kulturfunktion Grundschulen,156,Zentrale Orte Monitoring - Bildungsversorgungs- und Kulturfunktion
Schüler an Grundschulen,156,503,KRE,,6,503,Schüler an Grundschulen,Zentrale Orte Monitoring - Bildungsversorgungs- und Kulturfunktion Schüler an Grundschulen,156,Zentrale Orte Monitoring - Bildungsversorgungs- und Kulturfunktion
Schüler an Grundschulen je 1.000 Einwohner,156,504,KRE,,6,504,Schüler an Grundschulen je 1.000 Einwohner,Zentrale Orte Monitoring - Bildungsversorgungs- und Kulturfunktion Schüler an Grundschulen je 1.000 Einwohner,156,Zentrale Orte Monitoring - Bildungsversorgungs- und Kulturfunktion
Allgemeinbildende Schulen,156,505,KRE,,6,505,Allgemeinbildende Schulen,Zentrale Orte Monitoring - Bildungsversorgungs- und Kulturfunktion Allgemeinbildende Schulen,156,Zentrale Orte Monitoring - Bildungsversorgungs- und Kulturfunktion
Schüler an allgemeinbildenden Schulen,156,506,KRE,,5,506,Schüler an allgemeinbildenden Schulen,Zentrale Orte Monitoring - Bildungsversorgungs- und Kulturfunktion Schüler an allgemeinbildenden Schulen,156,Zentrale Orte Monitoring - Bildungsversorgungs- und Kulturfunktion
Schüler an allgemeinbildenden Schulen je 1.000 Einwohner,156,507,KRE,,5,507,Schüler an allgemeinbildenden Schulen je 1.000 Einwohner,Zentrale Orte Monitoring - Bildungsversorgungs- und Kulturfunktion Schüler an allgemeinbildenden Schulen je 1.000 Einwohner,156,Zentrale Orte Monitoring - Bildungsversorgungs- und Kulturfunktion
Weiterführende Schulen,156,508,KRE,,6,508,Weiterführende Schulen,Zentrale Orte Monitoring - Bildungsversorgungs- und Kulturfunktion Weiterführende Schulen,156,Zentrale Orte Monitoring - Bildungsversorgungs- und Kulturfunktion
Schüler an weiterführenden Schulen,156,509,KRE,,5,509,Schüler an weiterführenden Schulen,Zentrale Orte Monitoring - Bildungsversorgungs- und Kulturfunktion Schüler an weiterführenden Schulen,156,Zentrale Orte Monitoring - Bildungsversorgungs- und Kulturfunktion
Schüler an weiterführenden Schulen je 1.000 Einwohner,156,510,KRE,,5,510,Schüler an weiterführenden Schulen je 1.000 Einwohner,Zentrale Orte Monitoring - Bildungsversorgungs- und Kulturfunktion Schüler an weiterführenden Schulen je 1.000 Einwohner,156,Zentrale Orte Monitoring - Bildungsversorgungs- und Kulturfunktion
Allgemeinbildende Schulen mit Förderschwerpunkt,156,511,KRE,,6,511,Allgemeinbildende Schulen mit Förderschwerpunkt,Zentrale Orte Monitoring - Bildungsversorgungs- und Kulturfunktion Allgemeinbildende Schulen mit Förderschwerpunkt,156,Zentrale Orte Monitoring - Bildungsversorgungs- und Kulturfunktion
Schüler an allgemeinbildenden Schulen mit Förderschwerpunkt,156,512,KRE,,6,512,Schüler an allgemeinbildenden Schulen mit Förderschwerpunkt,Zentrale Orte Monitoring - Bildungsversorgungs- und Kulturfunktion Schüler an allgemeinbildenden Schulen mit Förderschwerpunkt,156,Zentrale Orte Monitoring - Bildungsversorgungs- und Kulturfunktion
Schüler an allgemeinbildenden Schulen mit Förderschwerpunkt je 1.000 Einwohner,156,513,KRE,,6,513,Schüler an allgemeinbildenden Schulen mit Förderschwerpunkt je 1.000 Einwohner,Zentrale Orte Monitoring - Bildungsversorgungs- und Kulturfunktion Schüler an allgemeinbildenden Schulen mit Förderschwerpunkt je 1.000 Einwohner,156,Zentrale Orte Monitoring - Bildungsversorgungs- und Kulturfunktion
Berufsbildende Schulen,156,514,KRE,,4,514,Berufsbildende Schulen,Zentrale Orte Monitoring - Bildungsversorgungs- und Kulturfunktion Berufsbildende Schulen,156,Zentrale Orte Monitoring - Bildungsversorgungs- und Kulturfunktion
Schüler an berufsbildenden Schulen,156,515,KRE,,4,515,Schüler an berufsbildenden Schulen,Zentrale Orte Monitoring - Bildungsversorgungs- und Kulturfunktion Schüler an berufsbildenden Schulen,156,Zentrale Orte Monitoring - Bildungsversorgungs- und Kulturfunktion
Schüler an berufsbildenden Schulen je 1.000 Einwohner,156,516,KRE,,4,516,Schüler an berufsbildenden Schulen je 1.000 Einwohner,Zentrale Orte Monitoring - Bildungsversorgungs- und Kulturfunktion Schüler an berufsbildenden Schulen je 1.000 Einwohner,156,Zentrale Orte Monitoring - Bildungsversorgungs- und Kulturfunktion
Bibliotheken,156,517,KRE,,4,517,Bibliotheken,Zentrale Orte Monitoring - Bildungsversorgungs- und Kulturfunktion Bibliotheken,156,Zentrale Orte Monitoring - Bildungsversorgungs- und Kulturfunktion
Öffentliche Bibliotheken,156,518,KRE,,4,518,Öffentliche Bibliotheken,Zentrale Orte Monitoring - Bildungsversorgungs- und Kulturfunktion Öffentliche Bibliotheken,156,Zentrale Orte Monitoring - Bildungsversorgungs- und Kulturfunktion
Wissenschaftliche Bibliotheken,156,519,KRE,,4,519,Wissenschaftliche Bibliotheken,Zentrale Orte Monitoring - Bildungsversorgungs- und Kulturfunktion Wissenschaftliche Bibliotheken,156,Zentrale Orte Monitoring - Bildungsversorgungs- und Kulturfunktion
Spezialbibliotheken,156,520,KRE,,4,520,Spezialbibliotheken,Zentrale Orte Monitoring - Bildungsversorgungs- und Kulturfunktion Spezialbibliotheken,156,Zentrale Orte Monitoring - Bildungsversorgungs- und Kulturfunktion
Bibliotheksentleihungen,156,521,KRE,,4,521,Bibliotheksentleihungen,Zentrale Orte Monitoring - Bildungsversorgungs- und Kulturfunktion Bibliotheksentleihungen,156,Zentrale Orte Monitoring - Bildungsversorgungs- und Kulturfunktion
Kinos,156,522,KRE,,2,522,Kinos,Zentrale Orte Monitoring - Bildungsversorgungs- und Kulturfunktion Kinos,156,Zentrale Orte Monitoring - Bildungsversorgungs- und Kulturfunktion
Kinosäle,156,523,KRE,,2,523,Kinosäle,Zentrale Orte Monitoring - Bildungsversorgungs- und Kulturfunktion Kinosäle,156,Zentrale Orte Monitoring - Bildungsversorgungs- und Kulturfunktion
Kinositzplätze,156,524,KRE,,2,524,Kinositzplätze,Zentrale Orte Monitoring - Bildungsversorgungs- und Kulturfunktion Kinositzplätze,156,Zentrale Orte Monitoring - Bildungsversorgungs- und Kulturfunktion
Öffentliche Bäder,156,525,KRE,,3,525,Öffentliche Bäder,Zentrale Orte Monitoring - Bildungsversorgungs- und Kulturfunktion Öffentliche Bäder,156,Zentrale Orte Monitoring - Bildungsversorgungs- und Kulturfunktion
Nicht öffentliche Bäder,156,526,KRE,,3,526,Nicht öffentliche Bäder,Zentrale Orte Monitoring - Bildungsversorgungs- und Kulturfunktion Nicht öffentliche Bäder,156,Zentrale Orte Monitoring - Bildungsversorgungs- und Kulturfunktion
Bäder,156,527,KRE,,3,527,Bäder,Zentrale Orte Monitoring - Bildungsversorgungs- und Kulturfunktion Bäder,156,Zentrale Orte Monitoring - Bildungsversorgungs- und Kulturfunktion
Kindertagesstätten,156,528,KRE,,7,528,Kindertagesstätten,Zentrale Orte Monitoring - Bildungsversorgungs- und Kulturfunktion Kindertagesstätten,156,Zentrale Orte Monitoring - Bildungsversorgungs- und Kulturfunktion
Krankenhäuser insgesamt,155,477,KRE,,3,477,Krankenhäuser insgesamt,Zentrale Orte Monitoring - Gesundheitsversorgungsfunktion Krankenhäuser insgesamt,155,Zentrale Orte Monitoring - Gesundheitsversorgungsfunktion
Krankenhäuser ohne allg. stationäre Notfallversorgung,155,478,KRE,,3,478,Krankenhäuser ohne allg. stationäre Notfallversorgung,Zentrale Orte Monitoring - Gesundheitsversorgungsfunktion Krankenhäuser ohne allg. stationäre Notfallversorgung,155,Zentrale Orte Monitoring - Gesundheitsversorgungsfunktion
Krankenhäuser der Basisnotfallversorgung,155,479,KRE,,3,479,Krankenhäuser der Basisnotfallversorgung,Zentrale Orte Monitoring - Gesundheitsversorgungsfunktion Krankenhäuser der Basisnotfallversorgung,155,Zentrale Orte Monitoring - Gesundheitsversorgungsfunktion
Krankenhäuser der Erweiterten Notfallversorgung,155,480,KRE,,3,480,Krankenhäuser der Erweiterten Notfallversorgung,Zentrale Orte Monitoring - Gesundheitsversorgungsfunktion Krankenhäuser der Erweiterten Notfallversorgung,155,Zentrale Orte Monitoring - Gesundheitsversorgungsfunktion
Krankenhäuser der Umfassenden Notfallversorgung,155,481,KRE,,3,481,Krankenhäuser der Umfassenden Notfallversorgung,Zentrale Orte Monitoring - Gesundheitsversorgungsfunktion Krankenhäuser der Umfassenden Notfallversorgung,155,Zentrale Orte Monitoring - Gesundheitsversorgungsfunktion
Krankenhäuser mit Schwerverletztenversorgung,155,482,KRE,,3,482,Krankenhäuser mit Schwerverletztenversorgung,Zentrale Orte Monitoring - Gesundheitsversorgungsfunktion Krankenhäuser mit Schwerverletztenversorgung,155,Zentrale Orte Monitoring - Gesundheitsversorgungsfunktion
Krankenhäuser mit Nofallversorgung Kinder,155,483,KRE,,3,483,Krankenhäuser mit Nofallversorgung Kinder,Zentrale Orte Monitoring - Gesundheitsversorgungsfunktion Krankenhäuser mit Nofallversorgung Kinder,155,Zentrale Orte Monitoring - Gesundheitsversorgungsfunktion
Krankenhäuser mit Spezialversorgung,155,484,KRE,,3,484,Krankenhäuser mit Spezialversorgung,Zentrale Orte Monitoring - Gesundheitsversorgungsfunktion Krankenhäuser mit Spezialversorgung,155,Zentrale Orte Monitoring - Gesundheitsversorgungsfunktion
Krankenhäuser mit Schlaganfallversorgung,155,485,KRE,,3,485,Krankenhäuser mit Schlaganfallversorgung,Zentrale Orte Monitoring - Gesundheitsversorgungsfunktion Krankenhäuser mit Schlaganfallversorgung,155,Zentrale Orte Monitoring - Gesundheitsversorgungsfunktion
Krankenhäuser mit Versorgung für akute Herzerkrankungen,155,486,KRE,,3,486,Krankenhäuser mit Versorgung für akute Herzerkrankungen,Zentrale Orte Monitoring - Gesundheitsversorgungsfunktion Krankenhäuser mit Versorgung für akute Herzerkrankungen,155,Zentrale Orte Monitoring - Gesundheitsversorgungsfunktion
Krankenhausbetten,155,487,KRE,,3,487,Krankenhausbetten,Zentrale Orte Monitoring - Gesundheitsversorgungsfunktion Krankenhausbetten,155,Zentrale Orte Monitoring - Gesundheitsversorgungsfunktion
Krankenhausbetten je 1.000 Einwohner,155,488,KRE,,3,488,Krankenhausbetten je 1.000 Einwohner,Zentrale Orte Monitoring - Gesundheitsversorgungsfunktion Krankenhausbetten je 1.000 Einwohner,155,Zentrale Orte Monitoring - Gesundheitsversorgungsfunktion
Nahversorgung Apotheke,155,489,KRE,,,489,Nahversorgung Apotheke,Zentrale Orte Monitoring - Gesundheitsversorgungsfunktion Nahversorgung Apotheke,155,Zentrale Orte Monitoring - Gesundheitsversorgungsfunktion
Ärzte,155,490,KRE,,8,490,Ärzte,Zentrale Orte Monitoring - Gesundheitsversorgungsfunktion Ärzte,155,Zentrale Orte Monitoring - Gesundheitsversorgungsfunktion
Einwohner je Arzt,155,491,KRE,,6,491,Einwohner je Arzt,Zentrale Orte Monitoring - Gesundheitsversorgungsfunktion Einwohner je Arzt,155,Zentrale Orte Monitoring - Gesundheitsversorgungsfunktion
Hausärzte,155,492,KRE,,8,492,Hausärzte,Zentrale Orte Monitoring - Gesundheitsversorgungsfunktion Hausärzte,155,Zentrale Orte Monitoring - Gesundheitsversorgungsfunktion
Allgemeinärzte,155,493,KRE,,8,493,Allgemeinärzte,Zentrale Orte Monitoring - Gesundheitsversorgungsfunktion Allgemeinärzte,155,Zentrale Orte Monitoring - Gesundheitsversorgungsfunktion
Internisten,155,494,KRE,,8,494,Internisten,Zentrale Orte Monitoring - Gesundheitsversorgungsfunktion Internisten,155,Zentrale Orte Monitoring - Gesundheitsversorgungsfunktion
Kinderärzte,155,495,KRE,,8,495,Kinderärzte,Zentrale Orte Monitoring - Gesundheitsversorgungsfunktion Kinderärzte,155,Zentrale Orte Monitoring - Gesundheitsversorgungsfunktion
Apotheken,155,496,KRE,,6,496,Apotheken,Zentrale Orte Monitoring - Gesundheitsversorgungsfunktion Apotheken,155,Zentrale Orte Monitoring - Gesundheitsversorgungsfunktion
Seniorenheime,155,497,KRE,,,497,Seniorenheime,Zentrale Orte Monitoring - Gesundheitsversorgungsfunktion Seniorenheime,155,Zentrale Orte Monitoring - Gesundheitsversorgungsfunktion
Gemeindeverwaltungen,152,426,KRE,,4,426,Gemeindeverwaltungen,Zentrale Orte Monitoring - Öffentliche Verwaltungsfunktion Gemeindeverwaltungen,152,Zentrale Orte Monitoring - Öffentliche Verwaltungsfunktion
Kreisverwaltungen,152,427,KRE,,4,427,Kreisverwaltungen,Zentrale Orte Monitoring - Öffentliche Verwaltungsfunktion Kreisverwaltungen,152,Zentrale Orte Monitoring - Öffentliche Verwaltungsfunktion
Finanzämter,152,428,KRE,,2,428,Finanzämter,Zentrale Orte Monitoring - Öffentliche Verwaltungsfunktion Finanzämter,152,Zentrale Orte Monitoring - Öffentliche Verwaltungsfunktion
Polizeidienststellen,152,429,KRE,,,429,Polizeidienststellen,Zentrale Orte Monitoring - Öffentliche Verwaltungsfunktion Polizeidienststellen,152,Zentrale Orte Monitoring - Öffentliche Verwaltungsfunktion
"Polizeidienststellen, teilweise besetzt",152,430,KRE,,,430,"Polizeidienststellen, teilweise besetzt","Zentrale Orte Monitoring - Öffentliche Verwaltungsfunktion Polizeidienststellen, teilweise besetzt",152,Zentrale Orte Monitoring - Öffentliche Verwaltungsfunktion
"Polizeidienststellen, durchgehend besetzt",152,431,KRE,,,431,"Polizeidienststellen, durchgehend besetzt","Zentrale Orte Monitoring - Öffentliche Verwaltungsfunktion Polizeidienststellen, durchgehend besetzt",152,Zentrale Orte Monitoring - Öffentliche Verwaltungsfunktion
Arbeitsmarktverwaltungseinrichtungen,152,432,KRE,,4,432,Arbeitsmarktverwaltungseinrichtungen,Zentrale Orte Monitoring - Öffentliche Verwaltungsfunktion Arbeitsmarktverwaltungseinrichtungen,152,Zentrale Orte Monitoring - Öffentliche Verwaltungsfunktion
Jobcenter,152,433,KRE,,4,433,Jobcenter,Zentrale Orte Monitoring - Öffentliche Verwaltungsfunktion Jobcenter,152,Zentrale Orte Monitoring - Öffentliche Verwaltungsfunktion
Arbeitsagenturen,152,434,KRE,,4,434,Arbeitsagenturen,Zentrale Orte Monitoring - Öffentliche Verwaltungsfunktion Arbeitsagenturen,152,Zentrale Orte Monitoring - Öffentliche Verwaltungsfunktion
Sonstige Arbeitsmarktverwaltungseinrichtungen,152,435,KRE,,4,435,Sonstige Arbeitsmarktverwaltungseinrichtungen,Zentrale Orte Monitoring - Öffentliche Verwaltungsfunktion Sonstige Arbeitsmarktverwaltungseinrichtungen,152,Zentrale Orte Monitoring - Öffentliche Verwaltungsfunktion
Gerichte,152,436,KRE,,7,436,Gerichte,Zentrale Orte Monitoring - Öffentliche Verwaltungsfunktion Gerichte,152,Zentrale Orte Monitoring - Öffentliche Verwaltungsfunktion
Amtsgerichte,152,437,KRE,,7,437,Amtsgerichte,Zentrale Orte Monitoring - Öffentliche Verwaltungsfunktion Amtsgerichte,152,Zentrale Orte Monitoring - Öffentliche Verwaltungsfunktion
Nebenstelle eines Amtsgerichts,152,438,KRE,,7,438,Nebenstelle eines Amtsgerichts,Zentrale Orte Monitoring - Öffentliche Verwaltungsfunktion Nebenstelle eines Amtsgerichts,152,Zentrale Orte Monitoring - Öffentliche Verwaltungsfunktion
Landgerichte,152,439,KRE,,7,439,Landgerichte,Zentrale Orte Monitoring - Öffentliche Verwaltungsfunktion Landgerichte,152,Zentrale Orte Monitoring - Öffentliche Verwaltungsfunktion
Nebenstelle eines Landgerichts,152,440,KRE,,7,440,Nebenstelle eines Landgerichts,Zentrale Orte Monitoring - Öffentliche Verwaltungsfunktion Nebenstelle eines Landgerichts,152,Zentrale Orte Monitoring - Öffentliche Verwaltungsfunktion
Oberlandesgerichte,152,441,KRE,,7,441,Oberlandesgerichte,Zentrale Orte Monitoring - Öffentliche Verwaltungsfunktion Oberlandesgerichte,152,Zentrale Orte Monitoring - Öffentliche Verwaltungsfunktion
Nebenstelle eines Oberlandesgerichts,152,442,KRE,,7,442,Nebenstelle eines Oberlandesgerichts,Zentrale Orte Monitoring - Öffentliche Verwaltungsfunktion Nebenstelle eines Oberlandesgerichts,152,Zentrale Orte Monitoring - Öffentliche Verwaltungsfunktion
Bevölkerung,151,420,KRE,,7,420,Bevölkerung,Zentrale Orte Monitoring - Rahmendaten Zentraler Orte  Bevölkerung,151,Zentrale Orte Monitoring - Rahmendaten Zentraler Orte 
Bodenfläche gesamt qkm,151,421,KRE,,7,421,Bodenfläche gesamt qkm,Zentrale Orte Monitoring - Rahmendaten Zentraler Orte  Bodenfläche gesamt qkm,151,Zentrale Orte Monitoring - Rahmendaten Zentraler Orte 
Einwohnerdichte,151,422,KRE,,7,422,Einwohnerdichte,Zentrale Orte Monitoring - Rahmendaten Zentraler Orte  Einwohnerdichte,151,Zentrale Orte Monitoring - Rahmendaten Zentraler Orte 
Bevölkerungsentwicklung,151,423,KRE,,7,423,Bevölkerungsentwicklung,Zentrale Orte Monitoring - Rahmendaten Zentraler Orte  Bevölkerungsentwicklung,151,Zentrale Orte Monitoring - Rahmendaten Zentraler Orte 
Siedlungs- und Verkehrsfläche,151,424,KRE,,7,424,Siedlungs- und Verkehrsfläche,Zentrale Orte Monitoring - Rahmendaten Zentraler Orte  Siedlungs- und Verkehrsfläche,151,Zentrale Orte Monitoring - Rahmendaten Zentraler Orte 
Siedlungsdichte in km²,151,425,KRE,,7,425,Siedlungsdichte in km²,Zentrale Orte Monitoring - Rahmendaten Zentraler Orte  Siedlungsdichte in km²,151,Zentrale Orte Monitoring - Rahmendaten Zentraler Orte 
ÖV-Haltestellen,154,453,KRE,,3,453,ÖV-Haltestellen,Zentrale Orte Monitoring - Verkehrs- und Kommunikationsfunktion ÖV-Haltestellen,154,Zentrale Orte Monitoring - Verkehrs- und Kommunikationsfunktion
Bahnhaltestellen,154,454,KRE,,3,454,Bahnhaltestellen,Zentrale Orte Monitoring - Verkehrs- und Kommunikationsfunktion Bahnhaltestellen,154,Zentrale Orte Monitoring - Verkehrs- und Kommunikationsfunktion
Bushaltestellen,154,455,KRE,,3,455,Bushaltestellen,Zentrale Orte Monitoring - Verkehrs- und Kommunikationsfunktion Bushaltestellen,154,Zentrale Orte Monitoring - Verkehrs- und Kommunikationsfunktion
U-/Strassenbahnhaltestellen,154,456,KRE,,3,456,U-/Strassenbahnhaltestellen,Zentrale Orte Monitoring - Verkehrs- und Kommunikationsfunktion U-/Strassenbahnhaltestellen,154,Zentrale Orte Monitoring - Verkehrs- und Kommunikationsfunktion
hochfrequentierte ÖV-Haltestellen,154,457,KRE,,2,457,hochfrequentierte ÖV-Haltestellen,Zentrale Orte Monitoring - Verkehrs- und Kommunikationsfunktion hochfrequentierte ÖV-Haltestellen,154,Zentrale Orte Monitoring - Verkehrs- und Kommunikationsfunktion
hochfrequentierte Bahnhaltestellen,154,458,KRE,,2,458,hochfrequentierte Bahnhaltestellen,Zentrale Orte Monitoring - Verkehrs- und Kommunikationsfunktion hochfrequentierte Bahnhaltestellen,154,Zentrale Orte Monitoring - Verkehrs- und Kommunikationsfunktion
hochfrequentierte Bushaltestellen,154,459,KRE,,2,459,hochfrequentierte Bushaltestellen,Zentrale Orte Monitoring - Verkehrs- und Kommunikationsfunktion hochfrequentierte Bushaltestellen,154,Zentrale Orte Monitoring - Verkehrs- und Kommunikationsfunktion
hochfrequentierte U-/Strassenbahnhaltestellen,154,460,KRE,,2,460,hochfrequentierte U-/Strassenbahnhaltestellen,Zentrale Orte Monitoring - Verkehrs- und Kommunikationsfunktion hochfrequentierte U-/Strassenbahnhaltestellen,154,Zentrale Orte Monitoring - Verkehrs- und Kommunikationsfunktion
ÖV-Abfahrten,154,461,KRE,,3,461,ÖV-Abfahrten,Zentrale Orte Monitoring - Verkehrs- und Kommunikationsfunktion ÖV-Abfahrten,154,Zentrale Orte Monitoring - Verkehrs- und Kommunikationsfunktion
Bahn-Abfahrten,154,462,KRE,,3,462,Bahn-Abfahrten,Zentrale Orte Monitoring - Verkehrs- und Kommunikationsfunktion Bahn-Abfahrten,154,Zentrale Orte Monitoring - Verkehrs- und Kommunikationsfunktion
Bus-Abfahrten,154,463,KRE,,3,463,Bus-Abfahrten,Zentrale Orte Monitoring - Verkehrs- und Kommunikationsfunktion Bus-Abfahrten,154,Zentrale Orte Monitoring - Verkehrs- und Kommunikationsfunktion
U-/Straßenbahn-Abfahrten,154,464,KRE,,3,464,U-/Straßenbahn-Abfahrten,Zentrale Orte Monitoring - Verkehrs- und Kommunikationsfunktion U-/Straßenbahn-Abfahrten,154,Zentrale Orte Monitoring - Verkehrs- und Kommunikationsfunktion
Erreichbarkeit von IC-/EC-/ICE-Bahnhöfen,154,465,KRE,,,465,Erreichbarkeit von IC-/EC-/ICE-Bahnhöfen,Zentrale Orte Monitoring - Verkehrs- und Kommunikationsfunktion Erreichbarkeit von IC-/EC-/ICE-Bahnhöfen,154,Zentrale Orte Monitoring - Verkehrs- und Kommunikationsfunktion
Erreichbarkeit Autobahnen,154,466,KRE,,,466,Erreichbarkeit Autobahnen,Zentrale Orte Monitoring - Verkehrs- und Kommunikationsfunktion Erreichbarkeit Autobahnen,154,Zentrale Orte Monitoring - Verkehrs- und Kommunikationsfunktion
Erreichbarkeit Flughäfen,154,467,KRE,,,467,Erreichbarkeit Flughäfen,Zentrale Orte Monitoring - Verkehrs- und Kommunikationsfunktion Erreichbarkeit Flughäfen,154,Zentrale Orte Monitoring - Verkehrs- und Kommunikationsfunktion
Erreichbarkeit KV-Terminal,154,468,KRE,,,468,Erreichbarkeit KV-Terminal,Zentrale Orte Monitoring - Verkehrs- und Kommunikationsfunktion Erreichbarkeit KV-Terminal,154,Zentrale Orte Monitoring - Verkehrs- und Kommunikationsfunktion
Erreichbarkeit von Mittelzentren,154,469,KRE,,,469,Erreichbarkeit von Mittelzentren,Zentrale Orte Monitoring - Verkehrs- und Kommunikationsfunktion Erreichbarkeit von Mittelzentren,154,Zentrale Orte Monitoring - Verkehrs- und Kommunikationsfunktion
Erreichbarkeit von Oberzentren,154,470,KRE,,,470,Erreichbarkeit von Oberzentren,Zentrale Orte Monitoring - Verkehrs- und Kommunikationsfunktion Erreichbarkeit von Oberzentren,154,Zentrale Orte Monitoring - Verkehrs- und Kommunikationsfunktion
Bandbreitenverfügbarkeit mindestens 50 Mbit/s,154,471,KRE,,5,471,Bandbreitenverfügbarkeit mindestens 50 Mbit/s,Zentrale Orte Monitoring - Verkehrs- und Kommunikationsfunktion Bandbreitenverfügbarkeit mindestens 50 Mbit/s,154,Zentrale Orte Monitoring - Verkehrs- und Kommunikationsfunktion
Bandbreitenverfügbarkeit mindestens 100 Mbit/s,154,472,KRE,,5,472,Bandbreitenverfügbarkeit mindestens 100 Mbit/s,Zentrale Orte Monitoring - Verkehrs- und Kommunikationsfunktion Bandbreitenverfügbarkeit mindestens 100 Mbit/s,154,Zentrale Orte Monitoring - Verkehrs- und Kommunikationsfunktion
Bandbreitenverfügbarkeit mindestens 1.000 Mbit/s,154,473,KRE,,4,473,Bandbreitenverfügbarkeit mindestens 1.000 Mbit/s,Zentrale Orte Monitoring - Verkehrs- und Kommunikationsfunktion Bandbreitenverfügbarkeit mindestens 1.000 Mbit/s,154,Zentrale Orte Monitoring - Verkehrs- und Kommunikationsfunktion
Postfilialen der Deutschen Post AG,154,474,KRE,,4,474,Postfilialen der Deutschen Post AG,Zentrale Orte Monitoring - Verkehrs- und Kommunikationsfunktion Postfilialen der Deutschen Post AG,154,Zentrale Orte Monitoring - Verkehrs- und Kommunikationsfunktion
Postagenturen der Deutschen Post AG,154,475,KRE,,4,475,Postagenturen der Deutschen Post AG,Zentrale Orte Monitoring - Verkehrs- und Kommunikationsfunktion Postagenturen der Deutschen Post AG,154,Zentrale Orte Monitoring - Verkehrs- und Kommunikationsfunktion
Postfillialen insgesamt,154,476,KRE,,,476,Postfillialen insgesamt,Zentrale Orte Monitoring - Verkehrs- und Kommunikationsfunktion Postfillialen insgesamt,154,Zentrale Orte Monitoring - Verkehrs- und Kommunikationsfunktion
sozialversicherungspflichtig Beschäftigte am Arbeitsort,153,443,KRE,,7,443,sozialversicherungspflichtig Beschäftigte am Arbeitsort,Zentrale Orte Monitoring - Wirtschafts- und Arbeitsmarktfunktion sozialversicherungspflichtig Beschäftigte am Arbeitsort,153,Zentrale Orte Monitoring - Wirtschafts- und Arbeitsmarktfunktion
sozialversicherungspflichtig Beschäftigte am Wohnort,153,444,KRE,,8,444,sozialversicherungspflichtig Beschäftigte am Wohnort,Zentrale Orte Monitoring - Wirtschafts- und Arbeitsmarktfunktion sozialversicherungspflichtig Beschäftigte am Wohnort,153,Zentrale Orte Monitoring - Wirtschafts- und Arbeitsmarktfunktion
Beschäftigtendichte (AO),153,445,KRE,,7,445,Beschäftigtendichte (AO),Zentrale Orte Monitoring - Wirtschafts- und Arbeitsmarktfunktion Beschäftigtendichte (AO),153,Zentrale Orte Monitoring - Wirtschafts- und Arbeitsmarktfunktion
Beschäftigtendichte (WO),153,446,KRE,,7,446,Beschäftigtendichte (WO),Zentrale Orte Monitoring - Wirtschafts- und Arbeitsmarktfunktion Beschäftigtendichte (WO),153,Zentrale Orte Monitoring - Wirtschafts- und Arbeitsmarktfunktion
sozialversicherungspflichtig Beschäftigte Einpendler,153,447,KRE,,8,447,sozialversicherungspflichtig Beschäftigte Einpendler,Zentrale Orte Monitoring - Wirtschafts- und Arbeitsmarktfunktion sozialversicherungspflichtig Beschäftigte Einpendler,153,Zentrale Orte Monitoring - Wirtschafts- und Arbeitsmarktfunktion
sozialversicherungspflichtig Beschäftigte Auspendler,153,448,KRE,,8,448,sozialversicherungspflichtig Beschäftigte Auspendler,Zentrale Orte Monitoring - Wirtschafts- und Arbeitsmarktfunktion sozialversicherungspflichtig Beschäftigte Auspendler,153,Zentrale Orte Monitoring - Wirtschafts- und Arbeitsmarktfunktion
sozialversicherungspflichtig Beschäftigte Binnenpendler ,153,449,KRE,,7,449,sozialversicherungspflichtig Beschäftigte Binnenpendler ,Zentrale Orte Monitoring - Wirtschafts- und Arbeitsmarktfunktion sozialversicherungspflichtig Beschäftigte Binnenpendler ,153,Zentrale Orte Monitoring - Wirtschafts- und Arbeitsmarktfunktion
Pendlersaldo,153,450,KRE,,7,450,Pendlersaldo,Zentrale Orte Monitoring - Wirtschafts- und Arbeitsmarktfunktion Pendlersaldo,153,Zentrale Orte Monitoring - Wirtschafts- und Arbeitsmarktfunktion
Arbeitsplatzzentralität,153,451,KRE,,7,451,Arbeitsplatzzentralität,Zentrale Orte Monitoring - Wirtschafts- und Arbeitsmarktfunktion Arbeitsplatzzentralität,153,Zentrale Orte Monitoring - Wirtschafts- und Arbeitsmarktfunktion
Arbeitslosigkeit,153,452,KRE,,7,452,Arbeitslosigkeit,Zentrale Orte Monitoring - Wirtschafts- und Arbeitsmarktfunktion Arbeitslosigkeit,153,Zentrale Orte Monitoring - Wirtschafts- und Arbeitsmarktfunktion
