AGS,GEN,BEZ,EWZ,KFL_km2,Turbine_Count,Total_Bruttoleistung_kW,Total_Nettoleistung_kW,Landkreis_Names,Steuerkraft,Einwohnerdichte,Waldflaeche_Prozent,Landwirtschaft_Prozent,Beschaeftigte_Primar,Beschaeftigte_Sekundar,Beschaeftigte_Tertiar,Wind_Density_kW_km2,Economic_Structure,Predicted_Wind_Density,Residuals,Residuals_Std,Performance_Class
01001,Flensburg,Kreisfreie Stadt,92667,56.73,25,69110,69110,Flensburg,1067.32995605469,1699.81994628906,7.40000009536743,19.8700008392334,0,15.400001525878906,84.5999984741211,1218.226687819496,Dienstleistungsorientiert,231.47380407720965,986.7528837422884,5.560591528154081,Outperformer (Hoch)
01002,Kiel,Kreisfreie Stadt,248873,118.65,1,75,75,Kiel,1165.18994140625,2121.80004882813,6.94000005722046,23.3500003814697,0,15.529998779296903,84.4700012207031,0.6321112515802781,Dienstleistungsorientiert,165.04463388085193,-164.41252262927122,-0.9265043918468422,Normal
01003,Lübeck,Kreisfreie Stadt,219044,214.19,17,14650,14650,Lübeck,997.030029296875,1013.40002441406,15.4399995803833,30.1900005340576,0.100000001490116,23.5699996948242,76.3300018310547,68.39721742378262,Dienstleistungsorientiert,227.27078914999498,-158.87357172621262,-0.8952910617680896,Normal
01004,Neumünster,Kreisfreie Stadt,80185,71.66,1,9.66,9.66,Neumünster,1103.26000976563,1108.85998535156,4.65999984741211,37.5800018310547,0.810000002384186,19.8099994659424,79.379997253418,0.1348032375104661,Dienstleistungsorientiert,289.92862428413724,-289.79382104662653,-1.633058380444652,Underperformer (Tief)
01051,Dithmarschen,Kreis,135653,1428.18,886,2249044.64,2249044.64,Dithmarschen,1116.56005859375,93.4899978637695,3.8199999332428,75.1600036621094,4.09000015258789,24.8500003814697,71.0599975585938,1574.762732988839,Ländlich/Agrarisch,381.38845794757583,1193.3742750412634,6.724953119513321,Outperformer (Hoch)
01053,Herzogtum Lauenburg,Kreis,204836,1263.05,65,105086,105086,Herzogtum Lauenburg,1001.05999755859,162.660003662109,26.2099990844727,56.4500007629395,1.54999995231628,26.3099994659424,72.1399993896484,83.20019001623055,Dienstleistungsorientiert,215.72305777721306,-132.52286776098245,-0.746798461802987,Normal
01054,Nordfriesland,Kreis,170007,2083.53,961,2426011.6,2426011.6,Nordfriesland,1308.03002929688,81.6100006103516,4.26000022888184,75.629997253418,2.29999995231628,18.1700000762939,79.5199966430664,1164.3756509385514,Dienstleistungsorientiert,355.59610842142814,808.7795425171239,4.5576686385845075,Outperformer (Hoch)
01055,Ostholstein,Kreis,204275,1392.99,332,731612,731612,Ostholstein,1024.34997558594,144.669998168945,10.1700000762939,71.1800003051758,1.41999995708466,20.3400001525879,78.2399978637695,525.2098005010804,Dienstleistungsorientiert,316.1534868074472,209.0563136936334,1.1780829688819492,Normal
01056,Pinneberg,Kreis,324018,664.27,16,30918,30918,Pinneberg,1284.61999511719,487.410003662109,8.84000015258789,60.7799987792969,2.23000001907349,27.3199996948242,70.4599990844727,46.544326855043884,Dienstleistungsorientiert,280.1118720318004,-233.5675451767563,-1.316209695821694,Normal
01057,Plön,Kreis,131370,1083.58,41,42770,42770,Plön,895.760009765625,120.559997558594,11.3999996185303,67.4599990844727,2.64000010490417,22.4799995422363,74.879997253418,39.471012754019085,Dienstleistungsorientiert,339.1187144981593,-299.64770174414025,-1.6885873851517172,Underperformer (Tief)
01058,Rendsburg-Eckernförde,Kreis,279864,2189.75,217,557461.9,557461.9,Rendsburg-Eckernförde,999.590026855469,126.900001525879,11.6999998092651,69.3199996948242,2.60999989509583,23.7800006866455,73.5999984741211,254.57787418655099,Dienstleistungsorientiert,321.32537798140555,-66.74750379485445,-0.37613835261315065,Normal
01059,Schleswig-Flensburg,Kreis,206385,2071.33,491,1210615.7,1210615.7,Schleswig-Flensburg,1015.23999023438,98.8600006103516,7.1399998664856,73.7099990844727,2.94000005722046,22.8400001525879,74.2099990844727,584.4629778934308,Dienstleistungsorientiert,355.10696332270044,229.35601457073034,1.2924767006673106,Normal
01060,Segeberg,Kreis,287175,1344.46,83,207258.3,207258.3,Segeberg,1203.93005371094,209.949996948242,17.3700008392334,64.370002746582,1.05999994277954,26.5699996948242,72.3600006103516,154.15728247772338,Dienstleistungsorientiert,236.68265606956558,-82.52537359184207,-0.46505047090634755,Normal
01061,Steinburg,Kreis,133072,1055.7,320,808181.1,808181.1,Steinburg,1000.46002197266,125.459999084473,9.22999954223633,71.2900009155273,2.76999998092651,28.3199996948242,68.9000015258789,765.5404944586529,Dienstleistungsorientiert,327.55956349281826,437.98093096583483,2.468128641271571,Outperformer (Hoch)
01062,Stormarn,Kreis,248267,766.25,41,70182.5,70182.5,Stormarn,1395.68005371094,321.309997558594,13.9300003051758,64.5999984741211,0.949999988079071,29.6700000762939,69.370002746582,91.59216965742252,Dienstleistungsorientiert,225.0251881978699,-133.43301854044716,-0.7519273819176568,Normal
02000,Hamburg,Kreisfreie Stadt,1910160,755.09,71,125499.8,125499.8,Hamburg,1977.88000488281,2452.14990234375,8.27999973297119,22.7900009155273,0.0799999982118607,15.6099996566772,84.3099975585938,166.2050881351892,Dienstleistungsorientiert,55.93918727864512,110.2659008565442,0.6213750618308941,Normal
03101,Braunschweig,Kreisfreie Stadt,252066,192.7,5,7100,7100,Braunschweig,1273.06005859375,1315.66003417969,13.3900003433228,36.1300010681152,0.0500000007450581,20.6200008392334,79.3300018310547,36.84483653347172,Dienstleistungsorientiert,176.63935482967983,-139.79451829620797,-0.7877759740333262,Normal
03102,Salzgitter,Kreisfreie Stadt,105039,224.49,66,146730,146730,Salzgitter,964.710021972656,467.980010986328,18.0499992370605,49.4599990844727,0.319999992847443,55.6699981689453,44,653.614860350127,Industriell,170.7829777517411,482.831882598386,2.7208746182904213,Outperformer (Hoch)
03103,Wolfsburg,Kreisfreie Stadt,127256,204.62,10,5216,5216,Wolfsburg,2168.169921875,632.130004882813,24.0300006866455,39.9599990844727,0,62,38,25.491154334864625,Industriell,20.374340122693525,5.116814212171286,0.028834487568387957,Normal
03151,Gifhorn,Landkreis,180679,1567.57,95,236700,236700,Gifhorn,952.919982910156,112.199996948242,35,50.3600006103516,1.49000000953674,23.2900009155273,75.2200012207031,150.99804155476312,Dienstleistungsorientiert,179.31297279434753,-28.314931239584304,-0.1595614964650245,Normal
03153,Goslar,Landkreis,134485,966.73,23,49582.5,49582.5,Goslar,922.97998046875,132.110000610352,58.2900009155273,27.7999992370605,0.5,25.7000007629395,73.8000030517578,51.28888107330899,Dienstleistungsorientiert,34.543440122661956,16.74544095064709,0.09436461612580545,Normal
03154,Helmstedt,Landkreis,92123,676.12,64,120100,120100,Helmstedt,886.27001953125,134.139999389648,25.6900005340576,58.5499992370605,0,22.370002746582003,77.629997253418,177.6311897296338,Dienstleistungsorientiert,214.7452886093813,-37.11409887974741,-0.20914693760316994,Normal
03155,Northeim,Landkreis,132939,1268.77,41,68100,68100,Northeim,882.630004882813,99.5500030517578,38.8899993896484,48.1100006103516,4.86999988555908,35.4300003051758,59.7000007629395,53.67403075419501,Industriell,180.6278406151011,-126.95380986090613,-0.7154154715030047,Normal
03157,Peine,Landkreis,139170,536.5,100,220280,220280,Peine,846.409973144531,255.330001831055,10.5900001525879,67.9000015258789,0.889999985694885,31.0400009155273,68.0599975585938,410.5871388630009,Dienstleistungsorientiert,286.80079000020567,123.78634886279545,0.6975660615017334,Normal
03158,Wolfenbüttel,Landkreis,120755,724.31,80,177540,177540,Wolfenbüttel,1048.63000488281,163.660003662109,19.4099998474121,67.0299987792969,1.39999997615814,23.2199993133545,75.379997253418,245.11604147395454,Dienstleistungsorientiert,245.20977227200973,-0.09373079805499765,-5.281957521270661e-4,Normal
03159,Göttingen,Landkreis,328952,1755.39,56,86950,86950,Göttingen,1040.32995605469,187.229995727539,42.4599990844727,42.0900001525879,0.550000011920929,22.0599994659424,77.4000015258789,49.53315217700909,Dienstleistungsorientiert,115.26508420866054,-65.73193203165128,-0.37041535971822953,Normal
03241,Region Hannover,Landkreis,1177676,2297.13,259,440077.9,440077.9,Region Hannover,1406.18005371094,495.809997558594,20.3999996185303,51.3699989318848,0.239999994635582,19.6599998474121,80.0999984741211,191.57727250960983,Dienstleistungsorientiert,194.41711932260978,-2.839846812999744,-0.01600322470782465,Normal
03251,Diepholz,Landkreis,223832,1991.05,407,841451.2,841451.2,Diepholz,1108.31005859375,110.870002746582,10.3199996948242,69.6800003051758,2.44000005722046,29.6599998474121,67.9000015258789,422.6168102257603,Dienstleistungsorientiert,309.52901195936306,113.08779826639741,0.6372771373039746,Normal
03252,Hameln-Pyrmont,Landkreis,150377,797.52,77,169105.6,169105.6,Hameln-Pyrmont,914.460021972656,188.75,31.9200000762939,51.6500015258789,1.08000004291534,27.9799995422363,70.9400024414063,212.03932189788344,Dienstleistungsorientiert,176.01057653013123,36.02874536775237,0.20303070765007028,Normal
03254,Hildesheim,Landkreis,278571,1208.33,82,150700.6,150700.6,Hildesheim,969.02001953125,222.059997558594,24.5599994659424,57.8800010681152,0.400000005960464,28.1499996185303,71.4499969482422,124.71808198091583,Dienstleistungsorientiert,199.57937529430475,-74.86129331338874,-0.4218615220118332,Normal
03255,Holzminden,Landkreis,70706,694.25,39,51250,51250,Holzminden,963.909973144531,95.1900024414063,46.3400001525879,41.2400016784668,0.75,46.4900016784668,52.7599983215332,73.82066978754051,Industriell,53.153242055266254,20.667427732274415,0.11646596169141411,Normal
03256,Nienburg (Weser),Landkreis,123888,1400.8,225,402995.9,402995.9,Nienburg (Weser),948.669982910156,86.8899993896484,19.4500007629395,63.0200004577637,2.26999998092651,33.1500015258789,64.5899963378906,287.6898201027984,Ausgeglichen,260.0734384563646,27.616381646433908,0.15562500029291687,Normal
03257,Schaumburg,Landkreis,160236,675.67,40,43250,43250,Schaumburg,862.330017089844,232.440002441406,26.1599998474121,53.189998626709,0.740000009536743,27.0200004577637,72.2399978637695,64.01053768851659,Dienstleistungsorientiert,211.1362147186471,-147.12567703013036,-0.8290888293784223,Normal
03351,Celle,Landkreis,182352,1550.82,98,164300,164300,Celle,959.820007324219,111.470001220703,46.5,36.7900009155273,1.51999998092651,29.4699993133545,69.0100021362305,105.94395223172258,Dienstleistungsorientiert,108.65106682579767,-2.7071145940750783,-0.015255246501501665,Normal
03352,Cuxhaven,Landkreis,201838,2058.96,524,808131.2,808131.2,Cuxhaven,894.190002441406,96.8399963378906,9.5600004196167,71.8399963378906,3.60999989509583,26.1499996185303,70.2399978637695,392.4948517698255,Ländlich/Agrarisch,351.67206056644585,40.822791203379786,0.23004631723012234,Normal
03353,Harburg,Landkreis,263616,1248.47,109,238504.5,238504.5,Harburg,1078.38000488281,212.080001831055,28.3199996948242,50.1699981689453,2.03999996185303,20.2399997711182,77.7200012207031,191.03742981409243,Dienstleistungsorientiert,221.85125406332617,-30.81382424923367,-0.17364336389927135,Normal
03354,Lüchow-Dannenberg,Landkreis,49209,1227.33,71,102200,102200,Lüchow-Dannenberg,740.030029296875,38.1399993896484,37.8199996948242,50.5699996948242,3.92000007629395,28.8199996948242,67.2600021362305,83.27018813196125,Ländlich/Agrarisch,203.5163437238908,-120.24615559192956,-0.6776162148538607,Normal
03355,Lüneburg,Landkreis,188859,1327.84,115,265540,265540,Lüneburg,995.590026855469,135.110000610352,33.560001373291,50.7400016784668,1.79999995231628,22.3199996948242,75.879997253418,199.97891312206292,Dienstleistungsorientiert,189.61716917786606,10.361743944197046,0.05839093712550214,Normal
03356,Osterholz,Landkreis,116487,652.67,80,135440,135440,Osterholz,920.989990234375,174.339996337891,13.9399995803833,64.6800003051758,1.83000004291534,24.7600002288818,73.4100036621094,207.51681554231084,Dienstleistungsorientiert,301.05655433240486,-93.539738790094,-0.5271190868876013,Normal
03357,Rotenburg (Wümme),Landkreis,168454,2074.75,241,546505.6,546505.6,Rotenburg (Wümme),997.010009765625,79.8000030517578,17.75,65.8199996948242,2.61999988555908,25.3099994659424,72.0800018310547,263.40792866610434,Dienstleistungsorientiert,286.7638286206663,-23.355899954561842,-0.13161615391201628,Normal
03358,Heidekreis,Landkreis,143220,1881.46,167,358350.6,358350.6,Heidekreis,930.580017089844,75.2799987792969,41.7400016784668,39.1800003051758,2,23.5799999237061,74.4300003051758,190.4641076610717,Dienstleistungsorientiert,165.7058041606289,24.758303500442842,0.13951903760737894,Normal
03359,Stade,Landkreis,211467,1267.4,211,458165.2,458165.2,Stade,1061.90002441406,163.850006103516,7.46000003814697,69.7300033569336,2.86999988555908,27.9300003051758,69.1999969482422,361.5000789016885,Dienstleistungsorientiert,336.9016625961273,24.5984163055613,0.1386180345335933,Normal
03360,Uelzen,Landkreis,95088,1462.61,140,370810,370810,Uelzen,918.950012207031,62.7900009155273,36.3600006103516,52.4799995422363,2.70000004768372,23.0400009155273,74.25,253.52623050573976,Dienstleistungsorientiert,190.68743139931553,62.83879910642426,0.35411185486012486,Normal
03361,Verden,Landkreis,141349,789.33,93,202583.5,202583.5,Verden,1189.21997070313,175.179992675781,13.710000038147,66.620002746582,1.87999999523163,29.2999992370605,68.8199996948242,256.65247741755667,Dienstleistungsorientiert,269.7768358286407,-13.124358411083852,-0.07395893885443235,Normal
03401,Delmenhorst,Kreisfreie Stadt,78979,62.45,8,17850,17850,Delmenhorst,714.320007324219,1308.97998046875,3.71000003814697,44.439998626709,0.25,23.1499996185303,76.5999984741211,285.82866293034425,Dienstleistungsorientiert,268.7950344663771,17.03362846396724,0.0959886225731039,Normal
03402,Emden,Kreisfreie Stadt,50659,112.34,84,193510,193510,Emden,1295.59997558594,442.420013427734,2.32999992370605,59.9300003051758,0.129999995231628,40.0299987792969,59.8400001525879,1722.5387217375824,Industriell,277.9755885895393,1444.5631331480433,8.140463182233393,Outperformer (Hoch)
03403,Oldenburg (Oldb),Kreisfreie Stadt,174629,103.09,8,15800,15800,Oldenburg (Oldb),1190.21997070313,1709.58996582031,7.15000009536743,28.0400009155273,0.0799999982118607,12.710000038147,87.2099990844727,153.26413813172954,Dienstleistungsorientiert,213.05545655702733,-59.79131842529765,-0.3369385630087565,Normal
03404,Osnabrück,Kreisfreie Stadt,166960,119.8,6,10200,10200,Osnabrück,1158.27001953125,1383.02001953125,17.25,30.0400009155273,0.0399999991059303,18.1100006103516,81.8499984741211,85.14190317195326,Dienstleistungsorientiert,165.81833086088716,-80.67642768893379,-0.45463121285996094,Normal
03405,Wilhelmshaven,Kreisfreie Stadt,76247,107.11,46,101359.6,101359.6,Wilhelmshaven,859.710021972656,709.640014648438,10.3000001907349,38.3300018310547,0.0500000007450581,21.6000003814697,78.3499984741211,946.3131360283821,Dienstleistungsorientiert,301.47634549138115,644.8367905370011,3.633811518141549,Outperformer (Hoch)
03451,Ammerland,Landkreis,129108,730.65,59,88545,88545,Ammerland,1051.90002441406,174.220001220703,10.9399995803833,67.4899978637695,5.61999988555908,29.2199993133545,65.1600036621094,121.18661465818107,Ländlich/Agrarisch,349.85372587865265,-228.66711122047155,-1.2885945634105762,Normal
03452,Aurich,Landkreis,192608,1287.36,637,1060749.9,1060749.9,Aurich,942.25,146.779998779297,4.55999994277954,72.0699996948242,1.76999998092651,22.7299995422363,75.5,823.973014541387,Dienstleistungsorientiert,360.9892073513743,462.98380719001284,2.609025905421812,Outperformer (Hoch)
03453,Cloppenburg,Landkreis,178564,1420.35,269,490531.3,490531.3,Cloppenburg,1069.97998046875,124.290000915527,14.1499996185303,66.5800018310547,3.82999992370605,43.9799995422363,52.2000007629395,345.3594536557891,Industriell,275.23847006856033,70.12098358722892,0.3951487284255161,Normal
03454,Emsland,Landkreis,340280,2883.66,505,1135044.2,1135044.2,Emsland,1176.10998535156,115.900001525879,19.1000003814697,59.9599990844727,1.9099999666214,40.9900016784668,57.0999984741211,393.61235374489365,Industriell,226.49199900960917,167.12035473528468,0.9417636817019247,Normal
03455,Friesland,Landkreis,100630,609.54,194,333302.9,333302.9,Friesland,854.210021972656,164.820007324219,7.48999977111816,71.879997253418,1.73000001907349,22.8500003814697,75.4199981689453,546.810545657381,Dienstleistungsorientiert,342.6972651693893,204.11328048799177,1.150227779381582,Normal
03456,Grafschaft Bentheim,Landkreis,141946,981.79,90,194619.8,194619.8,Grafschaft Bentheim,993.840026855469,146.889999389648,17.1900005340576,62.6699981689453,1.75999999046326,35.9099998474121,62.3300018310547,198.22956029293434,Industriell,253.34685070924283,-55.11729041630837,-0.31059928295459394,Normal
03457,Leer,Landkreis,173924,1085.71,114,229434,229434,Leer,826.590026855469,155.759994506836,3.47000002861023,70.5699996948242,1.72000002861023,22.1599998474121,76.120002746582,211.32162363798804,Dienstleistungsorientiert,379.9922064379756,-168.6705827999875,-0.9504995923694476,Normal
03458,Oldenburg,Landkreis,134621,1064.84,120,319130,319130,Oldenburg,1089.52001953125,123.930000305176,19.7700004577637,63.2299995422363,2.8199999332428,34.6199989318848,62.560001373291,299.6976071522482,Ausgeglichen,246.5433458986165,53.15426125363186,0.29953713810420257,Normal
03459,Osnabrück,Landkreis,366229,2121.79,212,497464,497464,Osnabrück,1044.90002441406,167.869995117188,20.5300006866455,61.3499984741211,1.82000005245209,39,59.1800003051758,234.45487065166677,Industriell,218.7380676100659,15.716803041601002,0.08856799233395274,Normal
03460,Vechta,Landkreis,147751,814.21,73,167110,167110,Vechta,1310.69995117188,179.809997558594,13.9399995803833,64.5500030517578,3.47000002861023,42.6199989318848,53.9000015258789,205.2418909126638,Industriell,254.82067076827076,-49.57877985560692,-0.27938843431169114,Normal
03461,Wesermarsch,Landkreis,89761,824.78,198,418977.5,418977.5,Wesermarsch,959.489990234375,108.290000915527,2.10999989509583,79.5,1.80999994277954,43.6699981689453,54.5200004577637,507.9869783457407,Industriell,320.3718433116957,187.61513503404507,1.0572567332838545,Normal
03462,Wittmund,Landkreis,58396,656.84,188,366467.8,366467.8,Wittmund,989.950012207031,85.2699966430664,6.26000022888184,75.1699981689453,2.60999989509583,20.9500007629395,76.4400024414063,557.9255221971865,Dienstleistungsorientiert,361.88884998290655,196.03667221428014,1.1047141353041563,Normal
04011,Bremen,Kreisfreie Stadt,577026,318.2,73,135774,135774,Bremen,1274.22998046875,1836.36999511719,3.0699999332428,29.8999996185303,0,21.4499969482422,78.5500030517578,426.6939032055311,Dienstleistungsorientiert,196.02232845688522,230.67157474864598,1.2998902009474933,Normal
04012,Bremerhaven,Kreisfreie Stadt,114677,101.41,19,66240,66240,Bremerhaven,870.510009765625,1166.78002929688,3.58999991416931,17.6599998474121,0,20.779998779296903,79.2200012207031,653.190020708017,Dienstleistungsorientiert,336.10181567124073,317.08820503677634,1.7868688459445938,Outperformer (Hoch)
05111,Düsseldorf,Kreisfreie Stadt,631217,217.41,0,0,0,NA,2259.830078125,2834.82006835938,13.3900003433228,17.5,0.119999997317791,11.1099996566772,88.7600021362305,0,Dienstleistungsorientiert,-30.260148026131134,30.26014802613122,0.17052326426110498,Normal
05112,Duisburg,Kreisfreie Stadt,503707,232.84,1,2300,2300,Duisburg,887.080017089844,2161.080078125,11.5100002288818,16.1100006103516,0.0500000007450581,24.5100002288818,75.4499969482422,9.878027830269714,Dienstleistungsorientiert,141.5534349045562,-131.6754070742864,-0.7420228155469417,Normal
05113,Essen,Kreisfreie Stadt,586608,210.34,0,0,0,NA,1143.78002929688,2729.30004882813,15.789999961853,14.8100004196167,0.0599999986588955,14.710000038147,85.2300033569336,0,Dienstleistungsorientiert,42.16422497518367,-42.16422497518365,-0.2376056214794126,Normal
05114,Krefeld,Kreisfreie Stadt,228550,137.77,17,20151,20151,Krefeld,1109.13000488281,1672.30004882813,10.1199998855591,30.0900001525879,0.409999996423721,27.7900009155273,71.8000030517578,146.26551498874935,Dienstleistungsorientiert,167.6496315494505,-21.384116560701038,-0.12050467684830106,Normal
05116,Mönchengladbach,Kreisfreie Stadt,268943,170.47,18,42509.9,42509.9,Mönchengladbach,988.989990234375,1570.17004394531,11.7700004577637,35.8300018310547,0.129999995231628,20.8199996948242,79.0500030517578,249.36880389511353,Dienstleistungsorientiert,177.0082422755249,72.36056161958875,0.40776929314699967,Normal
05117,Mülheim an der Ruhr,Kreisfreie Stadt,173255,91.28,0,0,0,NA,999.859985351563,1894.03002929688,19.1299991607666,22.3799991607666,0.189999997615814,25.7800006866455,74.0299987792969,0,Dienstleistungsorientiert,97.36847147508912,-97.36847147508898,-0.5486949230290744,Normal
05119,Oberhausen,Kreisfreie Stadt,211099,77.09,1,1,1,Oberhausen,869.059997558594,2769.6201171875,16.25,8.15999984741211,0.0399999991059303,23.8099994659424,76.1500015258789,0.012971851083149565,Dienstleistungsorientiert,46.40123303575472,-46.38826118467157,-0.26140908873862667,Normal
05120,Remscheid,Kreisfreie Stadt,112970,74.52,2,1505.5,1505.5,Remscheid,1045.06994628906,1530.60998535156,33.4300003051758,21.4300003051758,0.0599999986588955,43.7400016784668,56.2000007629395,20.202630166398283,Industriell,-5.190265023765721,25.392895190164044,0.1430951155006788,Normal
05122,Solingen,Kreisfreie Stadt,161545,89.54,2,4600,4600,Solingen,942,1854.7900390625,29.5400009155273,20.0100002288818,0.0599999986588955,33.3800010681152,66.5500030517578,51.3736877373241,Dienstleistungsorientiert,15.219283336217512,36.15440440110673,0.20373882674231586,Normal
05124,Wuppertal,Kreisfreie Stadt,358938,168.39,8,9402,9402,Wuppertal,1029.18005371094,2129.53002929688,28.3400001525879,19.4099998474121,0.0399999991059303,23.5499992370605,76.4100036621094,55.83466951719224,Dienstleistungsorientiert,5.2565580982871225,50.578111418905266,0.2850199097461677,Normal
05154,Kleve,Kreis,321491,1232.99,207,372746.3,372746.3,Kleve,947.539978027344,259.470001220703,14.9200000762939,62.8199996948242,4.59999990463257,23.6800003051758,71.7200012207031,302.310886544092,Ländlich/Agrarisch,325.06072774350775,-22.749841199415663,-0.12820086601678513,Normal
05158,Mettmann,Kreis,490251,407.21,5,2835,2835,Mettmann,1851.35998535156,1202.68994140625,21.1299991607666,35.3699989318848,0.219999998807907,27.5400009155273,72.2399978637695,6.9620097738267726,Dienstleistungsorientiert,80.76829712660653,-73.80628735277959,-0.4159163078620994,Normal
05162,Rhein-Kreis Neuss,Kreis,458722,576.42,96,246621.5,246621.5,Rhein-Kreis Neuss,1278.55004882813,793.52001953125,9.64999961853027,51.3600006103516,0.990000009536743,25.5100002288818,73.5,427.8503521737622,Dienstleistungsorientiert,241.69369245293132,186.15665972083096,1.0490378715969013,Normal
05166,Viersen,Kreis,302885,563.27,34,61682.5,61682.5,Viersen,1065.96997070313,528.159973144531,19.3400001525879,50.689998626709,2.07999992370605,27.2600002288818,70.6600036621094,109.50787366627017,Dienstleistungsorientiert,231.82555509073967,-122.31768142446934,-0.6892897647208621,Normal
05170,Wesel,Kreis,467511,1042.76,63,126056,126056,Wesel,987.510009765625,438.779998779297,19.2399997711182,51.4799995422363,0.75,25.7099990844727,73.5400009155273,120.88687713376041,Dienstleistungsorientiert,233.47574291450744,-112.58886578074696,-0.6344655318873207,Normal
05314,Bonn,Kreisfreie Stadt,335789,141.06,0,0,0,NA,1342.06994628906,2280.44995117188,31.2900009155273,12.1199998855591,0.0700000002980232,6.8600001335144,93.0699996948242,0,Dienstleistungsorientiert,-5.0829391598967835,5.082939159896882,0.028643593443023516,Normal
05315,Köln,Kreisfreie Stadt,1087353,405.02,7,16550,16550,Köln,1661.7900390625,2529.28002929688,17.9699993133545,15.9399995803833,0.0399999991059303,13.1199998855591,86.8399963378906,40.86217964544961,Dienstleistungsorientiert,15.989760847405506,24.872418798044233,0.14016210495233417,Normal
05316,Leverkusen,Kreisfreie Stadt,166414,78.87,0,0,0,NA,1981.5,2128.18994140625,14.7700004577637,22.4699993133545,0.0599999986588955,28.3299999237061,71.6100006103516,0,Dienstleistungsorientiert,21.34623599825289,-21.34623599825273,-0.12029121070282305,Normal
05334,Städteregion Aachen,Kreis,564444,706.92,104,235513,235513,Städteregion Aachen,1019.21002197266,823.960021972656,32.7000007629395,37.4099998474121,0.180000007152557,20.6900005340576,79.129997253418,333.1536807559554,Dienstleistungsorientiert,114.20278883440972,218.95089192154578,1.2338413140312672,Normal
05358,Düren,Kreis,272666,941.48,193,453140.5,453140.5,Düren,924.440002441406,295.769989013672,21.5400009155273,54.7599983215332,0.850000023841858,28.5499992370605,70.5999984741211,481.30655988443726,Dienstleistungsorientiert,227.51039551107766,253.79616437335966,1.4302028651188459,Normal
05362,Rhein-Erft-Kreis,Kreis,480989,704.7,40,77916,77916,Rhein-Erft-Kreis,1172.22998046875,676.039978027344,14.039999961853,50.1800003051758,0.519999980926514,25.4599990844727,74.0199966430664,110.56619838229032,Dienstleistungsorientiert,228.16074057114562,-117.59454218885516,-0.6626737310081016,Normal
05366,Euskirchen,Kreis,199828,1248.72,121,241165,241165,Euskirchen,940.780029296875,161.639999389648,38.9199981689453,45.189998626709,0.839999973773956,27.5699996948242,71.5999984741211,193.12976487923635,Dienstleistungsorientiert,136.9724248651667,56.157340014069696,0.3164602143766925,Normal
05370,Heinsberg,Kreis,262656,627.92,128,281040,281040,Heinsberg,872.570007324219,417.489990234375,11.6899995803833,59.939998626709,0.860000014305115,28.5900001525879,70.5400009155273,447.5729392279272,Dienstleistungsorientiert,277.63726320093843,169.93567602698892,0.9576286991562551,Normal
05374,Oberbergischer Kreis,Kreis,275735,918.84,19,19900,19900,Oberbergischer Kreis,1082.81994628906,298.160003662109,40.1699981689453,37.6199989318848,0.449999988079071,39.4900016784668,60.0699996948242,21.657742370815374,Industriell,83.49652030139292,-61.838777930577386,-0.34847649329188757,Normal
05378,Rheinisch-Bergischer Kreis,Kreis,286778,437.32,2,275.6,275.6,Rheinisch-Bergischer Kreis,1047.32995605469,648.510009765625,37.6699981689453,34.3600006103516,0.449999988079071,23.75,75.8000030517578,0.6302021403091558,Dienstleistungsorientiert,101.40197472592949,-100.77177258562024,-0.5678733491930865,Normal
05382,Rhein-Sieg-Kreis,Kreis,610537,1153.2,5,3209.5,3209.5,Rhein-Sieg-Kreis,1055.06994628906,524.869995117188,31.2000007629395,41.3600006103516,0.930000007152557,25.4799995422363,73.5899963378906,2.783125216788068,Dienstleistungsorientiert,152.91415194733756,-150.1310267305493,-0.846024702947812,Normal
05512,Bottrop,Kreisfreie Stadt,118705,100.61,9,16170,16170,Bottrop,863.450012207031,1181.91003417969,25.6800003051758,28.0499992370605,0.490000009536743,21.1100006103516,78.4000015258789,160.71961037670212,Dienstleistungsorientiert,154.02987075237775,6.689739624324447,0.037698303286935624,Normal
05513,Gelsenkirchen,Kreisfreie Stadt,265885,104.94,2,4600,4600,Gelsenkirchen,677.619995117188,2547.02001953125,14.2799997329712,10.960000038147,0.0799999982118607,20.7999992370605,79.120002746582,43.83457213645893,Dienstleistungsorientiert,105.22928020593415,-61.39470806947512,-0.34597405205433174,Normal
05515,Münster,Kreisfreie Stadt,322904,303.28,47,98550,98550,Münster,1393.76000976563,1012.5,19.4200000762939,43.1399993896484,0.360000014305115,11.5699996948242,88.0699996948242,324.94724347137964,Dienstleistungsorientiert,172.54155812306578,152.40568534831394,0.8588429552658747,Normal
05554,Borken,Kreis,381627,1420.96,311,642135.3,642135.3,Borken,1155.35998535156,267.269989013672,15.8299999237061,64.0299987792969,1.16999995708466,39.2599983215332,59.5699996948242,451.90244623353226,Industriell,217.6444730003065,234.25797323322587,1.3201004251672666,Normal
05558,Coesfeld,Kreis,226160,1112.03,116,266230,266230,Coesfeld,1071.53002929688,203.429992675781,16.4899997711182,66.4199981689453,1.86000001430511,29.5300006866455,68.6100006103516,239.40900874976396,Dienstleistungsorientiert,253.43138180014847,-14.022373050384315,-0.07901946887945192,Normal
05562,Recklinghausen,Kreis,620646,761.32,71,169632,169632,Recklinghausen,831.820007324219,818.140014648438,27.8899993896484,34.3899993896484,0.490000009536743,25.1900005340576,74.3300018310547,222.8130089843955,Dienstleistungsorientiert,164.6502089143023,58.16280007009332,0.32776146758943586,Normal
05566,Steinfurt,Kreis,459195,1795.76,298,577348.5,577348.5,Steinfurt,1059.33996582031,250.619995117188,16.3700008392334,62.7299995422363,0.970000028610229,31.5699996948242,67.4700012207031,321.50649307257095,Dienstleistungsorientiert,240.0899728965178,81.41652017605333,0.4588018133028192,Normal
05570,Warendorf,Kreis,283295,1319.42,179,302755,302755,Warendorf,1061.98999023438,213.889999389648,13.6000003814697,68.7399978637695,1.48000001907349,38.9700012207031,59.5499992370605,229.46067211350442,Industriell,242.75735138332183,-13.296679269817224,-0.07493000863591907,Normal
05711,Bielefeld,Kreisfreie Stadt,338410,258.83,7,15300,15300,Bielefeld,1096.92004394531,1280.83996582031,22.7900009155273,32.25,0.200000002980232,20.9699993133545,78.8300018310547,59.11215855967237,Dienstleistungsorientiert,133.33184105495477,-74.2196824952823,-0.4182458896297884,Normal
05754,Gütersloh,Kreis,372938,969.21,49,99176,99176,Gütersloh,1398,375.230010986328,15.1999998092651,58.689998626709,0.529999971389771,46.2900009155273,53.1800003051758,102.32663715809782,Industriell,177.59868785604505,-75.2720506979471,-0.4241762393745427,Normal
05758,Herford,Kreis,253136,450.4,26,36024.5,36024.5,Herford,1081.0400390625,565.260009765625,10.7200002670288,55.8499984741211,0.479999989271164,39.7799987792969,59.7400016784668,79.98334813499112,Industriell,228.84500793991515,-148.8616598049239,-0.8388715128340093,Normal
05762,Höxter,Kreis,141883,1201.42,371,658120.3,658120.3,Höxter,907.97998046875,115.730003356934,29.4500007629395,57.2599983215332,1.10000002384186,33.25,65.6500015258789,547.7853706447371,Dienstleistungsorientiert,180.80395876614463,366.9814118785925,2.06802915248949,Outperformer (Hoch)
05766,Lippe,Kreis,349781,1246.2,102,166477.5,166477.5,Lippe,962.940002441406,278.940002441406,31.1399993896484,48.8600006103516,0.779999971389771,36.1699981689453,63.060001373291,133.5881078478575,Industriell,149.87285686970245,-16.284749021844775,-0.09176850551027665,Normal
05770,Minden-Lübbecke,Kreis,316196,1152.42,75,67943.6,67943.6,Minden-Lübbecke,1039.07995605469,278.480010986328,12.5100002288818,62.2400016784668,0.5,34.2900009155273,65.2099990844727,58.957324586522276,Dienstleistungsorientiert,255.0845057627061,-196.1271811761837,-1.1052241752291214,Normal
05774,Paderborn,Kreis,315400,1246.78,485,1098587.4,1098587.4,Paderborn,1088.73999023438,253.130004882813,29.3999996185303,51.6399993896484,0.730000019073486,29.6800003051758,69.5999984741211,881.1397359598325,Dienstleistungsorientiert,165.28696549410373,715.8527704657289,4.034003767752829,Outperformer (Hoch)
05911,Bochum,Kreisfreie Stadt,366385,145.66,0,0,0,NA,1038.10998535156,2451.080078125,12.5100002288818,15.5799999237061,0,16.7900009155273,83.2099990844727,0,Dienstleistungsorientiert,103.32559318002666,-103.32559318002662,-0.582264746872944,Normal
05913,Dortmund,Kreisfreie Stadt,595471,280.71,8,12300,12300,Dortmund,1001.84997558594,2142.21997070313,14.5100002288818,23.0100002288818,0.0500000007450581,16.3700008392334,83.5800018310547,43.81746286202843,Dienstleistungsorientiert,117.20591488191073,-73.3884520198822,-0.413561704545957,Normal
05914,Hagen,Kreisfreie Stadt,190490,160.45,13,18200,18200,Hagen,950.830017089844,1188.16003417969,44.6399993896484,16.0400009155273,0.0500000007450581,26.0699996948242,73.879997253418,113.43097538173886,Dienstleistungsorientiert,14.180909662698449,99.25006571904053,0.5592981623858828,Normal
05915,Hamm,Kreisfreie Stadt,180761,226.66,31,50108.5,50108.5,Hamm,818.679992675781,791.409973144531,11.1499996185303,51.8499984741211,0.140000000596046,23.1399993896484,76.7099990844727,221.07341392393894,Dienstleistungsorientiert,256.34085439274935,-35.26744046881027,-0.19874057012815644,Normal
05916,Herne,Kreisfreie Stadt,157896,51.42,0,0,0,NA,823.22998046875,3036.830078125,14.4300003051758,8.09000015258789,0,22.930000305175795,77.0699996948242,0,Dienstleistungsorientiert,29.889402230771168,-29.889402230771204,-0.16843402189582404,Normal
05954,Ennepe-Ruhr-Kreis,Kreis,324946,409.65,9,5642.5,5642.5,Ennepe-Ruhr-Kreis,1090.05004882813,769.140014648438,30.9599990844727,37.5099983215332,0.239999994635582,33.8699989318848,65.9000015258789,13.773953374832175,Dienstleistungsorientiert,100.0494409600531,-86.27548758522077,-0.4861832716761904,Normal
05958,Hochsauerlandkreis,Kreis,261774,1960.16,85,195300.5,195300.5,Hochsauerlandkreis,1115.58996582031,133.25,55.1300010681152,30.6800003051758,0.920000016689301,39.810001373291,59.2599983215332,99.63497877724267,Industriell,11.848137097416126,87.7868416798267,0.49470011810549497,Normal
05962,Märkischer Kreis,Kreis,408579,1061.08,30,34910,34910,Märkischer Kreis,1110.47998046875,385.359985351563,51.7700004577637,29.4799995422363,0.340000003576279,48.3699989318848,51.2900009155273,32.900441060052025,Industriell,-20.477316053369258,53.377757113421445,0.3007965914131306,Normal
05966,Olpe,Kreis,134332,712.11,22,25600.9,25600.9,Olpe,1426.5,185.960006713867,59.3199996948242,23.3799991607666,0.46000000834465,52.8699989318848,46.6800003051758,35.950766033337544,Industriell,-68.73403504804755,104.68480108138523,0.5899242126478307,Normal
05970,Siegen-Wittgenstein,Kreis,276625,1132.89,39,89158.6,89158.6,Siegen-Wittgenstein,1181.81005859375,242.190002441406,63.689998626709,18.5400009155273,0.230000004172325,38.7799987792969,60.9900016784668,78.70013858362242,Industriell,-52.09251635445063,130.7926549380731,0.7370482934239645,Normal
05974,Soest,Kreis,306674,1328.63,229,249656.1,249656.1,Soest,1061.94995117188,226.059997558594,20.6900005340576,60.25,1.16999995708466,37.1500015258789,61.6699981689453,187.9049095685029,Industriell,206.35435207965523,-18.449442511152206,-0.10396707769183708,Normal
05978,Unna,Kreis,399447,543.21,46,53000,53000,Unna,952.840026855469,729.52001953125,15.6700000762939,50.0499992370605,0.25,28.2000007629395,71.5500030517578,97.56815964360007,Dienstleistungsorientiert,215.09352351763806,-117.52536387403778,-0.6622838944465437,Normal
06411,Darmstadt,Kreisfreie Stadt,164792,122.07,0,0,0,NA,1405.19995117188,1350.31005859375,45.1199989318848,18.5400009155273,0.109999999403954,25.6399993896484,74.25,0,Dienstleistungsorientiert,-46.577975683087104,46.57797568308721,0.26247817589310957,Normal
06412,Frankfurt am Main,Kreisfreie Stadt,775790,248.31,0,0,0,NA,2932.22998046875,3018.7900390625,15.1300001144409,23.7000007629395,0.0299999993294477,9.52999973297119,90.4300003051758,0,Dienstleistungsorientiert,-126.15945971531706,126.15945971531728,0.7109391160114477,Normal
06413,Offenbach am Main,Kreisfreie Stadt,135490,44.88,0,0,0,NA,1138.75,2937.71997070313,33.7299995422363,14.0600004196167,0.0399999991059303,18.3700008392334,81.5800018310547,0,Dienstleistungsorientiert,-125.21062775222848,125.2106277522285,0.7055922180570342,Normal
06414,Wiesbaden,Kreisfreie Stadt,285522,203.87,1,800,800,Wiesbaden,1621.51000976563,1408.93994140625,27.8799991607666,28.9799995422363,0.129999995231628,14.6499996185303,85.2200012207031,3.924069259822436,Dienstleistungsorientiert,61.52911376233323,-57.605044502510616,-0.3246183798569545,Normal
06431,Bergstraße,Landkreis,276295,719.49,15,48750,48750,Bergstraße,1208.56994628906,381.510009765625,40.5200004577637,39.5999984741211,1.08000004291534,30.8099994659424,68.1100006103516,67.75632739857399,Dienstleistungsorientiert,85.05636409521982,-17.30003669664574,-0.09748989749823458,Normal
06432,Darmstadt-Dieburg,Landkreis,301827,658.61,15,25367,25367,Darmstadt-Dieburg,1170.13000488281,458.920013427734,35.3400001525879,43.2400016784668,0.990000009536743,29.6900005340576,69.3199996948242,38.515965442371055,Dienstleistungsorientiert,109.7900683089669,-71.27410286659567,-0.4016468348931459,Normal
06433,Groß-Gerau,Landkreis,281712,453.03,0,0,0,NA,1268.23999023438,591.400024414063,24.6100006103516,45.1699981689453,0.550000011920929,25.7900009155273,73.6600036621094,0,Dienstleistungsorientiert,164.02292627908537,-164.02292627908525,-0.9243089220388111,Normal
06434,Hochtaunuskreis,Landkreis,241449,481.84,13,33480,33480,Hochtaunuskreis,1639.22998046875,499.380004882813,49.7700004577637,29.0799999237061,0.209999993443489,17.7700004577637,82.0199966430664,69.4836460235763,Dienstleistungsorientiert,10.03222229113447,59.451423732442066,0.33502317407937277,Normal
06435,Main-Kinzig-Kreis,Landkreis,434002,1397.33,113,298835,298835,Main-Kinzig-Kreis,1209.89001464844,299.899993896484,44.2999992370605,37.8400001525879,0.409999996423721,31.9400005340576,67.6600036621094,213.86143573815778,Dienstleistungsorientiert,59.513838342198795,154.34759739595918,0.8697861000577137,Normal
06436,Main-Taunus-Kreis,Landkreis,243307,222.52,0,0,0,NA,2195.11010742188,1072.18005371094,24.5699996948242,40.7200012207031,0.189999997615814,14.8699998855591,84.9400024414063,0,Dienstleistungsorientiert,64.51961104493968,-64.51961104493941,-0.36358363728885373,Normal
06437,Odenwaldkreis,Landkreis,97182,623.99,17,45625,45625,Odenwaldkreis,978.200012207031,151.039993286133,56.5099983215332,31.7199993133545,0.629999995231628,39.310001373291,60.060001373291,73.11815894485488,Industriell,4.012377784376506,69.10578116047854,0.38942781683097355,Normal
06438,Offenbach,Landkreis,364457,356.23,0,0,0,NA,1577.10998535156,1000.95001220703,44.4500007629395,23.1599998474121,0.189999997615814,21.6399993896484,78.1699981689453,0,Dienstleistungsorientiert,-7.906337431093203,7.906337431093392,0.04455412663333798,Normal
06439,Rheingau-Taunus-Kreis,Landkreis,189918,811.41,25,62250,62250,Rheingau-Taunus-Kreis,1162.25,229.300003051758,55.7099990844727,28.6800003051758,1.29999995231628,25.75,72.9499969482422,76.71830517247754,Dienstleistungsorientiert,32.913758913628,43.80454625884958,0.24684922925972247,Normal
06440,Wetteraukreis,Landkreis,318559,1100.69,29,45800,45800,Wetteraukreis,1131.53002929688,282.290008544922,29.8400001525879,52.4700012207031,0.730000019073486,23.5599994659424,75.7099990844727,41.61026265342648,Dienstleistungsorientiert,167.22096280466738,-125.61070015124069,-0.7078467229378901,Normal
06531,Gießen,Landkreis,280268,854.56,19,49420,49420,Gießen,1070.94995117188,313.779998779297,35.939998626709,44.3300018310547,0.300000011920929,24.0200004577637,75.6800003051758,57.83093053735256,Dienstleistungsorientiert,132.44059159612567,-74.60966105877284,-0.4204435133023771,Normal
06532,Lahn-Dill-Kreis,Landkreis,258488,1066.3,68,149237.25,149237.25,Lahn-Dill-Kreis,1244.5400390625,238.619995117188,49.9900016784668,31.9899997711182,0.25,39.5800018310547,60.1699981689453,139.95803244865422,Industriell,15.681524091286352,124.27650835736803,0.7003282289885187,Normal
06533,Limburg-Weilburg,Landkreis,175690,738.44,42,99810.3,99810.3,Limburg-Weilburg,1034.81005859375,236.009994506836,34.9199981689453,45.2799987792969,0.340000003576279,30.7600002288818,68.9000015258789,135.1637235252695,Dienstleistungsorientiert,136.05545851415656,-0.8917349888868801,-0.0050251426737741006,Normal
06534,Marburg-Biedenkopf,Landkreis,250441,1262.37,93,211160,211160,Marburg-Biedenkopf,1529.78002929688,192.570007324219,41.6199989318848,42.7200012207031,0.310000002384186,34.7900009155273,64.9000015258789,167.27266966103443,Ausgeglichen,52.42572522001156,114.846944441023,0.6471903521286524,Normal
06535,Vogelsbergkreis,Landkreis,106792,1458.91,263,493859.8,493859.8,Vogelsbergkreis,1013.39001464844,69.5699996948242,39.6699981689453,48.4000015258789,1.36000001430511,32.1800003051758,66.4599990844727,338.5128623424337,Dienstleistungsorientiert,128.08713174787528,210.42573059455856,1.185799964842393,Normal
06611,Kassel,Kreisfreie Stadt,204687,106.79,4,7150,7150,Kassel,1248.13000488281,1845.34997558594,22.0200004577637,13.6899995803833,0.0500000007450581,20.7099990844727,79.25,66.95383462871055,Dienstleistungsorientiert,92.54759387855208,-25.593759249841447,-0.14422703313371066,Normal
06631,Fulda,Landkreis,228713,1380.42,24,61242,61242,Fulda,1157.17004394531,161.320007324219,36.7299995422363,47.7000007629395,0.479999989271164,28.8400001525879,70.6800003051758,44.36475855174512,Dienstleistungsorientiert,124.70849643359068,-80.34373788184547,-0.45275642520716736,Normal
06632,Hersfeld-Rotenburg,Landkreis,121348,1097.77,81,233940,233940,Hersfeld-Rotenburg,986.25,107.5,46.2299995422363,39.75,0.629999995231628,28.4699993133545,70.9000015258789,213.1047487178553,Dienstleistungsorientiert,93.06580553715825,120.03894318069722,0.6764485227220097,Normal
06633,Kassel,Landkreis,241095,1293.33,137,216734,216734,Kassel,1144.21997070313,178.410003662109,40.4199981689453,43.75,0.670000016689301,41.3300018310547,58,167.57826695429628,Industriell,78.6917761922727,88.88649076202368,0.5008969070596015,Normal
06634,Schwalm-Eder-Kreis,Landkreis,183501,1539,44,97002,97002,Schwalm-Eder-Kreis,953.440002441406,117.199996948242,36.25,47.9599990844727,0.75,30.5200004577637,68.7300033569336,63.02923976608187,Dienstleistungsorientiert,147.94416755587085,-84.9149277897889,-0.4785161876507219,Normal
06635,Waldeck-Frankenberg,Landkreis,159189,1848.7,140,223511.18,223511.18,Waldeck-Frankenberg,1045.34997558594,83.9199981689453,46.6199989318848,41.3699989318848,0.930000007152557,35.0400009155273,64.0299987792969,120.90181208416725,Industriell,74.81472834075913,46.08708374340826,0.2597118809007244,Normal
06636,Werra-Meißner-Kreis,Landkreis,100215,1024.84,39,103458.5,103458.5,Werra-Meißner-Kreis,854.900024414063,95.6800003051758,43.560001373291,42.689998626709,2.10999989509583,26.3099994659424,71.5800018310547,100.9508801373873,Dienstleistungsorientiert,142.75156735473323,-41.80068721734593,-0.2355569981516246,Normal
07111,Koblenz,Kreisfreie Stadt,115298,105.25,2,2,2,Koblenz,1374.75,1076.92004394531,34.4300003051758,22.5300006866455,0.109999999403954,14.7299995422363,85.1600036621094,0.019002375296912115,Dienstleistungsorientiert,87.08454812935281,-87.06554575405572,-0.4906354408390625,Normal
07131,Ahrweiler,Landkreis,128741,787.05,10,15690,15690,Ahrweiler,1039.0400390625,163.330001831055,53.1199989318848,30.8700008392334,1.39999997615814,29.2299995422363,69.370002746582,19.93520106727654,Dienstleistungsorientiert,58.44814153283079,-38.51294046555412,-0.2170297487906748,Normal
07132,Altenkirchen (Westerwald),Landkreis,131907,642.34,8,19300,19300,Altenkirchen (Westerwald),864.030029296875,205.720001220703,51.7099990844727,30.8400001525879,0.600000023841858,44.0699996948242,55.3300018310547,30.04639287604695,Industriell,31.445891630083615,-1.3994987540365134,-0.007886514489670489,Normal
07133,Bad Kreuznach,Landkreis,161852,863.89,66,162530,162530,Bad Kreuznach,872.640014648438,190.490005493164,41.2099990844727,43.2400016784668,1.12000000476837,28.8299999237061,70.0500030517578,188.13737860144232,Dienstleistungsorientiert,126.16005312773449,61.977325473708014,0.3492572422587989,Normal
07134,Birkenfeld,Landkreis,81918,776.84,74,153274.1,153274.1,Birkenfeld,1272.28002929688,106.360000610352,55.3600006103516,31.3600006103516,0.419999986886978,33.1199989318848,66.4599990844727,197.3045929663766,Dienstleistungsorientiert,9.298921835717742,188.00567113065892,1.0594574987906484,Normal
07135,Cochem-Zell,Landkreis,62669,692.46,80,150090,150090,Cochem-Zell,914.849975585938,88.870002746582,50.3699989318848,35.6699981689453,1.91999995708466,23.0900001525879,74.9899978637695,216.74898189065073,Dienstleistungsorientiert,108.30630056443387,108.44268132621697,0.6111007781258865,Normal
07137,Mayen-Koblenz,Landkreis,219001,817.66,26,58282,58282,Mayen-Koblenz,1013.35998535156,265.220001220703,32.810001373291,46.6699981689453,0.5,31.7700004577637,67.7300033569336,71.27901572780863,Dienstleistungsorientiert,146.42000622241267,-75.14099049460384,-0.4234376833810453,Normal
07138,Neuwied,Landkreis,188139,627.04,2,6.6,6.6,Neuwied,1019.23999023438,300.859985351563,46.1199989318848,32.4300003051758,0.509999990463257,37.6199989318848,61.8699989318848,0.010525644297014544,Industriell,59.504542060517025,-59.49401641621987,-0.3352631941699938,Normal
07140,Rhein-Hunsrück-Kreis,Landkreis,106227,991.07,281,733205,733205,Rhein-Hunsrück-Kreis,1030.80004882813,107.349998474121,45.5800018310547,40.6300010681152,0.709999978542328,35.6800003051758,63.6100006103516,739.8115168454297,Industriell,77.64997738452183,662.1615394609081,3.7314406750266214,Outperformer (Hoch)
07141,Rhein-Lahn-Kreis,Landkreis,124796,782.18,15,10979.8,10979.8,Rhein-Lahn-Kreis,841.469970703125,160.160003662109,47.2099990844727,37.689998626709,0.620000004768372,32.9199981689453,66.4599990844727,14.037433838758343,Dienstleistungsorientiert,83.41544702165422,-69.37801318289581,-0.3909619102220208,Normal
07143,Westerwaldkreis,Landkreis,206709,989.04,101,165650,165650,Westerwaldkreis,1140.36999511719,209.949996948242,43.0099983215332,37.75,0.509999990463257,40.7000007629395,58.7900009155273,167.48564264337136,Industriell,67.58192129616415,99.90372134720728,0.5629816701903185,Normal
07211,Trier,Kreisfreie Stadt,112737,117.06,0,0,0,NA,1100.18994140625,888.309997558594,43.0800018310547,20.1900005340576,0.430000007152557,18.5900001525879,80.9800033569336,0,Dienstleistungsorientiert,67.59774986450256,-67.59774986450246,-0.3809296951768536,Normal
07231,Bernkastel-Wittlich,Landkreis,115083,1167.9,66,207054,207054,Bernkastel-Wittlich,1046.77001953125,97.0299987792969,50.75,35.2299995422363,2.14000010490417,41.060001373291,56.810001373291,177.28743899306446,Industriell,58.28109327096983,119.00634572209471,0.6706295859092564,Normal
07232,Eifelkreis Bitburg-Prüm,Landkreis,104435,1626.97,273,464968.1,464968.1,Eifelkreis Bitburg-Prüm,833.059997558594,61.9199981689453,36.5699996948242,51.8800010681152,1.04999995231628,40.1599998474121,58.7900009155273,285.7877526936575,Industriell,135.33500317880416,150.45274951485354,0.8478376887705962,Normal
07233,Vulkaneifel,Landkreis,61912,911.66,109,180750,180750,Vulkaneifel,990.049987792969,65.3099975585938,46.2599983215332,41.1199989318848,1,36.2200012207031,62.7700004577637,198.2647039466468,Industriell,82.6986993082124,115.56600463843458,0.6512424305242033,Normal
07235,Trier-Saarburg,Landkreis,153814,1102.2,93,193400,193400,Trier-Saarburg,723.72998046875,135.229995727539,47.9599990844727,37.1800003051758,2.25999999046326,32.4900016784668,65.25,175.46724732353474,Dienstleistungsorientiert,114.01106972024735,61.45617760328738,0.3463204477675721,Normal
07311,Frankenthal (Pfalz),Kreisfreie Stadt,49122,43.88,0,0,0,NA,912.260009765625,1096.32995605469,2.11999988555908,57.9099998474121,0.519999980926514,30.7299995422363,68.75,0,Dienstleistungsorientiert,252.13724920394498,-252.13724920394486,-1.42085447628821,Normal
07312,Kaiserslautern,Kreisfreie Stadt,101486,139.7,0,0,0,NA,1114.75,719.909973144531,61.0200004577637,8.22000026702881,0,19.599998474121094,80.4000015258789,0,Dienstleistungsorientiert,-27.64094848596396,27.640948485964,0.1557634403846716,Normal
07313,Landau in der Pfalz,Kreisfreie Stadt,48341,82.94,0,0,0,NA,1167.52001953125,581.169982910156,31.5900001525879,42.7999992370605,0.409999996423721,16.3899993896484,83.2099990844727,0,Dienstleistungsorientiert,144.99814137234395,-144.99814137234384,-0.8170996505784918,Normal
07314,Ludwigshafen am Rhein,Kreisfreie Stadt,176110,77.43,0,0,0,NA,1049.03002929688,2270.63989257813,4.86999988555908,28.6800003051758,0.129999995231628,45.3199996948242,54.5400009155273,0,Industriell,92.32775243130459,-92.32775243130457,-0.5202892501676278,Normal
07315,Mainz,Kreisfreie Stadt,222889,97.73,8,15900,15900,Mainz,1566.17004394531,2290.7099609375,4.80999994277954,41.3300018310547,0.109999999403954,12.3500003814697,87.5400009155273,162.6931341450936,Dienstleistungsorientiert,100.57468386967784,62.11845027541593,0.35005251470210136,Normal
07316,Neustadt an der Weinstraße,Kreisfreie Stadt,53920,117.09,2,3000,3000,Neustadt an der Weinstraße,1012.13000488281,450.160003662109,43.9500007629395,34.9599990844727,1.13999998569489,15.539999961853,83.3300018310547,25.621316935690494,Dienstleistungsorientiert,109.83753569576795,-84.21621876007733,-0.47457879301497063,Normal
07317,Pirmasens,Kreisfreie Stadt,40941,61.35,2,6600,6600,Pirmasens,876.47998046875,645.090026855469,41.5800018310547,25.75,0,28.510002136230497,71.4899978637695,107.57946210268949,Dienstleistungsorientiert,86.36293479560234,21.21652730708726,0.11956027080783395,Normal
07318,Speyer,Kreisfreie Stadt,51203,42.71,0,0,0,NA,1425.2099609375,1167.73999023438,24.75,18.4500007629395,0.0399999991059303,21.9599990844727,78,0,Dienstleistungsorientiert,135.03832699133898,-135.03832699133892,-0.7609736839038735,Normal
07319,Worms,Kreisfreie Stadt,85609,108.73,11,27000,27000,Worms,941.179992675781,794.659973144531,4.25,60.189998626709,0.769999980926514,27.4300003051758,71.8000030517578,248.32153039639473,Dienstleistungsorientiert,279.67722505769456,-31.3556946612997,-0.17669693493244068,Normal
07320,Zweibrücken,Kreisfreie Stadt,34613,70.64,0,0,0,NA,1139.7900390625,472.179992675781,25.0599994659424,45.5999984741211,0.389999985694885,33.8199996948242,65.7900009155273,0,Dienstleistungsorientiert,164.15991608123153,-164.15991608123133,-0.9250808927579318,Normal
07331,Alzey-Worms,Landkreis,133430,588.07,167,443870,443870,Alzey-Worms,945.099975585938,222.410003662109,5.76999998092651,76.3099975585938,3.76999998092651,26.8600006103516,69.370002746582,754.7910962980596,Ländlich/Agrarisch,350.89524536301724,403.8958509350426,2.276050958623341,Outperformer (Hoch)
07332,Bad Dürkheim,Landkreis,134711,594.61,12,27010,27010,Bad Dürkheim,981.909973144531,225.720001220703,52.189998626709,33.5400009155273,4.3600001335144,22.2800006866455,73.3600006103516,45.42473217739359,Ländlich/Agrarisch,111.85091414703179,-66.42618196963814,-0.37432762629195404,Normal
07333,Donnersbergkreis,Landkreis,76088,645.42,99,293095,293095,Donnersbergkreis,854.219970703125,115.779998779297,34.060001373291,52.8899993896484,1.19000005722046,36,62.810001373291,454.11514982492025,Industriell,154.64297242343443,299.47217740148596,1.6875982629623332,Outperformer (Hoch)
07334,Germersheim,Landkreis,131492,463.32,30,75200,75200,Germersheim,1138.9599609375,284.209991455078,40.9099998474121,37.2799987792969,1.16999995708466,43.9300003051758,54.9000015258789,162.30682897349564,Industriell,76.33607124297272,85.97075773052308,0.4844660451280587,Normal
07335,Kaiserslautern,Landkreis,108540,639.96,51,107275,107275,Kaiserslautern,863.789978027344,165.75,50.4900016784668,32.2099990844727,0.449999988079071,24.3899993896484,75.1600036621094,167.6276642290143,Dienstleistungsorientiert,85.31963463152124,82.30802959749317,0.4638256848493884,Normal
07336,Kusel,Landkreis,71140,573.61,65,168515,168515,Kusel,716.580017089844,121.769996643066,36.8800010681152,48.3300018310547,1.12000000476837,28.6800003051758,70.1999969482422,293.7797458203309,Dienstleistungsorientiert,168.01834693434904,125.761398885982,0.7086959468129983,Normal
07337,Südliche Weinstraße,Landkreis,112894,639.95,20,46530,46530,Südliche Weinstraße,1004.67999267578,176.820007324219,45.3800010681152,40.689998626709,3.35999989509583,28.7199993133545,67.9300003051758,72.70880537541996,Ländlich/Agrarisch,123.81717759373245,-51.10837221831239,-0.28800805779972405,Normal
07338,Rhein-Pfalz-Kreis,Landkreis,156346,305.01,19,40100,40100,Rhein-Pfalz-Kreis,978.580017089844,509.929992675781,17.8600006103516,53.4300003051758,10.4300003051758,25.9899997711182,63.5800018310547,131.4710993082194,Ländlich/Agrarisch,362.8030291951658,-231.3319298869465,-1.3036114621144035,Normal
07339,Mainz-Bingen,Landkreis,215286,605.34,62,119321.3,119321.3,Mainz-Bingen,1866.47998046875,340.670013427734,16.75,60.6500015258789,2.41000008583069,30.6000003814697,66.9899978637695,197.11451415733308,Dienstleistungsorientiert,194.16474467368892,2.9497694836442974,0.016622665584267705,Normal
07340,Südwestpfalz,Landkreis,94912,953.59,47,116860,116860,Südwestpfalz,865.960021972656,94.5599975585938,63.6699981689453,24.8299999237061,1.22000002861023,34.6399993896484,64.1399993896484,122.54742604263886,Ausgeglichen,-0.5640393980662921,123.11146544070523,0.6937629299363772,Normal
08111,Stuttgart,Stadtkreis,633484,207.33,1,0.6,0.6,Stuttgart,2385.32006835938,2957.169921875,23.9899997711182,22.6499996185303,0.0700000002980232,22.7999992370605,77.120002746582,0.0028939372015627258,Dienstleistungsorientiert,-172.21978808606,172.2226820232617,0.970516531943206,Normal
08115,Böblingen,Landkreis,401318,617.78,0,0,0,NA,2173.3701171875,638.210021972656,34.6300010681152,40.8300018310547,0.129999995231628,37.7900009155273,62.0800018310547,0,Industriell,-4.995460975961203,4.995460975961415,0.02815063268607588,Normal
08116,Esslingen,Landkreis,542582,641.27,5,2252.5,2252.5,Esslingen,1548.27001953125,835.869995117188,29.2099990844727,43.7900009155273,0.379999995231628,36.3400001525879,63.2799987792969,3.512561011742324,Industriell,54.56856267388029,-51.05600166213785,-0.28771293702958306,Normal
08117,Göppingen,Landkreis,263706,642.32,54,118870,118870,Göppingen,1172.88000488281,403.570007324219,32.3199996948242,49.5,0.28999999165535,39.3699989318848,60.3300018310547,185.06351974093909,Industriell,94.49119823845105,90.57232150248825,0.5103969716530558,Normal
08118,Ludwigsburg,Landkreis,553689,686.77,6,3004.5,3004.5,Ludwigsburg,1553.09997558594,778.72998046875,18.3099994659424,54.0800018310547,0.709999978542328,34.5,64.7900009155273,4.374827089127365,Ausgeglichen,129.5865066812471,-125.21167959211961,-0.7055981454296154,Normal
08119,Rems-Murr-Kreis,Landkreis,434369,858.09,9,21711,21711,Rems-Murr-Kreis,1368.28002929688,512.890014648438,39.2799987792969,41.4599990844727,0.519999980926514,38.4300003051758,61.0499992370605,25.30154179631507,Industriell,36.837680657154536,-11.536138860839307,-0.06500893696293038,Normal
08121,Heilbronn,Stadtkreis,130093,99.89,0,0,0,NA,1389.22998046875,1317.97998046875,14.7799997329712,46.2299995422363,0.230000004172325,21.3999996185303,78.370002746582,0,Dienstleistungsorientiert,136.87480023232033,-136.8748002323202,-0.7713226554789586,Normal
08125,Heilbronn,Landkreis,355359,1099.94,25,72205.5,72205.5,Heilbronn,1530.96997070313,321.489990234375,25.5900001525879,54.689998626709,0.689999997615814,44.1699981689453,55.1300010681152,65.64494426968743,Industriell,113.2922226867098,-47.647278417022186,-0.26850395582374503,Normal
08126,Hohenlohekreis,Landkreis,115796,776.75,20,55601,55601,Hohenlohekreis,1760.85998535156,148.479995727539,28.2399997711182,56.1699981689453,0.980000019073486,46.8600006103516,52.1599998474121,71.581589958159,Industriell,94.48774777545381,-22.906157817294606,-0.1290817480242345,Normal
08127,Schwäbisch Hall,Landkreis,204721,1484.07,109,301451,301451,Schwäbisch Hall,1453.44995117188,135.169998168945,31.7800006866455,54.3600006103516,0.75,45.6100006103516,53.5900001525879,203.12451568996073,Industriell,95.37447803957582,107.75003765038504,0.6071975632285014,Normal
08128,Main-Tauber-Kreis,Landkreis,135371,1304.12,151,274226.5,274226.5,Main-Tauber-Kreis,1235.89001464844,102.339996337891,29.7000007629395,57.3300018310547,0.479999989271164,45.9300003051758,53.5699996948242,210.27704505720334,Industriell,119.94435890661182,90.33268615059173,0.5090465683965196,Normal
08135,Heidenheim,Landkreis,135470,627.12,53,139462.043,139462.043,Heidenheim,1103.31005859375,215.649993896484,43.0099983215332,41.9099998474121,0.409999996423721,45.0999984741211,54.4900016784668,222.3849390866182,Industriell,49.29983998079129,173.08509910582706,0.9753764611129703,Normal
08136,Ostalbkreis,Landkreis,320436,1511.39,81,202765,202765,Ostalbkreis,1545.59997558594,209.910003662109,39.3600006103516,46.060001373291,0.409999996423721,46.3800010681152,53.2099990844727,134.15796055286853,Industriell,33.88491700355124,100.27304354931742,0.5650628902627893,Normal
08211,Baden-Baden,Stadtkreis,57420,140.19,1,1,1,Baden-Baden,1435.28002929688,403.209991455078,61.6699981689453,21.9799995422363,0.340000003576279,23.7800006866455,75.8899993896484,0.007133176403452458,Dienstleistungsorientiert,-48.097966172703174,48.10509934910671,0.2710838876773068,Normal
08212,Karlsruhe,Stadtkreis,309964,173.42,3,3110,3110,Karlsruhe,1645.17004394531,1777.17004394531,26.0599994659424,22.3999996185303,0.0500000007450581,14.8199996948242,85.129997253418,17.933341021796796,Dienstleistungsorientiert,37.79346204939207,-19.860121027595135,-0.1119165928508221,Normal
08215,Karlsruhe,Landkreis,456392,1084.97,2,2095,2095,Karlsruhe,1221.5,419.690002441406,34.0200004577637,43.9700012207031,0.379999995231628,34.5999984741211,65.0199966430664,1.9309289657778557,Dienstleistungsorientiert,100.06000532834949,-98.12907636257152,-0.5529811158168451,Normal
08216,Rastatt,Landkreis,235542,738.44,2,6.5,6.5,Rastatt,1426.77001953125,313.309997558594,50.7799987792969,30.25,0.519999980926514,49.2099990844727,50.2700004577637,0.00880234006825199,Industriell,-27.363904318105835,27.37270665817429,0.1542518327069244,Normal
08221,Heidelberg,Stadtkreis,162960,108.83,0,0,0,NA,1423.18994140625,1425.84997558594,40.5299987792969,26.2000007629395,0.119999997317791,12.960000038147,86.9100036621094,0,Dienstleistungsorientiert,-11.064748005961055,11.064748005961137,0.06235253530728588,Normal
08222,Mannheim,Stadtkreis,316877,144.97,1,9.8,9.8,Mannheim,1542.08996582031,2181.53002929688,12.6599998474121,23.4400005340576,0.0700000002980232,26.1800003051758,73.75,0.06760019314340898,Dienstleistungsorientiert,64.40701514999597,-64.33941495685238,-0.3625681886822856,Normal
08225,Neckar-Odenwald-Kreis,Landkreis,146070,1125.95,42,107130,107130,Neckar-Odenwald-Kreis,1077.14001464844,129.380004882813,42.2400016784668,45.3300018310547,0.779999971389771,40.310001373291,58.9099998474121,95.14632088458634,Industriell,76.79295834577174,18.35336253881478,0.10342564377357104,Normal
08226,Rhein-Neckar-Kreis,Landkreis,556645,1061.54,2,10,10,Rhein-Neckar-Kreis,1589.51000976563,525.47998046875,35.7700004577637,41.2799987792969,0.419999986886978,26.5200004577637,73.0699996948242,0.009420276202498258,Dienstleistungsorientiert,71.47285128534209,-71.46343100913946,-0.40271374483870126,Normal
08231,Pforzheim,Stadtkreis,128992,97.99,1,5,5,Pforzheim,1111.77001953125,1378.57995605469,51.439998626709,15.1899995803833,0.0700000002980232,28.1800003051758,71.75,0.05102561485865905,Dienstleistungsorientiert,-75.51060955833518,75.56163517319398,0.42580811804069424,Normal
08235,Calw,Landkreis,163838,797.32,26,61110,61110,Calw,1129.26000976563,202.160003662109,61.7200012207031,25.4500007629395,0.430000007152557,34.5,65.0699996948242,76.64425826518837,Dienstleistungsorientiert,-30.741490768167125,107.38574903335562,0.6051447086272821,Normal
08236,Enzkreis,Landkreis,203409,573.61,0,0,0,NA,1324.33996582031,348.459991455078,38.2999992370605,43.5999984741211,0.280000001192093,52.0499992370605,47.6699981689453,0,Industriell,30.106338760783355,-30.106338760783252,-0.16965651179254188,Normal
08237,Freudenstadt,Landkreis,121584,870.41,14,20900,20900,Freudenstadt,1203.40002441406,140.050003051758,62.75,25.8299999237061,0.28999999165535,46.439998626709,53.2700004577637,24.0116726600108,Industriell,-65.3251027304248,89.3367753904358,0.5034343700163962,Normal
08311,Freiburg im Breisgau,Stadtkreis,237244,153.04,4,7200,7200,Freiburg im Breisgau,1334.82995605469,1543.61999511719,43.1800003051758,22.5200004577637,0.180000007152557,13.8000001907349,86.0100021362305,47.04652378463147,Dienstleistungsorientiert,-33.11056493257048,80.15708871720207,0.4517046119510286,Normal
08315,Breisgau-Hochschwarzwald,Landkreis,272194,1378.33,17,24792.8,24792.8,Breisgau-Hochschwarzwald,1130.83996582031,197.330001831055,47.6300010681152,39.1800003051758,1.38999998569489,36.3499984741211,62.2599983215332,17.98756466158322,Industriell,54.36412686489427,-36.376562203310876,-0.20499073977262272,Normal
08316,Emmendingen,Landkreis,172392,679.81,22,32668.5,32668.5,Emmendingen,1108.52001953125,249.289993286133,45.9500007629395,39.9099998474121,0.850000023841858,42.7999992370605,56.3499984741211,48.05533899177712,Industriell,38.13347065245261,9.92186833932462,0.0559121315378064,Normal
08317,Ortenaukreis,Landkreis,444390,1860.3,46,115283.7,115283.7,Ortenaukreis,1261.91003417969,238.389999389648,47.3199996948242,37.3800010681152,0.589999973773956,36.5200004577637,62.8899993896484,61.97048863086599,Industriell,34.43998966308224,27.530498967783924,0.15514103059474366,Normal
08325,Rottweil,Landkreis,142963,769.43,26,39581.5,39581.5,Rottweil,1562.86999511719,182.399993896484,43.0099983215332,42.0699996948242,0.340000003576279,51.5400009155273,48.1199989318848,51.442626359772824,Industriell,4.9455828194278215,46.49704354034515,0.26202210366398154,Normal
08326,Schwarzwald-Baar-Kreis,Landkreis,218780,1025.34,10,12245,12245,Schwarzwald-Baar-Kreis,1274,208.639999389648,45.8600006103516,40.939998626709,0.280000001192093,43.1599998474121,56.560001373291,11.942380088555993,Industriell,21.483438978517707,-9.541058889961489,-0.053766178044426446,Normal
08327,Tuttlingen,Landkreis,146124,734.37,16,40800,40800,Tuttlingen,1449.69995117188,197.380004882813,50.0200004577637,36.5499992370605,0.170000001788139,61.6800003051758,38.1500015258789,55.5578250745537,Industriell,-54.61489068326246,110.17271575781632,0.620849941226664,Normal
08335,Konstanz,Landkreis,294176,817.97,4,9902.8,9902.8,Konstanz,1261.03002929688,356.239990234375,33.4799995422363,48.6699981689453,1.0900000333786,27.4300003051758,71.4800033569336,12.10655647517635,Dienstleistungsorientiert,125.47658736374298,-113.37003088856652,-0.6388675864971408,Normal
08336,Lörrach,Landkreis,234909,806.67,11,26901.8,26901.8,Lörrach,1206.0400390625,294.070007324219,51.6199989318848,33.7299995422363,0.779999971389771,36.0299987792969,63.1800003051758,33.349201036359354,Industriell,10.631246948106947,22.71795408825252,0.12802117442113584,Normal
08337,Waldshut,Landkreis,174391,1131.17,5,20.3,20.3,Waldshut,1221.83996582031,151.860000610352,49.4000015258789,38.4099998474121,0.519999980926514,36.5299987792969,62.939998626709,0.017946020492056895,Industriell,29.955146646824222,-29.93720062633205,-0.16870337743335942,Normal
08415,Reutlingen,Landkreis,293624,1092.47,9,7550.6,7550.6,Reutlingen,1223.88000488281,268.549987792969,38.0900001525879,46.9700012207031,0.449999988079071,40.0299987792969,59.5200004577637,6.911494137138777,Industriell,71.63277604426939,-64.72128190713048,-0.3647201014494875,Normal
08416,Tübingen,Landkreis,234649,519.13,1,0.6,0.6,Tübingen,1198.36999511719,448.640014648438,34.7200012207031,45.189998626709,0,26.120002746582003,73.879997253418,0.0011557798624621963,Dienstleistungsorientiert,104.10231082124287,-104.1011550413803,-0.5866352258316142,Normal
08417,Zollernalbkreis,Landkreis,193712,917.56,6,6015.4,6015.4,Zollernalbkreis,1290.33996582031,210.710006713867,40.9900016784668,43.7900009155273,0.540000021457672,47.3699989318848,52.0800018310547,6.5558655564758705,Industriell,44.25890422459299,-37.703038668117024,-0.21246575597376438,Normal
08421,Ulm,Stadtkreis,129942,118.68,13,24000,24000,Ulm,1694.81005859375,1086.93994140625,21.4799995422363,41.9500007629395,0,25.589996337890597,74.4100036621094,202.22446916076845,Dienstleistungsorientiert,91.85985150230931,110.36461765845927,0.6219313549225682,Normal
08425,Alb-Donau-Kreis,Landkreis,203873,1358.53,32,37242,37242,Alb-Donau-Kreis,1282.01000976563,148.520004272461,29.9300003051758,56.060001373291,0.660000026226044,46.9599990844727,52.3800010681152,27.41345424834196,Industriell,111.74056736508837,-84.32711311674625,-0.47520370957753966,Normal
08426,Biberach,Landkreis,208203,1409.5,7,3738.5,3738.5,Biberach,1588.38000488281,146.699996948242,28.6200008392334,57.2799987792969,0.680000007152557,54.1500015258789,45.1699981689453,2.6523589925505497,Industriell,81.25059648889192,-78.59823749634128,-0.44292010770970647,Normal
08435,Bodenseekreis,Landkreis,224200,664.75,0,0,0,NA,1345.06005859375,332.760009765625,28.1800003051758,54.8699989318848,1.00999999046326,44.7599983215332,54.2299995422363,0,Industriell,108.48429214505332,-108.48429214505317,-0.6113352651697173,Normal
08436,Ravensburg,Landkreis,293148,1632.07,7,3015.6,3015.6,Ravensburg,1356.0400390625,177.520004272461,28.7999992370605,57.2900009155273,0.689999997615814,36.810001373291,62.5,1.8477148651712243,Industriell,131.82577076187954,-129.97805589670824,-0.7324578304996738,Normal
08437,Sigmaringen,Landkreis,134259,1204.23,11,23651,23651,Sigmaringen,1244.19995117188,110.23999786377,38.9300003051758,48.9000015258789,1.05999994277954,42.7799987792969,56.1599998474121,19.63993589264509,Industriell,82.63767893450931,-62.99774304186413,-0.35500754243846433,Normal
09161,Ingolstadt,Kreisfreie Stadt,142308,133.35,0,0,0,NA,1872.16003417969,1046.39001464844,15.8500003814697,39.060001373291,0,47.9000015258789,52.0999984741211,0,Industriell,82.0800325366337,-82.08003253663348,-0.4625408661820721,Normal
09162,München,Kreisfreie Stadt,1510378,310.7,3,5001,5001,München,2278.1298828125,4791.5,7.01000022888184,13.539999961853,0.0599999986588955,14.8800001144409,85.0599975585938,16.095912455745093,Dienstleistungsorientiert,-240.74010525002151,256.8360177057668,1.4473331750125524,Normal
09163,Rosenheim,Kreisfreie Stadt,65192,37.22,1,20,20,Rosenheim,1456.07995605469,1731.68005371094,17.0599994659424,35.4900016784668,0,19.0500030517578,80.9499969482422,0.537345513164965,Dienstleistungsorientiert,86.10145845218535,-85.5641129390202,-0.4821745032234401,Normal
09171,Altötting,Landkreis,114459,569.28,0,0,0,NA,1815.97998046875,198.529998779297,29.3799991607666,53.4000015258789,1.62000000476837,50.9199981689453,47.4599990844727,0,Industriell,80.99862463130411,-80.99862463130387,-0.45644687067830503,Normal
09172,Berchtesgadener Land,Landkreis,108315,839.85,0,0,0,NA,1238.25,125.150001525879,53.0099983215332,22.3899993896484,0.740000009536743,30.2900009155273,68.9700012207031,0,Dienstleistungsorientiert,56.656817278839,-56.65681727883888,-0.31927488975564644,Normal
09173,Bad Tölz-Wolfratshausen,Landkreis,130182,1110.66,1,9.9,9.9,Bad Tölz-Wolfratshausen,1303.30004882813,116.849998474121,55.8300018310547,28.0100002288818,1.04999995231628,33.8199996948242,65.129997253418,0.00891361892928529,Dienstleistungsorientiert,16.389438357516852,-16.38052473858744,-0.09230822487456405,Normal
09174,Dachau,Landkreis,157813,579.15,9,20528,20528,Dachau,1452.17004394531,262.320007324219,17.8199996948242,65.4700012207031,0.949999988079071,26.0300006866455,73.0199966430664,35.445048778382116,Dienstleistungsorientiert,206.12616562973113,-170.68111685134886,-0.9618294387750296,Normal
09175,Ebersberg,Landkreis,147559,549.4,6,2314.9,2314.9,Ebersberg,1474.51000976563,260.309997558594,37.5,47.5900001525879,1.07000005245209,24.9799995422363,73.9400024414063,4.213505642519112,Dienstleistungsorientiert,100.41042008029666,-96.19691443777735,-0.5420929153291144,Normal
09176,Eichstätt,Landkreis,136565,1213.84,53,120153.47,120153.47,Eichstätt,1355.67004394531,111.400001525879,40.8199996948242,45.6199989318848,0.75,34.7200012207031,64.5199966430664,98.98625024714956,Ausgeglichen,81.43228569641019,17.553964550739543,0.09892084246682815,Normal
09177,Erding,Landkreis,142540,870.73,13,96.28,96.28,Erding,1394.4599609375,160.259994506836,14.7700004577637,68.9100036621094,1.00999999046326,21.9599990844727,77.0299987792969,0.11057388627932883,Dienstleistungsorientiert,248.99268905302404,-248.88211516674448,-1.402511007473996,Normal
09178,Freising,Landkreis,186276,799.83,3,5330,5330,Freising,1509.60998535156,229.460006713867,19.8500003814697,61.8400001525879,0.829999983310699,19.0400009155273,80.129997253418,6.66391608216746,Dienstleistungsorientiert,213.1109106056569,-206.44699452348928,-1.1633788232839892,Normal
09179,Fürstenfeldbruck,Landkreis,222932,434.82,3,6106,6106,Fürstenfeldbruck,1374.5,498.880004882813,22.9500007629395,55.1500015258789,0.449999988079071,25.9799995422363,73.5699996948242,14.042592337059013,Dienstleistungsorientiert,157.8226851171182,-143.78009278005905,-0.8102356517042734,Normal
09180,Garmisch-Partenkirchen,Landkreis,88748,1012.18,0,0,0,NA,1246.19995117188,88.25,54.7000007629395,19.5100002288818,0.569999992847443,16.4400005340576,83,0,Dienstleistungsorientiert,83.47363362068276,-83.47363362068266,-0.47039414587272876,Normal
09181,Landsberg am Lech,Landkreis,124311,804.35,8,16007.3,16007.3,Landsberg am Lech,1524.94995117188,150.389999389648,30.1000003814697,50.0499992370605,0.990000009536743,32.4500007629395,66.5500030517578,19.900913781314102,Dienstleistungsorientiert,143.02088145813724,-123.11996767682298,-0.6938108420964588,Normal
09182,Miesbach,Landkreis,101451,866.21,1,7.5,7.5,Miesbach,1633.73999023438,111.669998168945,55.2299995422363,30.2199993133545,1.24000000953674,29.4300003051758,69.3300018310547,0.008658408469077937,Dienstleistungsorientiert,5.750251139194415,-5.741592730725279,-0.032355265865045536,Normal
09183,Mühldorf a.Inn,Landkreis,120732,805.35,1,4.5,4.5,Mühldorf a. Inn,1240.06005859375,150.580001831055,22.8099994659424,63.3300018310547,0.649999976158142,42.9099998474121,56.4300003051758,0.0055876327062767735,Industriell,161.00522815200608,-160.99964051929962,-0.9072719744301092,Normal
09184,München,Landkreis,358480,664.26,4,39,39,München,3393.68994140625,531.080017089844,44.8800010681152,30.2800006866455,0.150000005960464,20.8700008392334,78.9800033569336,0.05871195014000542,Dienstleistungsorientiert,-93.44455630694159,93.5032682570818,0.5269135665995572,Normal
09185,Neuburg-Schrobenhausen,Landkreis,101109,739.73,5,5880,5880,Neuburg-Schrobenhausen,1254.72998046875,133.789993286133,23.7399997711182,59.6100006103516,0.810000002384186,44.8499984741211,54.3400001525879,7.948846200640774,Industriell,160.95473954526156,-153.00589334462057,-0.8622252727177735,Normal
09186,Pfaffenhofen a.d.Ilm,Landkreis,132966,761.04,13,28352.8,28352.8,Pfaffenhofen a.d. Ilm,1301.07995605469,170.160003662109,25.1299991607666,57.4300003051758,0.860000014305115,37.1100006103516,62.0299987792969,37.25533480500368,Industriell,165.3819597438643,-128.1266249388605,-0.7220245685667306,Normal
09187,Rosenheim,Landkreis,268391,1439.44,1,5.5,5.5,Rosenheim,1397.27001953125,178.410003662109,36.0800018310547,46.6300010681152,0.910000026226044,34.0099983215332,65.0800018310547,0.0038209303618073694,Dienstleistungsorientiert,106.62891719146984,-106.62509626110786,-0.6008582459972602,Normal
09188,Starnberg,Landkreis,139067,487.71,5,12040,12040,Starnberg,1745.36999511719,284.850006103516,36.9500007629395,31.4099998474121,0.409999996423721,31.4799995422363,68.0999984741211,24.686801582907876,Dienstleistungsorientiert,92.67287035424096,-67.98606877133285,-0.38311796628213174,Normal
09189,Traunstein,Landkreis,181763,1533.74,8,5346.3,5346.3,Traunstein,1592.38000488281,112.160003662109,37.6800003051758,42.75,0.889999985694885,44.0800018310547,55.0299987792969,3.485792898405206,Industriell,74.64908611074836,-71.163293212343,-0.40102239564921055,Normal
09190,Weilheim-Schongau,Landkreis,139401,966.27,3,619.4,619.4,Weilheim-Schongau,1345.34997558594,142.869995117188,33.4099998474121,51.4099998474121,0.779999971389771,44.4099998474121,54.810001373291,0.6410216606124582,Industriell,99.3674743321712,-98.7264526715585,-0.5563474760247575,Normal
09261,Landshut,Kreisfreie Stadt,75272,65.83,0,0,0,NA,1459.10998535156,1044.21997070313,19.8099994659424,39.3699989318848,0.100000001490116,17.8999996185303,82,0,Dienstleistungsorientiert,150.97509554076797,-150.97509554076774,-0.8507812351582671,Normal
09262,Passau,Kreisfreie Stadt,54401,69.56,0,0,0,NA,1328.88000488281,760.409973144531,33.0200004577637,25.3199996948242,0.0599999986588955,24.3099994659424,75.620002746582,0,Dienstleistungsorientiert,113.92542066386879,-113.92542066386859,-0.6419973424170381,Normal
09263,Straubing,Kreisfreie Stadt,49775,67.59,0,0,0,NA,1365.81994628906,703.119995117188,3.07999992370605,55.6699981689453,0.200000002980232,24.0799999237061,75.7200012207031,0,Dienstleistungsorientiert,279.41871963498284,-279.41871963498255,-1.5745921707544106,Underperformer (Tief)
09271,Deggendorf,Landkreis,123129,861.15,1,6.5,6.5,Deggendorf,1175.06994628906,140.669998168945,29.3400001525879,53.0800018310547,0.699999988079071,39.3499984741211,59.9500007629395,0.007548046217267608,Industriell,148.91012303227632,-148.90257498605888,-0.8391020797908842,Normal
09272,Freyung-Grafenau,Landkreis,79603,983.86,7,231.6,231.6,Freyung-Grafenau,990.950012207031,79.8000030517578,57.6500015258789,29.6599998474121,0.819999992847443,45.6100006103516,53.5699996948242,0.23539934543532615,Industriell,-3.3364932197538213,3.571892565189182,0.020128479850133166,Normal
09273,Kelheim,Landkreis,126539,1065.11,6,4958,4958,Kelheim,1214.97998046875,117.919998168945,39.8400001525879,45.5200004577637,1.47000002861023,43.3400001525879,55.189998626709,4.654918271352255,Industriell,88.49315928572,-83.8382410143676,-0.4724487968576214,Normal
09274,Landshut,Landkreis,165608,1347.56,11,14497.4,14497.4,Landshut,1403.68994140625,119.610000610352,22.9899997711182,62.6599998474121,1.25,44.7400016784668,54.0099983215332,10.758259372495473,Industriell,157.52355182449327,-146.76529245199762,-0.8270579749820893,Normal
09275,Passau,Landkreis,197863,1530.07,8,623.54,623.54,Passau,1077.77001953125,126.830001831055,28.9400005340576,54.4599990844727,0.910000026226044,40.5900001525879,58.4900016784668,0.407523838778618,Industriell,157.77736177582696,-157.36983793704832,-0.8868171576058699,Normal
09276,Regen,Landkreis,77940,974.78,3,46.5,46.5,Regen,1075.61999511719,79.4400024414063,64.4300003051758,24.3199996948242,0.740000009536743,46.0099983215332,53.25,0.047703071462278666,Industriell,-50.43018787265105,50.4778909441134,0.2844551430935872,Normal
09277,Rottal-Inn,Landkreis,124911,1281.21,8,2150.8,2150.8,Rottal-Inn,1239.06994628906,94.0299987792969,26.0699996948242,60.939998626709,1.26999998092651,37.4000015258789,61.3300018310547,1.678725579725416,Industriell,170.24496878025434,-168.56624320052887,-0.9499116134515646,Normal
09278,Straubing-Bogen,Landkreis,104167,1201.61,4,11407.2,11407.2,Straubing-Bogen,1176.16003417969,85.9899978637695,27.8199996948242,57.6300010681152,2.36999988555908,45.7599983215332,51.8699989318848,9.493263205199693,Industriell,165.95910337201917,-156.46584016681933,-0.8817229111887311,Normal
09279,Dingolfing-Landau,Landkreis,101477,877.58,5,1520,1520,Dingolfing-Landau,2066.59008789063,114.779998779297,21.9799995422363,61.4300003051758,1.69000005722046,58.2000007629395,40.1100006103516,1.7320358257936597,Industriell,96.50609021341926,-94.77405438762538,-0.5340747542768582,Normal
09361,Amberg,Kreisfreie Stadt,42676,50.14,0,0,0,NA,1425.15002441406,841.97998046875,21.4200000762939,38.6100006103516,0.170000001788139,41.0099983215332,58.810001373291,0,Industriell,118.1453402933622,-118.14534029336203,-0.6657776117507943,Normal
09362,Regensburg,Kreisfreie Stadt,159465,80.86,1,500,500,Regensburg,1896.84997558594,1850.90002441406,7.73999977111816,27.1599998474121,0.259999990463257,29.75,69.9899978637695,6.183527083848627,Dienstleistungsorientiert,105.49932313572373,-99.31579605187493,-0.5596685687337373,Normal
09363,Weiden i.d.OPf.,Kreisfreie Stadt,43188,70.57,0,0,0,NA,1310.28002929688,601.25,31.1499996185303,34.2799987792969,0.259999990463257,19.1299991607666,80.5999984741211,0,Dienstleistungsorientiert,145.34677173666674,-145.3467717366666,-0.8190642671326975,Normal
09371,Amberg-Sulzbach,Landkreis,104914,1255.82,28,66049.9,66049.9,Amberg-Sulzbach,1036.92004394531,82.9100036621094,48.2599983215332,39.2000007629395,0.730000019073486,39.9500007629395,59.3199996948242,52.595037505374975,Industriell,54.11834360597825,-1.5233061006030855,-0.008584198878319429,Normal
09372,Cham,Landkreis,130946,1526.83,9,796.1,796.1,Cham,1233.21997070313,83.9800033569336,43.8199996948242,42.8300018310547,0.699999988079071,49.4700012207031,49.8400001525879,0.5214070983672053,Industriell,43.32295824500464,-42.801551146637316,-0.24119710883966813,Normal
09373,Neumarkt i.d.OPf.,Landkreis,139277,1343.94,67,159969.5,159969.5,Neumarkt i.d. OPf.,1296.5400390625,102.839996337891,37.7999992370605,43.4500007629395,0.419999986886978,42.5099983215332,57.0699996948242,119.03023944521333,Industriell,91.73649943964658,27.29374000556698,0.15380683649082055,Normal
09374,Neustadt a.d.Waldnaab,Landkreis,96400,1425.81,8,10810,10810,Neustadt a.d. Waldnaab,1184.18005371094,67.4800033569336,47.0299987792969,35.3400001525879,1,48.9000015258789,50.0999984741211,7.581655339771779,Industriell,46.44054917902339,-38.8588938392515,-0.21897927985423987,Normal
09375,Regensburg,Landkreis,200264,1391.68,14,29656.3,29656.3,Regensburg,1188.47998046875,139.259994506836,35.0099983215332,49.7400016784668,1.07000005245209,37.5800018310547,61.3400001525879,21.309712002759255,Industriell,122.11559994902345,-100.80588794626398,-0.5680655975143238,Normal
09376,Schwandorf,Landkreis,152284,1458.35,12,30001.55,30001.55,Schwandorf,1243.5,101.959999084473,44.2700004577637,39.0299987792969,0.759999990463257,43.6699981689453,55.5699996948242,20.572256317070664,Industriell,58.926464392630095,-38.354208075559264,-0.2161352533221624,Normal
09377,Tirschenreuth,Landkreis,72147,1084.24,18,31810.6,31810.6,Tirschenreuth,2465.34008789063,66.9100036621094,47.0299987792969,40.2200012207031,1.12000000476837,50.5800018310547,48.2999992370605,29.33907621928724,Industriell,-57.566428806639564,86.90550502592697,0.48973357256823724,Normal
09461,Bamberg,Kreisfreie Stadt,80580,54.62,0,0,0,NA,1303.34997558594,1374.71997070313,27.8500003814697,15.8699998855591,0.159999996423721,28.3199996948242,71.5199966430664,0,Dienstleistungsorientiert,86.3660574978555,-86.36605749785541,-0.4866936550732896,Normal
09462,Bayreuth,Kreisfreie Stadt,74907,66.89,0,0,0,NA,1448.90002441406,1092.44995117188,20.3199996948242,32.8199996948242,0.25,23.0799999237061,76.6699981689453,0,Dienstleistungsorientiert,145.89144225491575,-145.8914422549156,-0.8221336174424978,Normal
09463,Coburg,Kreisfreie Stadt,42139,48.29,0,0,0,NA,2640.97998046875,847.109985351563,23.7299995422363,27.9799995422363,0.140000000596046,29.0799999237061,70.7799987792969,0,Dienstleistungsorientiert,62.64241127591142,-62.64241127591125,-0.35300516186274394,Normal
09464,Hof,Kreisfreie Stadt,46963,58.02,0,0,0,NA,1074.43005371094,801.169982910156,14.9899997711182,42.7599983215332,0.189999997615814,17.7800006866455,82.0299987792969,0,Dienstleistungsorientiert,240.38483094126053,-240.38483094126042,-1.3546267525049633,Normal
09471,Bamberg,Landkreis,149823,1167.79,35,84675,84675,Bamberg,1141.61999511719,126.75,40.8699989318848,43.939998626709,0.839999973773956,39.7700004577637,59.3899993896484,72.50875585507669,Industriell,87.73170865242479,-15.222952797347949,-0.08578502657868121,Normal
09472,Bayreuth,Landkreis,104843,1275.52,51,125900,125900,Bayreuth,1009.46997070313,80.9599990844727,47.1800003051758,40.0800018310547,1.46000003814697,39.0099983215332,59.5299987792969,98.70484194681384,Industriell,74.61788121416504,24.086960732648897,0.1357358584866605,Normal
09473,Coburg,Landkreis,87259,590.41,13,26353.7,26353.7,Coburg,1097.05004882813,143.149993896484,31.9799995422363,50.2400016784668,0.75,44.8600006103516,54.4000015258789,44.636269710878885,Industriell,128.7776212164502,-84.14135150557117,-0.4741568979001935,Normal
09474,Forchheim,Landkreis,118725,642.81,1,1500,1500,Forchheim,1405.84997558594,180.889999389648,39.3199996948242,44.3400001525879,1.12000000476837,38.9799995422363,59.9000015258789,2.3335044569935133,Industriell,78.08371770103399,-75.75021324404025,-0.4268708011505391,Normal
09475,Hof,Landkreis,94333,892.54,117,251667.5,251667.5,Hof,1051.57995605469,103.839996337891,35.810001373291,48.810001373291,0.759999990463257,45.9799995422363,53.25,281.967754946557,Industriell,109.30467055138234,172.6630843951748,0.9729983059907784,Normal
09476,Kronach,Landkreis,66294,651.5,17,27409.5,27409.5,Kronach,1146.09997558594,99.7900009155273,59.3400001525879,28.2299995422363,1.02999997138977,50.4799995422363,48.4900016784668,42.071373752877975,Industriell,-34.709816698499424,76.78119045137751,0.4326806074549274,Normal
09477,Kulmbach,Landkreis,71956,658.31,31,67304.38,67304.38,Kulmbach,1239.68994140625,108.98999786377,37.3199996948242,47.689998626709,1.14999997615814,41.9700012207031,56.8800010681152,102.23812489556593,Industriell,100.74927999344308,1.4888449021230141,0.008390001677099489,Normal
09478,Lichtenfels,Landkreis,67555,519.92,6,12506,12506,Lichtenfels,1063.64001464844,130.240005493164,38.8800010681152,43.810001373291,0.540000021457672,33.8199996948242,65.6399993896484,24.05370056931836,Dienstleistungsorientiert,117.29043072474659,-93.23673015542813,-0.5254115598312926,Normal
09479,Wunsiedel i.Fichtelgebirge,Landkreis,71972,606.36,29,61295.3,61295.3,Wunsiedel i. Fichtelgebirge,1209.41003417969,117.019996643066,46.2999992370605,37.8300018310547,0.589999973773956,44.7099990844727,54.7099990844727,101.08730786991227,Industriell,42.159524484220306,58.927783385692095,0.33207233388025964,Normal
09561,Ansbach,Kreisfreie Stadt,42311,99.91,4,11730,11730,Ansbach,1251.25,397.359985351563,29.1100006103516,42.2900009155273,0.529999971389771,23.8700008392334,75.5999984741211,117.40566509858873,Dienstleistungsorientiert,167.3077407599078,-49.9020756613189,-0.2812102844911524,Normal
09562,Erlangen,Kreisfreie Stadt,117806,76.96,0,0,0,NA,2027.44995117188,1498.35998535156,22.2700004577637,29.7199993133545,0.0599999986588955,26.3199996948242,73.620002746582,0,Dienstleistungsorientiert,33.6624939645469,-33.66249396454672,-0.18969630779886668,Normal
09563,Fürth,Kreisfreie Stadt,132032,63.35,0,0,0,NA,1195.7099609375,2079.1201171875,13.289999961853,34.1800003051758,0.5,25.9099998474121,73.5899963378906,0,Dienstleistungsorientiert,81.46775114759154,-81.46775114759147,-0.4590905122374845,Normal
09564,Nürnberg,Kreisfreie Stadt,526091,186.44,2,11,11,Nürnberg,1528.27001953125,2824.53002929688,16.8899993896484,17.0799999237061,0.46000000834465,18.8099994659424,80.7300033569336,0.05900021454623471,Dienstleistungsorientiert,-14.574922444852014,14.633922659398282,0.08246569906631702,Normal
09565,Schwabach,Kreisfreie Stadt,41380,40.8,1,1,1,Schwabach,1375.19995117188,1004.75,28.8199996948242,31.8600006103516,0.140000000596046,35.9300003051758,63.9300003051758,0.02450980392156863,Industriell,70.81786800340693,-70.79335819948517,-0.39893772223973095,Normal
09571,Ansbach,Landkreis,189517,1971.3,78,155056.625,155056.625,Ansbach,1124.98999023438,95.0299987792969,28.6599998474121,55.9099998474121,1.50999999046326,47.4799995422363,51.0099983215332,78.65704103890833,Industriell,150.181268506733,-71.52422746782456,-0.4030563476105564,Normal
09572,Erlangen-Höchstadt,Landkreis,141517,564.52,16,40451.5,40451.5,Erlangen-Höchstadt,1445.5,245.470001220703,42.0400009155273,37.439998626709,0.529999971389771,47.6699981689453,51.7999992370605,71.6564514986183,Industriell,33.526112198297945,38.130339300320564,0.2148736985443445,Normal
09573,Fürth,Landkreis,119826,307.43,21,51915,51915,Fürth,1223.27001953125,382.570007324219,25.7399997711182,52.5999984741211,0.550000011920929,35.4700012207031,63.9700012207031,168.86770972253845,Industriell,148.3928762108689,20.47483351166969,0.11538064660481968,Normal
09574,Nürnberger Land,Landkreis,172941,799.52,10,30700,30700,Nürnberger Land,1328.17004394531,211.619995117188,52.4799995422363,30.8500003814697,0.319999992847443,39.7299995422363,59.9500007629395,38.39803882329398,Industriell,-2.2511648691157893,40.649203692409905,0.22906810955645257,Normal
09575,Neustadt a.d.Aisch-Bad Windsheim,Landkreis,103654,1267.45,63,157701.2,157701.2,Neustadt a.d. Aisch-Bad Windsheim,1133.77001953125,79.6699981689453,29.3500003814697,56.7099990844727,1.75999999046326,35.2099990844727,63.0200004577637,124.42400094678291,Industriell,175.90251749690347,-51.47851655012037,-0.2900939107721925,Normal
09576,Roth,Landkreis,129595,895.15,9,21541,21541,Roth,1283.55004882813,143.479995727539,45.3199996948242,37.7599983215332,0.680000007152557,39.5699996948242,59.7400016784668,24.06412333128526,Industriell,53.70854288966285,-29.644419558377486,-0.16705348519296617,Normal
09577,Weißenburg-Gunzenhausen,Landkreis,97276,970.78,56,102025.1,102025.1,Weißenburg-Gunzenhausen,1143.7099609375,97.5199966430664,34.5299987792969,48.810001373291,0.779999971389771,38.7299995422363,60.4799995422363,105.09600527410949,Industriell,129.75225950768623,-24.656254233576668,-0.1389439652684584,Normal
09661,Aschaffenburg,Kreisfreie Stadt,72918,62.45,0,0,0,NA,1488.01000976563,1161.7900390625,32.0699996948242,20.4300003051758,0,25.349998474121094,74.6500015258789,0,Dienstleistungsorientiert,64.40841694380279,-64.40841694380266,-0.36295703159359927,Normal
09662,Schweinfurt,Kreisfreie Stadt,55067,35.7,0,0,0,NA,1705.43005371094,1510.86999511719,16.5499992370605,19.6599998474121,0,49.1300010681152,50.8699989318848,0,Industriell,66.61410015245787,-66.61410015245774,-0.3753865907729189,Normal
09663,Würzburg,Kreisfreie Stadt,128246,87.6,1,2000,2000,Würzburg,1352.27001953125,1504.09997558594,20.1499996185303,26.9699993133545,0.140000000596046,12.289999961853,87.5699996948242,22.831050228310502,Dienstleistungsorientiert,135.62211551827943,-112.79106528996878,-0.6356049751020308,Normal
09671,Aschaffenburg,Landkreis,177056,698.89,3,7.5,7.5,Aschaffenburg,1279.81994628906,244.460006713867,58.0299987792969,23.1499996185303,0.720000028610229,39.8400001525879,59.439998626709,0.0107313024939547,Industriell,-22.77183685098657,22.782568153480657,0.12838529033062732,Normal
09672,Bad Kissingen,Landkreis,104898,1136.9,46,127542,127542,Bad Kissingen,1012.75,90.9899978637695,48.689998626709,34.9700012207031,0.860000014305115,30.1599998474121,68.9800033569336,112.18400914768229,Dienstleistungsorientiert,84.5267664050542,27.657242742628164,0.15585526246804945,Normal
09673,Rhön-Grabfeld,Landkreis,80544,1021.71,24,71200,71200,Rhön-Grabfeld,1060.06005859375,77.7399978637695,38,48.2599983215332,0.779999971389771,42.1699981689453,57.0499992370605,69.68709320648716,Industriell,105.87386950363363,-36.18677629714629,-0.20392125021817673,Normal
09674,Haßberge,Landkreis,85371,956.19,18,37151.98,37151.98,Haßberge,1066.76000976563,87.5100021362305,41.3499984741211,45,0.920000016689301,48.7000007629395,50.3800010681152,38.85418170028969,Industriell,73.27017296625667,-34.415991265966916,-0.19394244761745413,Normal
09675,Kitzingen,Landkreis,93818,684.17,16,27710,27710,Kitzingen,1220.76000976563,133.300003051758,23.0799999237061,58.3499984741211,2.58999991416931,38.9300003051758,58.4799995422363,40.50162971191371,Industriell,208.80089530854926,-168.29926559663545,-0.9484071299817151,Normal
09676,Miltenberg,Landkreis,130363,715.55,12,25300,25300,Miltenberg,1177.42004394531,177.759994506836,59.5299987792969,26.5400009155273,0.579999983310699,45.4099998474121,54.0099983215332,35.357417371252886,Industriell,-39.64240749306772,74.99982486432074,0.4226421808588314,Normal
09677,Main-Spessart,Landkreis,127642,1321.19,45,94025,94025,Main-Spessart,1162.90002441406,95.2300033569336,56.0200004577637,31.7399997711182,0.920000016689301,53.0999984741211,45.9900016784668,71.16690256511176,Industriell,-25.511588062798467,96.67849062791036,0.5448067138161868,Normal
09678,Schweinfurt,Landkreis,116653,841.39,47,106013.25,106013.25,Schweinfurt,1049.14001464844,135.970001220703,26.3400001525879,57.8600006103516,1.75999999046326,25.4400005340576,72.7900009155273,125.99775371706343,Dienstleistungsorientiert,216.6482510831573,-90.65049736609377,-0.5108375115815762,Normal
09679,Würzburg,Landkreis,165921,968.33,67,141041,141041,Würzburg,1104.23999023438,166.139999389648,23.2299995422363,61.0900001525879,1.67999994754791,32.7599983215332,65.5599975585938,145.65385767248767,Dienstleistungsorientiert,207.3818707061609,-61.72801303367313,-0.34785230626645236,Normal
09761,Augsburg,Kreisfreie Stadt,303150,146.85,0,0,0,NA,1178.75,2035.90002441406,25.9899997711182,25.8899993896484,0.100000001490116,22.0200004577637,77.870002746582,0,Dienstleistungsorientiert,14.780295170098087,-14.780295170097942,-0.08329054362097847,Normal
09762,Kaufbeuren,Kreisfreie Stadt,46386,40.02,1,0.4,0.4,Kaufbeuren,997.390014648438,1151.19995117188,24.9400005340576,32.810001373291,0.0900000035762787,25.9799995422363,73.9400024414063,0.009995002498750625,Dienstleistungsorientiert,127.35049310240342,-127.34049809990448,-0.7175945534000407,Normal
09763,Kempten (Allgäu),Kreisfreie Stadt,70713,63.28,0,0,0,NA,1317.85998535156,1041.92004394531,14.0799999237061,49.7000007629395,0.150000005960464,19.8999996185303,79.9499969482422,0,Dienstleistungsorientiert,178.17308686489304,-178.17308686489298,-1.00404850463527,Normal
09764,Memmingen,Kreisfreie Stadt,46178,70.11,0,0,0,NA,1527.4599609375,628.27001953125,24.7199993133545,45.8899993896484,0.230000004172325,40.2999992370605,59.4599990844727,0,Industriell,101.12537761048503,-101.12537761048488,-0.5698659991644938,Normal
09771,Aichach-Friedberg,Landkreis,138607,780.24,13,27612,27612,Aichach-Friedberg,1269.58996582031,174.860000610352,25.6299991607666,59.0299987792969,1.50999999046326,37.5200004577637,60.9700012207031,35.38911104275608,Industriell,167.8572435809571,-132.4681325382009,-0.7464900155637053,Normal
09772,Augsburg,Landkreis,263578,1070.75,9,16703.53,16703.53,Augsburg,1248.42004394531,244.320007324219,33.3899993896484,47.939998626709,0.519999980926514,35.6100006103516,63.8800010681152,15.59984123278076,Industriell,116.9225067274103,-101.32266549462936,-0.5709777641821147,Normal
09773,Dillingen a.d.Donau,Landkreis,100141,792.23,12,24803.6,24803.6,Dillingen a.d. Donau,1282.56994628906,124.300003051758,23.6299991607666,59.3699989318848,1.46000003814697,42.689998626709,55.8400001525879,31.308584628201405,Industriell,175.32038401586212,-144.0117993876605,-0.8115413745660698,Normal
09774,Günzburg,Landkreis,131375,762.42,7,7214.6,7214.6,Günzburg,1297.25,170.119995117188,29.4699993133545,50.9599990844727,0.469999998807907,38.9099998474121,60.6199989318848,9.462763306314105,Industriell,137.72755238246856,-128.2647890761543,-0.7228031569488765,Normal
09775,Neu-Ulm,Landkreis,182600,515.84,2,2010,2010,Neu-Ulm,1372.80004882813,353.910003662109,29.8199996948242,46.4199981689453,0.579999983310699,38.7200012207031,60.7000007629395,3.8965570719602973,Industriell,117.30927089617414,-113.4127138242137,-0.639108115178908,Normal
09776,Lindau (Bodensee),Landkreis,83671,323.38,0,0,0,NA,1283.27001953125,254.259994506836,27.9300003051758,56.2599983215332,0.949999988079071,45.4500007629395,53.5999984741211,0,Industriell,119.67659281833461,-119.67659281833447,-0.6744065906553547,Normal
09777,Ostallgäu,Landkreis,146302,1394.42,35,55374,55374,Ostallgäu,1322.31994628906,101.209999084473,31.3199996948242,54.7700004577637,1.12000000476837,48.0299987792969,50.8400001525879,39.711134378451256,Industriell,111.32185504659891,-71.61072066814754,-0.403543757746248,Normal
09778,Unterallgäu,Landkreis,151838,1229.55,13,6607.4,6607.4,Unterallgäu,1400,118.169998168945,25.7800006866455,59.689998626709,1.12999999523163,52.6699981689453,46.189998626709,5.373835956244155,Industriell,123.95166104018922,-118.5778250839448,-0.6682147683096377,Normal
09779,Donau-Ries,Landkreis,137971,1274.57,6,10147.7,10147.7,Donau-Ries,1454.42004394531,105.660003662109,26.5699996948242,57.8899993896484,1.13999998569489,45.6399993896484,53.2200012207031,7.961665502875481,Industriell,135.69402570994512,-127.73236020706939,-0.7198027912974989,Normal
09780,Oberallgäu,Landkreis,159576,1527.97,20,26222.82,26222.82,Oberallgäu,1225.01000976563,100.389999389648,37.7799987792969,45.189998626709,1.19000005722046,36.0999984741211,62.7099990844727,17.161868361289816,Industriell,118.65102997190891,-101.48916161061898,-0.5719160101272709,Normal
10041,Regionalverband Saarbrücken,Landkreis,332427,410.95,8,27760,27760,Regionalverband Saarbrücken,942.530029296875,808.900024414063,42.3199996948242,24.1200008392334,0.129999995231628,22.1700000762939,77.6900024414063,67.55079693393357,Dienstleistungsorientiert,74.32023735495157,-6.769440421018003,-0.03814743658280264,Normal
10042,Merzig-Wadern,Landkreis,104327,557.11,73,185206,185206,Merzig-Wadern,684.099975585938,196.259994506836,41.0800018310547,42.6800003051758,0.75,27.5699996948242,71.6800003051758,332.4406311141426,Dienstleistungsorientiert,138.82184581342347,193.61878530071917,1.0910887568440581,Normal
10043,Neunkirchen,Landkreis,132393,249.8,31,74960,74960,Neunkirchen,725.27001953125,535.099975585938,32.310001373291,38.7900009155273,0.159999996423721,29.7299995422363,70.1100006103516,300.080064051241,Dienstleistungsorientiert,152.19567512361104,147.88438892763003,0.8333643547090869,Normal
10044,Saarlouis,Landkreis,195945,459.36,17,51560,51560,Saarlouis,841.659973144531,448.649993896484,29.75,43.8699989318848,0.230000004172325,36.9099998474121,62.8499984741211,112.24312086381052,Industriell,148.12866779785278,-35.88554693404216,-0.20222374978812424,Normal
10045,Saarpfalz-Kreis,Landkreis,142344,418.28,9,16000.6,16000.6,Saarpfalz-Kreis,1047.98999023438,345.410003662109,35.7700004577637,43.1100006103516,0.189999997615814,37.4000015258789,62.4099998474121,38.253323132829685,Industriell,102.035035890341,-63.78171275751114,-0.35942540169277243,Normal
10046,St. Wendel,Landkreis,86988,476.51,84,188850.6,188850.6,St. Wendel,856.309997558594,184.789993286133,38.810001373291,43.689998626709,0.610000014305115,36.2000007629395,63.189998626709,396.3203290592013,Industriell,121.32295849283976,274.99737056636167,1.5496767977374657,Outperformer (Hoch)
11000,Berlin,Kreisfreie Stadt,3782202,891.12,10,16575.2,16575.2,Berlin,1218.40002441406,4109.85986328125,18.5799999237061,3.98000001907349,0.0199999995529652,12.539999961853,87.4300003051758,18.60041296346171,Dienstleistungsorientiert,-136.94822728918083,155.54864025264257,0.8765542674923962,Normal
12051,Brandenburg an der Havel,Kreisfreie Stadt,73921,229.73,0,0,0,NA,833.159973144531,321.850006103516,30.0699996948242,25.7600002288818,0.300000011920929,22.8600006103516,76.8300018310547,0,Dienstleistungsorientiert,234.24897763821525,-234.24897763821525,-1.320049732810314,Normal
12052,Cottbus,Kreisfreie Stadt,100010,165.61,33,64002,64002,Cottbus,923.640014648438,572.299987792969,24.6800003051758,27.3099994659424,0.129999995231628,10.7600002288818,89.1100006103516,386.4621701588068,Dienstleistungsorientiert,256.91594089300014,129.5462292658068,0.7300243828300657,Normal
12053,Frankfurt (Oder),Kreisfreie Stadt,58818,147.85,13,21600,21600,Frankfurt (Oder),749.630004882813,385.970001220703,29.0799999237061,43.3600006103516,0.46000000834465,11.5200004577637,88.0199966430664,146.09401420358472,Dienstleistungsorientiert,229.55873407847005,-83.46471987488515,-0.47034391475591886,Normal
12054,Potsdam,Kreisfreie Stadt,187119,188.24,39,71750,71750,Potsdam,1005.40002441406,979.02001953125,25.6200008392334,28.7800006866455,0.100000001490116,7.46999979019165,92.4199981689453,381.1623459413515,Dienstleistungsorientiert,194.8188383642104,186.34350757714122,1.0500908045287132,Normal
12060,Barnim,Landkreis,193050,1479.6,167,408564.6,408564.6,Barnim,797,130.289993286133,46.2000007629395,35.4000015258789,1.26999998092651,20.4300003051758,78.3000030517578,276.13179237631795,Dienstleistungsorientiert,140.04676605180202,136.08502632451595,0.7668720881958531,Normal
12061,Dahme-Spreewald,Landkreis,180242,2274.53,308,694950,694950,Dahme-Spreewald,1518.46997070313,78.1100006103516,45.9700012207031,37.8800010681152,3.14000010490417,20.8199996948242,76.0400009155273,305.5356491231155,Ländlich/Agrarisch,116.468247211127,189.06740191198867,1.0654406089341446,Normal
12062,Elbe-Elster,Landkreis,99931,1899.16,322,637471,637471,Elbe-Elster,672.200012207031,52,36.8800010681152,50.2299995422363,4.28000020980835,32.8699989318848,62.8600006103516,335.6594494408054,Ländlich/Agrarisch,210.0371657934616,125.62228364734389,0.7079119987443852,Normal
12063,Havelland,Landkreis,170556,1727.31,163,289859.2,289859.2,Havelland,800.390014648438,98.2600021362305,26.4799995422363,55.7700004577637,2.19000005722046,25.2000007629395,72.6100006103516,167.80959989810748,Dienstleistungsorientiert,249.18720184842022,-81.37760195031261,-0.458582499673328,Normal
12064,Märkisch-Oderland,Landkreis,201111,2158.67,263,563536,563536,Märkisch-Oderland,790.320007324219,91.620002746582,24.7399997711182,60.1100006103516,2.44000005722046,22.2800006866455,75.2799987792969,261.0570397513284,Dienstleistungsorientiert,264.50936693248605,-3.452327181157598,-0.0194546999479302,Normal
12065,Oberhavel,Landkreis,218855,1808.17,88,155088.6,155088.6,Oberhavel,1064.38000488281,120.169998168945,42.6599998474121,40.6199989318848,1.47000002861023,29.4400005340576,69.0899963378906,85.77102816659938,Dienstleistungsorientiert,119.85192234816836,-34.080894181568816,-0.19205409437388776,Normal
12066,Oberspreewald-Lausitz,Landkreis,107547,1223.46,184,502375,502375,Oberspreewald-Lausitz,682.239990234375,88.629997253418,44.7099990844727,32.8199996948242,2.08999991416931,31.3099994659424,66.5899963378906,410.6182466120674,Dienstleistungsorientiert,156.88751186868,253.73073474338744,1.4298341533044614,Normal
12067,Oder-Spree,Landkreis,182960,2256.76,199,502127.76,502127.76,Oder-Spree,808.599975585938,79.9800033569336,48.939998626709,35.9900016784668,1.6599999666214,38.0800018310547,60.25,222.49940622839821,Industriell,89.5499772149034,132.94942901349492,0.7492022377899028,Normal
12068,Ostprignitz-Ruppin,Landkreis,99929,2526.45,341,488376,488376,Ostprignitz-Ruppin,749.650024414063,39.3300018310547,32.9700012207031,53.2000007629395,4.25,24.8799991607666,70.870002746582,193.30523065962123,Ländlich/Agrarisch,246.60295665026428,-53.29772599064301,-0.3003455966497583,Normal
12069,Potsdam-Mittelmark,Landkreis,223531,2592.04,221,492083.5,492083.5,Potsdam-Mittelmark,1001.23999023438,84.9400024414063,41.5400009155273,44.2200012207031,2.6800000667572,20.6499996185303,76.6800003051758,189.84409962809215,Dienstleistungsorientiert,166.0845520815945,23.75954754649771,0.13389080587104157,Normal
12070,Prignitz,Landkreis,75836,2138.59,544,1122041,1122041,Prignitz,787.010009765625,35.6100006103516,23.5100002288818,66.1100006103516,4.5,30.4400005340576,65.0599975585938,524.6639140742265,Ländlich/Agrarisch,278.17855066552505,246.48536340870143,1.3890047307349627,Normal
12071,Spree-Neiße,Landkreis,111966,1657,88,204433.75,204433.75,Spree-Neiße,1059.18994140625,66.7399978637695,45.9900016784668,34.3499984741211,3.42000007629395,40.6800003051758,55.8899993896484,123.3758298129149,Industriell,117.039371354697,6.336458458218005,0.03570747833808153,Normal
12072,Teltow-Fläming,Landkreis,178482,2104.19,407,822670,822670,Teltow-Fläming,1118.08996582031,84.3199996948242,41.4199981689453,45.2599983215332,1.9099999666214,29.7700004577637,68.3199996948242,390.96754570642383,Dienstleistungsorientiert,125.32283740285182,265.6447083035722,1.496972280323827,Normal
12073,Uckermark,Landkreis,117803,3077.04,664,1580072.4,1580072.4,Uckermark,878.409973144531,38.2799987792969,24.5799999237061,62.4300003051758,4.51000022888184,26.9099998474121,68.5800018310547,513.5040168473598,Ländlich/Agrarisch,279.29727912680147,234.2067377205585,1.3198117006422383,Normal
13003,Rostock,Kreisfreie Stadt,210795,181.36,12,8801.12,8801.12,Rostock,844.320007324219,1130.06005859375,27.9400005340576,18.6000003814697,0.0500000007450581,15.0699996948242,84.879997253418,48.52845169827967,Dienstleistungsorientiert,173.1230770751241,-124.59462537684432,-0.7021208954530472,Normal
13004,Schwerin,Kreisfreie Stadt,98733,130.52,14,20000,20000,Schwerin,806.679992675781,749.690002441406,19.3099994659424,17.1900005340576,0.109999999403954,15.2799997329712,84.5999984741211,153.2332209623046,Dienstleistungsorientiert,293.1155022556171,-139.88228129331236,-0.7882705397814731,Normal
13071,Mecklenburgische Seenplatte,Landkreis,259312,5495.6,324,708622.7,708622.7,Mecklenburgische Seenplatte,722.010009765625,45.0499992370605,24.7700004577637,57.4700012207031,3,21.4799995422363,75.5299987792969,128.9436458257515,Ländlich/Agrarisch,290.35222849043726,-161.4085826646856,-0.909576462480364,Normal
13072,Rostock,Landkreis,221431,3431.14,332,738605.8,738605.8,Rostock,777.919982910156,63.7599983215332,17.1900005340576,67.9499969482422,3.92000007629395,22.0799999237061,74,215.26542198802733,Ländlich/Agrarisch,329.24590629171985,-113.98048430369245,-0.6423076393659081,Normal
13073,Vorpommern-Rügen,Landkreis,227746,3215.73,290,479499.8,479499.8,Vorpommern-Rügen,733.349975585938,67.2200012207031,18.8099994659424,65.5199966430664,2.59999990463257,15.6400003433228,81.7600021362305,149.1107151408856,Dienstleistungsorientiert,321.59640497422396,-172.48568983333823,-0.9719986446632655,Normal
13074,Nordwestmecklenburg,Landkreis,160206,2127.05,168,315105,315105,Nordwestmecklenburg,753.359985351563,73.8899993896484,14.4300003051758,70.4800033569336,3.20000004768372,32.310001373291,64.4899978637695,148.14179262358664,Ländlich/Agrarisch,311.83173124562046,-163.68993862203385,-0.9224324559293252,Normal
13075,Vorpommern-Greifswald,Landkreis,237184,3945.67,400,709854.2,709854.2,Vorpommern-Greifswald,725.929992675781,57.3199996948242,22.7800006866455,60.5999984741211,2.33999991416931,16.9599990844727,80.6999969482422,179.9071387115496,Dienstleistungsorientiert,297.8049516468848,-117.89781293533512,-0.664382735127976,Normal
13076,Ludwigslust-Parchim,Landkreis,214057,4766.71,335,728500,728500,Ludwigslust-Parchim,756.599975585938,43.9199981689453,28.5300006866455,58.8400001525879,5.51999998092651,33.0400009155273,61.4300003051758,152.83077846145454,Ländlich/Agrarisch,265.46508128970595,-112.63430282825136,-0.6347215806565517,Normal
14511,Chemnitz,Kreisfreie Stadt,250681,221.03,10,13150,13150,Chemnitz,807.460021972656,1109.13000488281,16.0300006866455,36.9500007629395,0.140000000596046,21.0799999237061,78.7799987792969,59.49418630955074,Dienstleistungsorientiert,215.69069453960407,-156.19650823005315,-0.8802051604828366,Normal
14521,Erzgebirgskreis,Landkreis,326896,1827.9,76,87783.6,87783.6,Erzgebirgskreis,677.739990234375,176.259994506836,44.939998626709,39.6100006103516,1.47000002861023,40.8800010681152,57.6500015258789,48.024290169046445,Industriell,99.44197688154415,-51.417686712497634,-0.2897511199019382,Normal
14522,Mittelsachsen,Landkreis,300308,2116.83,198,269504.1,269504.1,Mittelsachsen,752.349975585938,140.669998168945,15.9300003051758,70.3199996948242,2.47000002861023,36.2299995422363,61.2999992370605,127.3149473505194,Industriell,273.49006338467706,-146.17511603415764,-0.8237321879048718,Normal
14523,Vogtlandkreis,Landkreis,221953,1412.43,21,35008,35008,Vogtlandkreis,707.77001953125,156.529998779297,39.1599998474121,46.2599983215332,1.58000004291534,35.8300018310547,62.5999984741211,24.785653094312636,Industriell,141.66369447807006,-116.87804138375729,-0.6586360754082186,Normal
14524,Zwickau,Landkreis,310111,949.77,58,126070.2,126070.2,Zwickau,775.260009765625,326.239990234375,16.9300003051758,61.3600006103516,0.839999973773956,37.3300018310547,61.8300018310547,132.73761015824883,Industriell,234.44059390226423,-101.70298374401524,-0.573120949644636,Normal
14612,Dresden,Kreisfreie Stadt,566222,328.48,1,600,600,Dresden,947.590026855469,1714.01000976563,22.9599990844727,29.4099998474121,0.109999999403954,17.4899997711182,82.4000015258789,1.826595226497808,Dienstleistungsorientiert,98.80815378094339,-96.98155855444544,-0.5465145749965414,Normal
14625,Bautzen,Landkreis,296506,2395.63,95,140841.1,140841.1,Bautzen,740.890014648438,123.040000915527,35.1500015258789,45.4799995422363,1.55999994277954,35.810001373291,62.6399993896484,58.79083998781114,Industriell,174.95629716888487,-116.16545718107362,-0.6546204908116864,Normal
14626,Görlitz,Landkreis,248479,2111.43,126,200742.6,200742.6,Görlitz,833.419982910156,116.449996948242,35.0299987792969,43.9000015258789,1.88999998569489,32.7700004577637,65.3399963378906,95.07423878603602,Dienstleistungsorientiert,184.8607845042388,-89.78654571820265,-0.5059689347644722,Normal
14627,Meißen,Landkreis,241160,1454.61,82,176801,176801,Meißen,815.309997558594,165.25,13.6899995803833,69.0299987792969,2.38000011444092,33.7900009155273,63.8300018310547,121.54529392758197,Ausgeglichen,289.4889117934117,-167.9436178658297,-0.9464029688675104,Normal
14628,Sächsische Schweiz-Osterzgebirge,Landkreis,246011,1654.26,53,42357.6,42357.6,Sächsische Schweiz-Osterzgebirge,674.359985351563,148.190002441406,35.7799987792969,52.25,1.94000005722046,34.4599990844727,63.5999984741211,25.605164847121976,Ausgeglichen,165.56716808620703,-139.96200323908502,-0.7887197922575238,Normal
14713,Leipzig,Kreisfreie Stadt,619879,297.8,18,27000,27000,Leipzig,988.619995117188,2041.68005371094,7.80999994277954,31.8199996948242,0.100000001490116,14.7299995422363,85.1800003051758,90.66487575554063,Dienstleistungsorientiert,166.79139077808432,-76.12651502254351,-0.4289913528266982,Normal
14729,Leipzig,Landkreis,261573,1651.25,80,102472.8,102472.8,Leipzig,864.47998046875,157.880004882813,14.8299999237061,61.8199996948242,1.87000000476837,32.1399993896484,65.9899978637695,62.057713853141564,Dienstleistungsorientiert,290.56416763108155,-228.50645377793995,-1.2876892198046999,Normal
14730,Nordsachsen,Landkreis,199688,2028.56,108,132375.73,132375.73,Nordsachsen,740.690002441406,98.9800033569336,20.75,63.1300010681152,2.57999992370605,27.6399993896484,69.7699966430664,65.25600918878416,Dienstleistungsorientiert,280.14969269171326,-214.89368350292898,-1.2109779617855105,Normal
15001,Dessau-Roßlau,Kreisfreie Stadt,79686,245.78,13,17200,17200,Dessau-Roßlau,722.989990234375,309.470001220703,39.75,35.5900001525879,0.550000011920929,27.8099994659424,71.6399993896484,69.9812840751892,Dienstleistungsorientiert,142.96858489416468,-72.9873008189754,-0.41130112035509914,Normal
15002,Halle (Saale),Kreisfreie Stadt,242172,135.56,26,53582.7,53582.7,Halle (Saale),707.580017089844,1679.25,18.5499992370605,24.2000007629395,0.0299999993294477,11.3199996948242,88.6500015258789,395.2692534670994,Dienstleistungsorientiert,177.2857872101596,217.9834662569399,1.2283896360647184,Normal
15003,Magdeburg,Kreisfreie Stadt,240114,201.68,6,15780,15780,Magdeburg,787.719970703125,1202.35998535156,8.88000011444092,36.8800010681152,0.0299999993294477,13.710000038147,86.25,78.2427608092027,Dienstleistungsorientiert,273.4532417633068,-195.21048095410404,-1.1000583474187975,Normal
15081,Altmarkkreis Salzwedel,Landkreis,81851,2304.45,218,412128.8,412128.8,Altmarkkreis Salzwedel,716.099975585938,35.0499992370605,29.8799991607666,59.2400016784668,5.15000009536743,29.6800003051758,65.1800003051758,178.8404174531884,Ländlich/Agrarisch,261.1537669235756,-82.31334947038708,-0.4638556636218169,Normal
15082,Anhalt-Bitterfeld,Landkreis,156642,1461.47,245,465230,465230,Anhalt-Bitterfeld,891.349975585938,105.23999786377,22.6900005340576,60.8400001525879,2.21000003814697,37.2999992370605,60.4900016784668,318.33017441343304,Industriell,232.08686316014024,86.24331125329297,0.4860019502514722,Normal
15083,Börde,Landkreis,170984,2376.86,413,712485,712485,Börde,871.469970703125,70.9300003051758,20.6399993896484,65.25,2.75999999046326,33.4300003051758,63.810001373291,299.7589256413924,Ausgeglichen,260.14061072756533,39.618314913827284,0.22325880156951716,Normal
15084,Burgenlandkreis,Landkreis,177174,1419.92,241,514974,514974,Burgenlandkreis,960.929992675781,123.400001525879,14.6499996185303,68.6900024414063,1.88999998569489,33.7000007629395,64.4000015258789,362.67817905234097,Ausgeglichen,271.6303402792789,91.04783877306215,0.5130766266607171,Normal
15085,Harz,Landkreis,208804,2110.41,147,269960,269960,Harz,670.390014648438,98.1500015258789,37.0099983215332,51.2599983215332,1.75,31.1700000762939,67.0699996948242,127.91827180500472,Dienstleistungsorientiert,170.18692363641767,-42.268651831412775,-0.2381940921103341,Normal
15086,Jerichower Land,Landkreis,89914,1589.36,149,291985,291985,Jerichower Land,701.02001953125,55.810001373291,32.4199981689453,54.7000007629395,3.4300000667572,34.0699996948242,62.5099983215332,183.71231187396185,Ländlich/Agrarisch,216.80637727686718,-33.09406540290525,-0.18649307515946772,Normal
15087,Mansfeld-Südharz,Landkreis,131071,1456.34,232,426297,426297,Mansfeld-Südharz,595.929992675781,89.379997253418,29.2999992370605,57.0900001525879,2.15000009536743,29.6399993896484,68.1999969482422,292.71804660999493,Dienstleistungsorientiert,230.55996524048726,62.15808136950774,0.3502758455174344,Normal
15088,Saalekreis,Landkreis,184255,1440.45,205,364970.6,364970.6,Saalekreis,1503.81994628906,126.819999694824,10.9700002670288,69.8300018310547,1.50999999046326,32.8899993896484,65.5899963378906,253.37262660974,Dienstleistungsorientiert,253.99298834586514,-0.6203617361249757,-0.0034958886577609407,Normal
15089,Salzlandkreis,Landkreis,184943,1433.61,378,704435,704435,Salzlandkreis,726.77001953125,127.160003662109,8.01000022888184,74.3399963378906,1.48000001907349,32.0400009155273,66.4700012207031,491.37143295596434,Dienstleistungsorientiert,323.4002244465682,167.9712085093963,0.9465584488274886,Normal
15090,Stendal,Landkreis,109592,2436.2,352,833285,833285,Stendal,727.169982910156,43.8400001525879,22.6800003051758,64.7300033569336,4.17999982833862,26.5599994659424,69.2600021362305,342.0429357195633,Ländlich/Agrarisch,294.8932434861089,47.149692233454516,0.26569993714545187,Normal
15091,Wittenberg,Landkreis,123246,1942.76,132,240091.5,240091.5,Wittenberg,741.919982910156,62.9199981689453,39.7900009155273,47.6199989318848,3.27999997138977,34.2599983215332,62.4599990844727,123.58268648726553,Ländlich/Agrarisch,170.69503214930566,-47.11234566204005,-0.2654894801688022,Normal
16051,Erfurt,Kreisfreie Stadt,215675,269.91,36,47400,47400,Erfurt,886.880004882813,813.419982910156,9.34000015258789,55.25,0.300000011920929,13.1099996566772,86.5899963378906,175.61409358675112,Dienstleistungsorientiert,279.7032894817497,-104.08919589499847,-0.5865678331448023,Normal
16052,Gera,Kreisfreie Stadt,94847,152.18,6,10650,10650,Gera,628.169982910156,628.830017089844,19.2000007629395,50.4799995422363,0.219999998807907,17.7099990844727,82.0599975585938,69.98291496911551,Dienstleistungsorientiert,247.57888755933737,-177.59597259022166,-1.000796325898945,Normal
16053,Jena,Kreisfreie Stadt,110791,114.77,0,0,0,NA,963.969970703125,959.099975585938,36.0499992370605,31.1900005340576,0.00999999977648258,23.4799995422363,76.4599990844727,0,Dienstleistungsorientiert,80.1608135119643,-80.16081351196416,-0.45172560207179707,Normal
16054,Suhl,Kreisfreie Stadt,36986,141.62,0,0,0,NA,684.369995117188,256.369995117188,70.5599975585938,9.61999988555908,0,20.389999389648395,79.6100006103516,0,Dienstleistungsorientiert,-12.087552870998707,12.087552870998772,0.06811628848317063,Normal
16055,Weimar,Kreisfreie Stadt,65611,84.47,0,0,0,NA,652.859985351563,775.75,21.1100006103516,40.6300010681152,0,13.760002136230497,86.2399978637695,0,Dienstleistungsorientiert,239.30180772571802,-239.30180772571788,-1.3485236543368582,Normal
16061,Eichsfeld,Landkreis,103441,991.15,42,84000,84000,Eichsfeld,737.820007324219,103.620002746582,32,55.7900009155273,1.73000001907349,40.560001373291,57.6699981689453,84.75003783483832,Industriell,170.77972593939788,-86.02968810455944,-0.4847981320608832,Normal
16062,Nordhausen,Landkreis,82179,713.9,33,83670,83670,Nordhausen,677.090026855469,114.160003662109,31.2900009155273,53.8300018310547,1.54999995231628,32.5299987792969,65.879997253418,117.20128869589578,Dienstleistungsorientiert,198.9034570281495,-81.70216833225358,-0.4604115098576204,Normal
16063,Wartburgkreis,Landkreis,159201,1371.15,60,93125,93125,Wartburgkreis,764.030029296875,114.019996643066,39.3400001525879,46.3199996948242,1.51999998092651,41.0200004577637,57.4599990844727,67.91744156365094,Industriell,129.17014503597883,-61.252703472327745,-0.34517382175060873,Normal
16064,Unstrut-Hainich-Kreis,Landkreis,98233,931.6,116,243801.3,243801.3,Unstrut-Hainich-Kreis,705.049987792969,103.540000915527,19.7099990844727,67.5800018310547,2.4300000667572,28.9400005340576,68.620002746582,261.7016960068699,Dienstleistungsorientiert,275.3674991411441,-13.66580313427414,-0.07701011102766915,Normal
16065,Kyffhäuserkreis,Landkreis,73216,1037.9,101,226000,226000,Kyffhäuserkreis,655.450012207031,69.9100036621094,24.3899993896484,64.129997253418,2.90000009536743,35.5900001525879,61.4700012207031,217.74737450621444,Industriell,247.20913352370064,-29.461759017486067,-0.1660241487978631,Normal
16066,Schmalkalden-Meiningen,Landkreis,123274,1251.17,2,601,601,Schmalkalden-Meiningen,743.080017089844,96.8300018310547,49.2599983215332,39.1699981689453,1.67999994754791,37.9000015258789,60.4199981689453,0.480350392033057,Industriell,83.55356415512279,-83.0732137630897,-0.468137682978603,Normal
16067,Gotha,Landkreis,134472,936.06,84,220529.7,220529.7,Gotha,678.940002441406,146.279998779297,28.6800003051758,55.060001373291,1.5,37,61.5,235.59355169540416,Industriell,200.58339270265105,35.010158992753205,0.19729072668742756,Normal
16068,Sömmerda,Landkreis,69418,806.88,103,245277.5,245277.5,Sömmerda,814.52001953125,84.4100036621094,8.61999988555908,78.9700012207031,3.83999991416931,41.0699996948242,55.0699996948242,303.98262442990284,Industriell,320.1913900991313,-16.208765669228455,-0.09134032091228829,Normal
16069,Hildburghausen,Landkreis,61329,938.41,6,14454.199,14454.199,Hildburghausen,662.72998046875,64.6699981689453,47.5299987792969,42.4300003051758,3.20000004768372,42.8800010681152,53.9300003051758,15.402861222706495,Industriell,108.97022166467298,-93.56736044196636,-0.5272747415868939,Normal
16070,Ilm-Kreis,Landkreis,106775,805.11,9,6405,6405,Ilm-Kreis,817.390014648438,132.899993896484,43.0200004577637,43.2700004577637,1,40.9900016784668,58.0200004577637,7.95543466110221,Industriell,94.94514232399315,-86.98970766289078,-0.4902080748245404,Normal
16071,Weimarer Land,Landkreis,82892,804.47,61,123910.49,123910.49,Weimarer Land,780.169982910156,103.01000213623,17.6399993896484,68.7600021362305,2.5699999332428,33.7099990844727,63.7299995422363,154.02748393352144,Ausgeglichen,274.0895342610068,-120.06205032748527,-0.6765787370915713,Normal
16072,Sonneberg,Landkreis,56434,460.84,1,10,10,Sonneberg,761.929992675781,121.430000305176,63.1699981689453,25.0100002288818,0.870000004768372,48.9099998474121,50.2099990844727,0.021699505251280272,Industriell,-30.380262426413587,30.40196193166502,0.1713224199713929,Normal
16073,Saalfeld-Rudolstadt,Landkreis,101044,1008.76,6,8100.6,8100.6,Saalfeld-Rudolstadt,837.210021972656,100.230003356934,54.9900016784668,33.0400009155273,1.82000005245209,36.7299995422363,61.4199981689453,8.030254966493517,Industriell,51.35439542467536,-43.324140458181766,-0.24414202620079833,Normal
16074,Saale-Holzland-Kreis,Landkreis,83643,815.24,67,132043,132043,Saale-Holzland-Kreis,745.52001953125,103.089996337891,37.8800010681152,50.0299987792969,3.89000010490417,38.3699989318848,57.7299995422363,161.96825474706836,Industriell,173.32252347819764,-11.354268731129151,-0.0639840547263007,Normal
16075,Saale-Orla-Kreis,Landkreis,78619,1151.32,36,55138.8,55138.8,Saale-Orla-Kreis,844.320007324219,67.629997253418,41.0499992370605,46.9799995422363,4.71999979019165,45.1300010681152,50.1300010681152,47.89181113851927,Industriell,149.86801821543824,-101.97620707691893,-0.5746606293104064,Normal
16076,Greiz,Landkreis,95563,845.94,35,62659.5,62659.5,Greiz,665.940002441406,111.690002441406,26.8099994659424,58.1399993896484,2.83999991416931,43.3499984741211,53.7900009155273,74.07085608908433,Industriell,217.36828047139986,-143.29742438231546,-0.8075156983627418,Normal
16077,Altenburger Land,Landkreis,88692,569.41,64,112431.5,112431.5,Altenburger Land,583.369995117188,154.460006713867,12.5299997329712,70.1999969482422,2.09999990463257,37.3300018310547,60.5699996948242,197.45262640276778,Industriell,301.7700690252065,-104.31744262243852,-0.5878540587437776,Normal
