AGS,Jahr,Anlagen_kumuliert,Nettoleistung_kW_kumuliert,Wind_Density_kW_km2_kumuliert
01001,1960,0,0,0
01001,1961,0,0,0
01001,1962,0,0,0
01001,1963,0,0,0
01001,1964,0,0,0
01001,1965,0,0,0
01001,1966,0,0,0
01001,1967,0,0,0
01001,1968,0,0,0
01001,1969,0,0,0
01001,1970,0,0,0
01001,1971,0,0,0
01001,1972,0,0,0
01001,1973,0,0,0
01001,1974,0,0,0
01001,1975,0,0,0
01001,1976,0,0,0
01001,1977,0,0,0
01001,1978,0,0,0
01001,1979,0,0,0
01001,1980,0,0,0
01001,1981,0,0,0
01001,1982,0,0,0
01001,1983,0,0,0
01001,1984,0,0,0
01001,1985,0,0,0
01001,1986,0,0,0
01001,1987,0,0,0
01001,1988,0,0,0
01001,1989,0,0,0
01001,1990,0,0,0
01001,1991,0,0,0
01001,1992,0,0,0
01001,1993,1,100,1.7627357659086904
01001,1994,1,100,1.7627357659086904
01001,1995,1,100,1.7627357659086904
01001,1996,2,300,5.288207297726071
01001,1997,2,300,5.288207297726071
01001,1998,2,300,5.288207297726071
01001,1999,2,300,5.288207297726071
01001,2000,2,300,5.288207297726071
01001,2001,2,300,5.288207297726071
01001,2002,2,300,5.288207297726071
01001,2003,2,300,5.288207297726071
01001,2004,2,300,5.288207297726071
01001,2005,2,300,5.288207297726071
01001,2006,2,300,5.288207297726071
01001,2007,2,300,5.288207297726071
01001,2008,2,300,5.288207297726071
01001,2009,2,300,5.288207297726071
01001,2010,2,300,5.288207297726071
01001,2011,2,300,5.288207297726071
01001,2012,14,27900,491.80327868852464
01001,2013,14,27900,491.80327868852464
01001,2014,16,34240,603.5607262471356
01001,2015,18,39710,699.9823726423409
01001,2016,18,39710,699.9823726423409
01001,2017,18,39710,699.9823726423409
01001,2018,18,39710,699.9823726423409
01001,2019,18,39710,699.9823726423409
01001,2020,18,39710,699.9823726423409
01001,2021,18,39710,699.9823726423409
01001,2022,19,43910,774.0172748105059
01001,2023,25,69110,1218.226687819496
01002,1960,0,0,0
01002,1961,0,0,0
01002,1962,0,0,0
01002,1963,0,0,0
01002,1964,0,0,0
01002,1965,0,0,0
01002,1966,0,0,0
01002,1967,0,0,0
01002,1968,0,0,0
01002,1969,0,0,0
01002,1970,0,0,0
01002,1971,0,0,0
01002,1972,0,0,0
01002,1973,0,0,0
01002,1974,0,0,0
01002,1975,0,0,0
01002,1976,0,0,0
01002,1977,0,0,0
01002,1978,0,0,0
01002,1979,0,0,0
01002,1980,0,0,0
01002,1981,0,0,0
01002,1982,0,0,0
01002,1983,0,0,0
01002,1984,0,0,0
01002,1985,0,0,0
01002,1986,0,0,0
01002,1987,0,0,0
01002,1988,0,0,0
01002,1989,0,0,0
01002,1990,1,75,0.6321112515802781
01002,1991,1,75,0.6321112515802781
01002,1992,1,75,0.6321112515802781
01002,1993,1,75,0.6321112515802781
01002,1994,1,75,0.6321112515802781
01002,1995,1,75,0.6321112515802781
01002,1996,1,75,0.6321112515802781
01002,1997,1,75,0.6321112515802781
01002,1998,1,75,0.6321112515802781
01002,1999,1,75,0.6321112515802781
01002,2000,1,75,0.6321112515802781
01002,2001,1,75,0.6321112515802781
01002,2002,1,75,0.6321112515802781
01002,2003,1,75,0.6321112515802781
01002,2004,1,75,0.6321112515802781
01002,2005,1,75,0.6321112515802781
01002,2006,1,75,0.6321112515802781
01002,2007,1,75,0.6321112515802781
01002,2008,1,75,0.6321112515802781
01002,2009,1,75,0.6321112515802781
01002,2010,1,75,0.6321112515802781
01002,2011,1,75,0.6321112515802781
01002,2012,1,75,0.6321112515802781
01002,2013,1,75,0.6321112515802781
01002,2014,1,75,0.6321112515802781
01002,2015,1,75,0.6321112515802781
01002,2016,1,75,0.6321112515802781
01002,2017,1,75,0.6321112515802781
01002,2018,1,75,0.6321112515802781
01002,2019,1,75,0.6321112515802781
01002,2020,1,75,0.6321112515802781
01002,2021,1,75,0.6321112515802781
01002,2022,1,75,0.6321112515802781
01002,2023,1,75,0.6321112515802781
01003,1960,0,0,0
01003,1961,0,0,0
01003,1962,0,0,0
01003,1963,0,0,0
01003,1964,0,0,0
01003,1965,0,0,0
01003,1966,0,0,0
01003,1967,0,0,0
01003,1968,0,0,0
01003,1969,0,0,0
01003,1970,0,0,0
01003,1971,0,0,0
01003,1972,0,0,0
01003,1973,0,0,0
01003,1974,0,0,0
01003,1975,0,0,0
01003,1976,0,0,0
01003,1977,0,0,0
01003,1978,0,0,0
01003,1979,0,0,0
01003,1980,0,0,0
01003,1981,0,0,0
01003,1982,0,0,0
01003,1983,0,0,0
01003,1984,0,0,0
01003,1985,0,0,0
01003,1986,0,0,0
01003,1987,0,0,0
01003,1988,0,0,0
01003,1989,0,0,0
01003,1990,0,0,0
01003,1991,0,0,0
01003,1992,0,0,0
01003,1993,0,0,0
01003,1994,0,0,0
01003,1995,0,0,0
01003,1996,14,8400,39.21751715766376
01003,1997,14,8400,39.21751715766376
01003,1998,14,8400,39.21751715766376
01003,1999,14,8400,39.21751715766376
01003,2000,14,8400,39.21751715766376
01003,2001,14,8400,39.21751715766376
01003,2002,15,10050,46.920958027919134
01003,2003,15,10050,46.920958027919134
01003,2004,15,10050,46.920958027919134
01003,2005,15,10050,46.920958027919134
01003,2006,15,10050,46.920958027919134
01003,2007,15,10050,46.920958027919134
01003,2008,15,10050,46.920958027919134
01003,2009,15,10050,46.920958027919134
01003,2010,15,10050,46.920958027919134
01003,2011,15,10050,46.920958027919134
01003,2012,17,14650,68.39721742378262
01003,2013,17,14650,68.39721742378262
01003,2014,17,14650,68.39721742378262
01003,2015,17,14650,68.39721742378262
01003,2016,17,14650,68.39721742378262
01003,2017,17,14650,68.39721742378262
01003,2018,17,14650,68.39721742378262
01003,2019,17,14650,68.39721742378262
01003,2020,17,14650,68.39721742378262
01003,2021,17,14650,68.39721742378262
01003,2022,17,14650,68.39721742378262
01003,2023,17,14650,68.39721742378262
01004,1960,0,0,0
01004,1961,0,0,0
01004,1962,0,0,0
01004,1963,0,0,0
01004,1964,0,0,0
01004,1965,0,0,0
01004,1966,0,0,0
01004,1967,0,0,0
01004,1968,0,0,0
01004,1969,0,0,0
01004,1970,0,0,0
01004,1971,0,0,0
01004,1972,0,0,0
01004,1973,0,0,0
01004,1974,0,0,0
01004,1975,0,0,0
01004,1976,0,0,0
01004,1977,0,0,0
01004,1978,0,0,0
01004,1979,0,0,0
01004,1980,0,0,0
01004,1981,0,0,0
01004,1982,0,0,0
01004,1983,0,0,0
01004,1984,0,0,0
01004,1985,0,0,0
01004,1986,0,0,0
01004,1987,0,0,0
01004,1988,0,0,0
01004,1989,0,0,0
01004,1990,0,0,0
01004,1991,0,0,0
01004,1992,0,0,0
01004,1993,0,0,0
01004,1994,0,0,0
01004,1995,0,0,0
01004,1996,0,0,0
01004,1997,0,0,0
01004,1998,0,0,0
01004,1999,0,0,0
01004,2000,0,0,0
01004,2001,0,0,0
01004,2002,0,0,0
01004,2003,0,0,0
01004,2004,0,0,0
01004,2005,0,0,0
01004,2006,0,0,0
01004,2007,0,0,0
01004,2008,0,0,0
01004,2009,0,0,0
01004,2010,0,0,0
01004,2011,0,0,0
01004,2012,0,0,0
01004,2013,0,0,0
01004,2014,0,0,0
01004,2015,0,0,0
01004,2016,0,0,0
01004,2017,0,0,0
01004,2018,0,0,0
01004,2019,0,0,0
01004,2020,0,0,0
01004,2021,0,0,0
01004,2022,0,0,0
01004,2023,1,9.66,0.1348032375104661
01051,1960,0,0,0
01051,1961,0,0,0
01051,1962,0,0,0
01051,1963,0,0,0
01051,1964,0,0,0
01051,1965,0,0,0
01051,1966,0,0,0
01051,1967,0,0,0
01051,1968,0,0,0
01051,1969,0,0,0
01051,1970,0,0,0
01051,1971,0,0,0
01051,1972,0,0,0
01051,1973,0,0,0
01051,1974,0,0,0
01051,1975,0,0,0
01051,1976,0,0,0
01051,1977,0,0,0
01051,1978,0,0,0
01051,1979,0,0,0
01051,1980,0,0,0
01051,1981,0,0,0
01051,1982,0,0,0
01051,1983,0,0,0
01051,1984,0,0,0
01051,1985,0,0,0
01051,1986,0,0,0
01051,1987,0,0,0
01051,1988,0,0,0
01051,1989,0,0,0
01051,1990,0,0,0
01051,1991,1,225,0.15754316682771077
01051,1992,1,225,0.15754316682771077
01051,1993,3,1225,0.8577350193953143
01051,1994,14,6625,4.638771023260373
01051,1995,20,9205,6.44526600288479
01051,1996,26,12505,8.755899116357881
01051,1997,29,15005,10.50637874777689
01051,1998,33,17605,12.32687756445266
01051,1999,43,22960,16.076404934952176
01051,2000,45,23960,16.77659678751978
01051,2001,64,37900,26.537271212312174
01051,2002,68,42250,29.58310577098125
01051,2003,72,49300,34.519458331582854
01051,2004,91,83150,58.22095254099623
01051,2005,98,97150,68.02363847694268
01051,2006,102,104000,72.81995266703076
01051,2007,104,106004.5,74.22348723550252
01051,2008,109,114904.5,80.4551947233542
01051,2009,159,219434.5,153.64624907224578
01051,2010,229,358002.5,250.67043369883348
01051,2011,314,537531.8,376.37538685599856
01051,2012,391,715480.6,500.97368679018047
01051,2013,456,871919.6,610.5110000140038
01051,2014,547,1115149.6,780.818664314022
01051,2015,645,1380777.1,966.8088756319231
01051,2016,708,1561753.6,1093.527146438124
01051,2017,755,1703561.1,1192.8196025711045
01051,2018,765,1719905.84,1204.2640563514403
01051,2019,765,1719905.84,1204.2640563514403
01051,2020,773,1730760.64,1211.864498872691
01051,2021,787,1771913.14,1240.6791440854793
01051,2022,814,1876638.64,1314.0070859415478
01051,2023,886,2249044.64,1574.762732988839
01053,1960,0,0,0
01053,1961,0,0,0
01053,1962,0,0,0
01053,1963,0,0,0
01053,1964,0,0,0
01053,1965,0,0,0
01053,1966,0,0,0
01053,1967,0,0,0
01053,1968,0,0,0
01053,1969,0,0,0
01053,1970,0,0,0
01053,1971,0,0,0
01053,1972,0,0,0
01053,1973,0,0,0
01053,1974,0,0,0
01053,1975,0,0,0
01053,1976,0,0,0
01053,1977,0,0,0
01053,1978,0,0,0
01053,1979,0,0,0
01053,1980,0,0,0
01053,1981,0,0,0
01053,1982,0,0,0
01053,1983,0,0,0
01053,1984,0,0,0
01053,1985,0,0,0
01053,1986,0,0,0
01053,1987,0,0,0
01053,1988,0,0,0
01053,1989,0,0,0
01053,1990,0,0,0
01053,1991,0,0,0
01053,1992,0,0,0
01053,1993,0,0,0
01053,1994,1,500,0.3958671469854717
01053,1995,1,500,0.3958671469854717
01053,1996,1,500,0.3958671469854717
01053,1997,2,1000,0.7917342939709434
01053,1998,2,1000,0.7917342939709434
01053,1999,2,1000,0.7917342939709434
01053,2000,2,1000,0.7917342939709434
01053,2001,2,1000,0.7917342939709434
01053,2002,28,27200,21.53517279600966
01053,2003,43,46000,36.419777522663395
01053,2004,43,46000,36.419777522663395
01053,2005,43,46000,36.419777522663395
01053,2006,43,46000,36.419777522663395
01053,2007,43,46000,36.419777522663395
01053,2008,43,46000,36.419777522663395
01053,2009,43,46000,36.419777522663395
01053,2010,43,46000,36.419777522663395
01053,2011,43,46000,36.419777522663395
01053,2012,43,46000,36.419777522663395
01053,2013,43,46000,36.419777522663395
01053,2014,54,75775,59.99366612564823
01053,2015,57,84275,66.72340762440125
01053,2016,60,88976,70.44535054035866
01053,2017,62,93676,74.16650172202209
01053,2018,63,93686,74.1744190649618
01053,2019,63,93686,74.1744190649618
01053,2020,63,93686,74.1744190649618
01053,2021,63,93686,74.1744190649618
01053,2022,63,93686,74.1744190649618
01053,2023,65,105086,83.20019001623055
01054,1960,0,0,0
01054,1961,0,0,0
01054,1962,0,0,0
01054,1963,0,0,0
01054,1964,0,0,0
01054,1965,0,0,0
01054,1966,0,0,0
01054,1967,0,0,0
01054,1968,0,0,0
01054,1969,0,0,0
01054,1970,0,0,0
01054,1971,0,0,0
01054,1972,0,0,0
01054,1973,0,0,0
01054,1974,0,0,0
01054,1975,0,0,0
01054,1976,0,0,0
01054,1977,0,0,0
01054,1978,0,0,0
01054,1979,0,0,0
01054,1980,0,0,0
01054,1981,0,0,0
01054,1982,0,0,0
01054,1983,1,55,0.026397508075237695
01054,1984,1,55,0.026397508075237695
01054,1985,1,55,0.026397508075237695
01054,1986,1,55,0.026397508075237695
01054,1987,1,55,0.026397508075237695
01054,1988,3,380,0.1823827830652786
01054,1989,3,380,0.1823827830652786
01054,1990,5,780,0.37436465997609825
01054,1991,5,780,0.37436465997609825
01054,1992,7,1205,0.5783454041938441
01054,1993,8,1955,0.9383114234016308
01054,1994,9,2180,1.0463012291639668
01054,1995,11,3380,1.6222468598964257
01054,1996,11,3380,1.6222468598964257
01054,1997,15,4375,2.0998017787120893
01054,1998,17,6475,3.1077066324938922
01054,1999,17,6475,3.1077066324938922
01054,2000,22,12975,6.2274121322947105
01054,2001,31,27125,13.018771028014955
01054,2002,55,71225,34.18477295743281
01054,2003,73,108225,51.943096571683625
01054,2004,84,128325,61.59018588645231
01054,2005,92,146175,70.15737714359764
01054,2006,110,199975,95.97893958810288
01054,2007,142,270075,129.623763516724
01054,2008,151,290575,139.4628347084035
01054,2009,191,385996,185.26059140017182
01054,2010,223,418307.8,200.76879142608936
01054,2011,261,482928.8,231.78394359572454
01054,2012,295,532507.4,255.57942530225145
01054,2013,352,678346.4,325.575537669244
01054,2014,586,1290466.4,619.3654039058712
01054,2015,669,1521497.4,730.2498164173301
01054,2016,736,1710587.8,821.0046411618742
01054,2017,816,1946065.1,934.0230762216046
01054,2018,830,1975551.6,948.1752602554318
01054,2019,840,1992995.6,956.5475899075127
01054,2020,866,2077902.1,997.2988629873339
01054,2021,888,2144139.6,1029.089861917035
01054,2022,925,2281545.6,1095.038516364055
01054,2023,961,2426011.6,1164.3756509385514
01055,1960,0,0,0
01055,1961,0,0,0
01055,1962,0,0,0
01055,1963,0,0,0
01055,1964,0,0,0
01055,1965,0,0,0
01055,1966,0,0,0
01055,1967,0,0,0
01055,1968,0,0,0
01055,1969,0,0,0
01055,1970,0,0,0
01055,1971,0,0,0
01055,1972,0,0,0
01055,1973,0,0,0
01055,1974,0,0,0
01055,1975,0,0,0
01055,1976,0,0,0
01055,1977,0,0,0
01055,1978,0,0,0
01055,1979,0,0,0
01055,1980,0,0,0
01055,1981,0,0,0
01055,1982,0,0,0
01055,1983,0,0,0
01055,1984,0,0,0
01055,1985,1,20,0.014357604864356529
01055,1986,1,20,0.014357604864356529
01055,1987,1,20,0.014357604864356529
01055,1988,1,20,0.014357604864356529
01055,1989,2,270,0.19382766566881313
01055,1990,4,420,0.3015097021514871
01055,1991,6,870,0.624555811599509
01055,1992,7,1020,0.732237848082183
01055,1993,10,1320,0.9476019210475308
01055,1994,12,2120,1.521906115621792
01055,1995,22,7820,5.613823501963402
01055,1996,26,9920,7.121372012720838
01055,1997,27,10420,7.480312134329751
01055,1998,28,11920,8.557132499156491
01055,1999,33,19420,13.941234323290189
01055,2000,75,76350,54.81015656968105
01055,2001,107,127000,91.17079088866396
01055,2002,138,174120,124.99730794908793
01055,2003,147,187920,134.90405530549393
01055,2004,147,187920,134.90405530549393
01055,2005,147,187920,134.90405530549393
01055,2006,177,256920,184.43779208752395
01055,2007,201,311020,223.27511324560837
01055,2008,216,345520,248.04198163662338
01055,2009,217,347820,249.6931061960244
01055,2010,220,352426,252.99966259628567
01055,2011,220,352426,252.99966259628567
01055,2012,226,359348,257.9688296398395
01055,2013,234,377794,271.2108486062355
01055,2014,241,397394,285.2813013733049
01055,2015,247,406450,291.78242485588555
01055,2016,257,436950,313.6777722740292
01055,2017,268,468050,336.00384783810364
01055,2018,284,510951,366.80162815239163
01055,2019,287,518951,372.54467009813425
01055,2020,289,523651,375.918707241258
01055,2021,293,532622,382.35881090316514
01055,2022,301,558012,400.58579027846577
01055,2023,332,731612,525.2098005010804
01056,1960,0,0,0
01056,1961,0,0,0
01056,1962,0,0,0
01056,1963,0,0,0
01056,1964,0,0,0
01056,1965,0,0,0
01056,1966,0,0,0
01056,1967,0,0,0
01056,1968,0,0,0
01056,1969,0,0,0
01056,1970,0,0,0
01056,1971,0,0,0
01056,1972,0,0,0
01056,1973,0,0,0
01056,1974,0,0,0
01056,1975,0,0,0
01056,1976,0,0,0
01056,1977,0,0,0
01056,1978,0,0,0
01056,1979,0,0,0
01056,1980,0,0,0
01056,1981,0,0,0
01056,1982,0,0,0
01056,1983,0,0,0
01056,1984,0,0,0
01056,1985,0,0,0
01056,1986,0,0,0
01056,1987,0,0,0
01056,1988,0,0,0
01056,1989,0,0,0
01056,1990,0,0,0
01056,1991,0,0,0
01056,1992,0,0,0
01056,1993,0,0,0
01056,1994,0,0,0
01056,1995,0,0,0
01056,1996,0,0,0
01056,1997,0,0,0
01056,1998,0,0,0
01056,1999,0,0,0
01056,2000,0,0,0
01056,2001,6,7800,11.742213256657685
01056,2002,6,7800,11.742213256657685
01056,2003,6,7800,11.742213256657685
01056,2004,6,7800,11.742213256657685
01056,2005,6,7800,11.742213256657685
01056,2006,6,7800,11.742213256657685
01056,2007,6,7800,11.742213256657685
01056,2008,6,7800,11.742213256657685
01056,2009,6,7800,11.742213256657685
01056,2010,6,7800,11.742213256657685
01056,2011,10,16500,24.83929727369895
01056,2012,10,16500,24.83929727369895
01056,2013,10,16500,24.83929727369895
01056,2014,10,16500,24.83929727369895
01056,2015,10,16500,24.83929727369895
01056,2016,11,16510,24.854351393258767
01056,2017,12,16518,24.86639468890662
01056,2018,12,16518,24.86639468890662
01056,2019,12,16518,24.86639468890662
01056,2020,12,16518,24.86639468890662
01056,2021,12,16518,24.86639468890662
01056,2022,16,30918,46.544326855043884
01056,2023,16,30918,46.544326855043884
01057,1960,0,0,0
01057,1961,0,0,0
01057,1962,0,0,0
01057,1963,0,0,0
01057,1964,0,0,0
01057,1965,0,0,0
01057,1966,0,0,0
01057,1967,0,0,0
01057,1968,0,0,0
01057,1969,0,0,0
01057,1970,0,0,0
01057,1971,0,0,0
01057,1972,0,0,0
01057,1973,0,0,0
01057,1974,0,0,0
01057,1975,0,0,0
01057,1976,0,0,0
01057,1977,0,0,0
01057,1978,0,0,0
01057,1979,0,0,0
01057,1980,0,0,0
01057,1981,0,0,0
01057,1982,0,0,0
01057,1983,0,0,0
01057,1984,0,0,0
01057,1985,0,0,0
01057,1986,0,0,0
01057,1987,0,0,0
01057,1988,0,0,0
01057,1989,0,0,0
01057,1990,0,0,0
01057,1991,0,0,0
01057,1992,0,0,0
01057,1993,0,0,0
01057,1994,0,0,0
01057,1995,7,4100,3.7837538529688626
01057,1996,9,5300,4.891194005057311
01057,1997,9,5300,4.891194005057311
01057,1998,15,8900,8.213514461322653
01057,1999,27,19850,18.318905849129738
01057,2000,28,21600,19.933922737592056
01057,2001,30,24850,22.933239816164935
01057,2002,30,24850,22.933239816164935
01057,2003,35,33850,31.239040956828294
01057,2004,35,33850,31.239040956828294
01057,2005,35,33850,31.239040956828294
01057,2006,36,35850,33.084774543642375
01057,2007,36,35850,33.084774543642375
01057,2008,36,35850,33.084774543642375
01057,2009,36,35850,33.084774543642375
01057,2010,36,35850,33.084774543642375
01057,2011,36,35850,33.084774543642375
01057,2012,39,42750,39.45255541815094
01057,2013,39,42750,39.45255541815094
01057,2014,40,42760,39.46178408608502
01057,2015,40,42760,39.46178408608502
01057,2016,40,42760,39.46178408608502
01057,2017,40,42760,39.46178408608502
01057,2018,40,42760,39.46178408608502
01057,2019,40,42760,39.46178408608502
01057,2020,40,42760,39.46178408608502
01057,2021,41,42770,39.471012754019085
01057,2022,41,42770,39.471012754019085
01057,2023,41,42770,39.471012754019085
01058,1960,0,0,0
01058,1961,0,0,0
01058,1962,0,0,0
01058,1963,0,0,0
01058,1964,0,0,0
01058,1965,0,0,0
01058,1966,0,0,0
01058,1967,0,0,0
01058,1968,0,0,0
01058,1969,0,0,0
01058,1970,0,0,0
01058,1971,0,0,0
01058,1972,0,0,0
01058,1973,0,0,0
01058,1974,0,0,0
01058,1975,0,0,0
01058,1976,0,0,0
01058,1977,0,0,0
01058,1978,0,0,0
01058,1979,0,0,0
01058,1980,0,0,0
01058,1981,0,0,0
01058,1982,0,0,0
01058,1983,0,0,0
01058,1984,0,0,0
01058,1985,0,0,0
01058,1986,0,0,0
01058,1987,0,0,0
01058,1988,0,0,0
01058,1989,0,0,0
01058,1990,0,0,0
01058,1991,1,175,0.0799177988354835
01058,1992,2,255,0.11645164973170453
01058,1993,2,255,0.11645164973170453
01058,1994,5,2055,0.9384632948966777
01058,1995,5,2055,0.9384632948966777
01058,1996,5,2055,0.9384632948966777
01058,1997,6,3555,1.623472999200822
01058,1998,8,4305,1.9659778513528943
01058,1999,8,4305,1.9659778513528943
01058,2000,15,16805,7.67439205388743
01058,2001,41,54105,24.708300034250485
01058,2002,41,54105,24.708300034250485
01058,2003,41,54105,24.708300034250485
01058,2004,42,55605,25.39330973855463
01058,2005,44,59605,27.22000228336568
01058,2006,48,66105,30.18837766868364
01058,2007,49,67605,30.873387372987786
01058,2008,49,67605,30.873387372987786
01058,2009,49,67605,30.873387372987786
01058,2010,52,69917,31.92921566388857
01058,2011,57,71941,32.853522091562965
01058,2012,63,85463,39.02865623929672
01058,2013,75,110312,50.37652700079918
01058,2014,95,166292,75.94108916542984
01058,2015,140,280730,128.2018495262016
01058,2016,164,353930,161.63032309624387
01058,2017,166,360300,164.53933097385547
01058,2018,168,360335.8,164.55567987213152
01058,2019,168,360335.8,164.55567987213152
01058,2020,170,360350.4,164.5623472999201
01058,2021,177,390650.4,178.3995433268638
01058,2022,201,489961.9,223.7524374928645
01058,2023,217,557461.9,254.57787418655099
01059,1960,0,0,0
01059,1961,0,0,0
01059,1962,0,0,0
01059,1963,0,0,0
01059,1964,0,0,0
01059,1965,0,0,0
01059,1966,0,0,0
01059,1967,0,0,0
01059,1968,0,0,0
01059,1969,0,0,0
01059,1970,0,0,0
01059,1971,0,0,0
01059,1972,0,0,0
01059,1973,0,0,0
01059,1974,0,0,0
01059,1975,0,0,0
01059,1976,0,0,0
01059,1977,0,0,0
01059,1978,0,0,0
01059,1979,0,0,0
01059,1980,0,0,0
01059,1981,0,0,0
01059,1982,0,0,0
01059,1983,0,0,0
01059,1984,0,0,0
01059,1985,0,0,0
01059,1986,0,0,0
01059,1987,1,65,0.0313808036382421
01059,1988,2,265,0.12793712252514086
01059,1989,3,465,0.2244934414120396
01059,1990,5,695,0.3355332081319732
01059,1991,7,925,0.4465729748519068
01059,1992,11,1480,0.7145167597630508
01059,1993,15,2680,1.2938546730844434
01059,1994,31,11930,5.759584421603511
01059,1995,68,33230,16.04283238305823
01059,1996,71,35030,16.911839253040316
01059,1997,73,36230,17.49117716636171
01059,1998,74,36830,17.780846123022407
01059,1999,74,36830,17.780846123022407
01059,2000,74,36830,17.780846123022407
01059,2001,96,69180,33.39883070297828
01059,2002,104,79230,38.25078572704494
01059,2003,117,98730,47.665026818517575
01059,2004,125,112830,54.47224730004393
01059,2005,125,112830,54.47224730004393
01059,2006,125,112830,54.47224730004393
01059,2007,128,117630,56.7895989533295
01059,2008,139,142930,69.0039732925222
01059,2009,145,150956,72.87877836945344
01059,2010,153,167884,81.05130520004056
01059,2011,165,186969.6,90.26548159877953
01059,2012,179,214492.2,103.55288630976234
01059,2013,196,258637.2,124.86527979607307
01059,2014,283,511608.7,246.9952639125586
01059,2015,355,718348.2,346.8052893551486
01059,2016,368,754994.2,364.4973036647951
01059,2017,402,852110.2,411.38312098989536
01059,2018,407,865926.2,418.0532314986023
01059,2019,410,869782.2,419.91483732674175
01059,2020,413,873991.2,421.94686505771654
01059,2021,433,953707.2,460.43228263965665
01059,2022,459,1070007.2,516.5797820723883
01059,2023,491,1210615.7,584.4629778934308
01060,1960,0,0,0
01060,1961,0,0,0
01060,1962,0,0,0
01060,1963,0,0,0
01060,1964,0,0,0
01060,1965,0,0,0
01060,1966,0,0,0
01060,1967,0,0,0
01060,1968,0,0,0
01060,1969,0,0,0
01060,1970,0,0,0
01060,1971,0,0,0
01060,1972,0,0,0
01060,1973,0,0,0
01060,1974,0,0,0
01060,1975,0,0,0
01060,1976,0,0,0
01060,1977,0,0,0
01060,1978,0,0,0
01060,1979,0,0,0
01060,1980,0,0,0
01060,1981,0,0,0
01060,1982,0,0,0
01060,1983,0,0,0
01060,1984,0,0,0
01060,1985,0,0,0
01060,1986,0,0,0
01060,1987,0,0,0
01060,1988,0,0,0
01060,1989,0,0,0
01060,1990,0,0,0
01060,1991,0,0,0
01060,1992,0,0,0
01060,1993,0,0,0
01060,1994,1,80,0.05950344376180771
01060,1995,1,80,0.05950344376180771
01060,1996,1,80,0.05950344376180771
01060,1997,1,80,0.05950344376180771
01060,1998,1,80,0.05950344376180771
01060,1999,1,80,0.05950344376180771
01060,2000,1,80,0.05950344376180771
01060,2001,14,20880,15.530398821831813
01060,2002,18,28880,21.480743198012583
01060,2003,19,30380,22.596432768546478
01060,2004,21,33380,24.82781190961427
01060,2005,21,33380,24.82781190961427
01060,2006,21,33380,24.82781190961427
01060,2007,21,33380,24.82781190961427
01060,2008,21,33380,24.82781190961427
01060,2009,21,33380,24.82781190961427
01060,2010,29,50886,37.84865299079184
01060,2011,29,50886,37.84865299079184
01060,2012,32,50910.8,37.867099058358
01060,2013,38,62420.8,46.428157029588085
01060,2014,47,80585.8,59.93915772875355
01060,2015,50,89735.8,66.74486410901031
01060,2016,56,108385.8,80.61660443598173
01060,2017,64,131390.8,97.72756348273656
01060,2018,66,139050.8,103.42501822292964
01060,2019,66,139050.8,103.42501822292964
01060,2020,67,143250.8,106.54894902042454
01060,2021,68,147450.8,109.67287981791945
01060,2022,68,147450.8,109.67287981791945
01060,2023,83,207258.3,154.15728247772338
01061,1960,0,0,0
01061,1961,0,0,0
01061,1962,0,0,0
01061,1963,0,0,0
01061,1964,0,0,0
01061,1965,0,0,0
01061,1966,0,0,0
01061,1967,0,0,0
01061,1968,0,0,0
01061,1969,0,0,0
01061,1970,0,0,0
01061,1971,0,0,0
01061,1972,0,0,0
01061,1973,0,0,0
01061,1974,0,0,0
01061,1975,0,0,0
01061,1976,0,0,0
01061,1977,0,0,0
01061,1978,0,0,0
01061,1979,0,0,0
01061,1980,0,0,0
01061,1981,0,0,0
01061,1982,0,0,0
01061,1983,0,0,0
01061,1984,0,0,0
01061,1985,0,0,0
01061,1986,0,0,0
01061,1987,0,0,0
01061,1988,0,0,0
01061,1989,0,0,0
01061,1990,0,0,0
01061,1991,0,0,0
01061,1992,0,0,0
01061,1993,0,0,0
01061,1994,0,0,0
01061,1995,8,4400,4.167850715165293
01061,1996,8,4400,4.167850715165293
01061,1997,8,4400,4.167850715165293
01061,1998,10,6400,6.062328312967699
01061,1999,38,42600,40.35237283319125
01061,2000,39,43600,41.29961163209245
01061,2001,99,131900,124.94079757506867
01061,2002,99,131900,124.94079757506867
01061,2003,112,153850,145.73268921095007
01061,2004,113,155350,147.15354740930186
01061,2005,128,183850,174.14985317798616
01061,2006,129,185850,176.04433077578858
01061,2007,136,214850,203.51425594392344
01061,2008,139,220850,209.19768873733068
01061,2009,139,220850,209.19768873733068
01061,2010,143,229800,217.67547598749644
01061,2011,149,239806,227.15354740930186
01061,2012,154,248906,235.7734204793028
01061,2013,159,256418,242.88907833664865
01061,2014,184,324893,307.75125509140855
01061,2015,202,373873,354.14701146158944
01061,2016,232,464380.5,439.8792270531401
01061,2017,244,502490.5,475.97849767926493
01061,2018,254,530990.5,502.9748034479492
01061,2019,254,530990.5,502.9748034479492
01061,2020,259,547405.5,518.5237283319125
01061,2021,272,585921.5,555.0075779103912
01061,2022,283,628781.1,595.6058539357772
01061,2023,320,808181.1,765.5404944586529
01062,1960,0,0,0
01062,1961,0,0,0
01062,1962,0,0,0
01062,1963,0,0,0
01062,1964,0,0,0
01062,1965,0,0,0
01062,1966,0,0,0
01062,1967,0,0,0
01062,1968,0,0,0
01062,1969,0,0,0
01062,1970,0,0,0
01062,1971,0,0,0
01062,1972,0,0,0
01062,1973,0,0,0
01062,1974,0,0,0
01062,1975,0,0,0
01062,1976,0,0,0
01062,1977,0,0,0
01062,1978,0,0,0
01062,1979,0,0,0
01062,1980,0,0,0
01062,1981,0,0,0
01062,1982,0,0,0
01062,1983,0,0,0
01062,1984,0,0,0
01062,1985,0,0,0
01062,1986,0,0,0
01062,1987,0,0,0
01062,1988,0,0,0
01062,1989,0,0,0
01062,1990,1,80,0.10440456769983687
01062,1991,1,80,0.10440456769983687
01062,1992,3,380,0.49592169657422513
01062,1993,3,380,0.49592169657422513
01062,1994,3,380,0.49592169657422513
01062,1995,4,880,1.1484502446982054
01062,1996,5,1480,1.931484502446982
01062,1997,5,1480,1.931484502446982
01062,1998,11,7480,9.761827079934747
01062,1999,11,7480,9.761827079934747
01062,2000,11,7480,9.761827079934747
01062,2001,16,14980,19.549755301794452
01062,2002,22,23980,31.295269168026103
01062,2003,22,23980,31.295269168026103
01062,2004,32,39980,52.176182707993476
01062,2005,32,39980,52.176182707993476
01062,2006,32,39980,52.176182707993476
01062,2007,32,39980,52.176182707993476
01062,2008,32,39980,52.176182707993476
01062,2009,32,39980,52.176182707993476
01062,2010,32,39980,52.176182707993476
01062,2011,32,39980,52.176182707993476
01062,2012,32,39980,52.176182707993476
01062,2013,32,39980,52.176182707993476
01062,2014,32,39980,52.176182707993476
01062,2015,32,39980,52.176182707993476
01062,2016,33,43030,56.15660685154975
01062,2017,33,43030,56.15660685154975
01062,2018,33,43030,56.15660685154975
01062,2019,36,53380,69.66394779771615
01062,2020,36,53380,69.66394779771615
01062,2021,37,53382.5,69.66721044045677
01062,2022,37,53382.5,69.66721044045677
01062,2023,41,70182.5,91.59216965742252
02000,1960,0,0,0
02000,1961,0,0,0
02000,1962,0,0,0
02000,1963,0,0,0
02000,1964,0,0,0
02000,1965,0,0,0
02000,1966,0,0,0
02000,1967,0,0,0
02000,1968,0,0,0
02000,1969,0,0,0
02000,1970,0,0,0
02000,1971,0,0,0
02000,1972,0,0,0
02000,1973,0,0,0
02000,1974,0,0,0
02000,1975,0,0,0
02000,1976,0,0,0
02000,1977,0,0,0
02000,1978,0,0,0
02000,1979,0,0,0
02000,1980,0,0,0
02000,1981,0,0,0
02000,1982,0,0,0
02000,1983,0,0,0
02000,1984,0,0,0
02000,1985,0,0,0
02000,1986,0,0,0
02000,1987,0,0,0
02000,1988,0,0,0
02000,1989,0,0,0
02000,1990,0,0,0
02000,1991,0,0,0
02000,1992,0,0,0
02000,1993,2,300,0.3973036326795481
02000,1994,2,300,0.3973036326795481
02000,1995,6,2370,3.13869869816843
02000,1996,13,6170,8.17121137877604
02000,1997,16,7770,10.290164086400296
02000,1998,18,9870,13.071289515157133
02000,1999,18,9870,13.071289515157133
02000,2000,21,14070,18.633540372670808
02000,2001,24,15870,21.017362168748097
02000,2002,28,18270,24.19579123018448
02000,2003,28,18270,24.19579123018448
02000,2004,29,19770,26.18230939358222
02000,2005,29,19770,26.18230939358222
02000,2006,29,19770,26.18230939358222
02000,2007,29,19770,26.18230939358222
02000,2008,29,19770,26.18230939358222
02000,2009,31,31770,42.07445470076414
02000,2010,33,36770,48.69618191208995
02000,2011,34,40140,53.159226052523536
02000,2012,34,40140,53.159226052523536
02000,2013,35,42540,56.337655113959926
02000,2014,38,47546,62.96732839793932
02000,2015,42,55546,73.5620919360606
02000,2016,44,60246,79.78651551470685
02000,2017,64,110496,146.33487398853117
02000,2018,69,121897,161.43373637579626
02000,2019,70,121899.8,161.43744454303462
02000,2020,70,121899.8,161.43744454303462
02000,2021,70,121899.8,161.43744454303462
02000,2022,70,121899.8,161.43744454303462
02000,2023,71,125499.8,166.2050881351892
03101,1960,0,0,0
03101,1961,0,0,0
03101,1962,0,0,0
03101,1963,0,0,0
03101,1964,0,0,0
03101,1965,0,0,0
03101,1966,0,0,0
03101,1967,0,0,0
03101,1968,0,0,0
03101,1969,0,0,0
03101,1970,0,0,0
03101,1971,0,0,0
03101,1972,0,0,0
03101,1973,0,0,0
03101,1974,0,0,0
03101,1975,0,0,0
03101,1976,0,0,0
03101,1977,0,0,0
03101,1978,0,0,0
03101,1979,0,0,0
03101,1980,0,0,0
03101,1981,0,0,0
03101,1982,0,0,0
03101,1983,0,0,0
03101,1984,0,0,0
03101,1985,0,0,0
03101,1986,0,0,0
03101,1987,0,0,0
03101,1988,0,0,0
03101,1989,0,0,0
03101,1990,0,0,0
03101,1991,0,0,0
03101,1992,0,0,0
03101,1993,0,0,0
03101,1994,0,0,0
03101,1995,0,0,0
03101,1996,0,0,0
03101,1997,1,500,2.5947067981318113
03101,1998,1,500,2.5947067981318113
03101,1999,1,500,2.5947067981318113
03101,2000,1,500,2.5947067981318113
03101,2001,1,500,2.5947067981318113
03101,2002,3,4500,23.3523611831863
03101,2003,4,6500,33.73118837571354
03101,2004,5,7100,36.84483653347172
03101,2005,5,7100,36.84483653347172
03101,2006,5,7100,36.84483653347172
03101,2007,5,7100,36.84483653347172
03101,2008,5,7100,36.84483653347172
03101,2009,5,7100,36.84483653347172
03101,2010,5,7100,36.84483653347172
03101,2011,5,7100,36.84483653347172
03101,2012,5,7100,36.84483653347172
03101,2013,5,7100,36.84483653347172
03101,2014,5,7100,36.84483653347172
03101,2015,5,7100,36.84483653347172
03101,2016,5,7100,36.84483653347172
03101,2017,5,7100,36.84483653347172
03101,2018,5,7100,36.84483653347172
03101,2019,5,7100,36.84483653347172
03101,2020,5,7100,36.84483653347172
03101,2021,5,7100,36.84483653347172
03101,2022,5,7100,36.84483653347172
03101,2023,5,7100,36.84483653347172
03102,1960,0,0,0
03102,1961,0,0,0
03102,1962,0,0,0
03102,1963,0,0,0
03102,1964,0,0,0
03102,1965,0,0,0
03102,1966,0,0,0
03102,1967,0,0,0
03102,1968,0,0,0
03102,1969,0,0,0
03102,1970,0,0,0
03102,1971,0,0,0
03102,1972,0,0,0
03102,1973,0,0,0
03102,1974,0,0,0
03102,1975,0,0,0
03102,1976,0,0,0
03102,1977,0,0,0
03102,1978,0,0,0
03102,1979,0,0,0
03102,1980,0,0,0
03102,1981,0,0,0
03102,1982,0,0,0
03102,1983,0,0,0
03102,1984,0,0,0
03102,1985,0,0,0
03102,1986,0,0,0
03102,1987,0,0,0
03102,1988,0,0,0
03102,1989,0,0,0
03102,1990,0,0,0
03102,1991,0,0,0
03102,1992,0,0,0
03102,1993,1,80,0.3563633123969887
03102,1994,1,80,0.3563633123969887
03102,1995,1,80,0.3563633123969887
03102,1996,2,580,2.583634014878168
03102,1997,2,580,2.583634014878168
03102,1998,3,1080,4.810904717359348
03102,1999,3,1080,4.810904717359348
03102,2000,6,4980,22.18361619671255
03102,2001,19,23380,104.14717804801995
03102,2002,33,49580,220.85616285803377
03102,2003,39,59630,265.62430397790547
03102,2004,39,59630,265.62430397790547
03102,2005,39,59630,265.62430397790547
03102,2006,39,59630,265.62430397790547
03102,2007,40,61630,274.5333867878302
03102,2008,40,61630,274.5333867878302
03102,2009,43,68530,305.26972248207045
03102,2010,49,80530,358.7242193416188
03102,2011,49,80530,358.7242193416188
03102,2012,50,82830,368.9696645730322
03102,2013,52,87430,389.46055503585904
03102,2014,52,87430,389.46055503585904
03102,2015,52,87430,389.46055503585904
03102,2016,52,87430,389.46055503585904
03102,2017,52,87430,389.46055503585904
03102,2018,52,87430,389.46055503585904
03102,2019,54,93830,417.96962002761813
03102,2020,63,129630,577.4422023252706
03102,2021,63,129630,577.4422023252706
03102,2022,63,129630,577.4422023252706
03102,2023,66,146730,653.614860350127
03103,1960,0,0,0
03103,1961,0,0,0
03103,1962,0,0,0
03103,1963,0,0,0
03103,1964,0,0,0
03103,1965,0,0,0
03103,1966,0,0,0
03103,1967,0,0,0
03103,1968,0,0,0
03103,1969,0,0,0
03103,1970,0,0,0
03103,1971,0,0,0
03103,1972,0,0,0
03103,1973,0,0,0
03103,1974,0,0,0
03103,1975,0,0,0
03103,1976,0,0,0
03103,1977,0,0,0
03103,1978,0,0,0
03103,1979,0,0,0
03103,1980,0,0,0
03103,1981,0,0,0
03103,1982,0,0,0
03103,1983,0,0,0
03103,1984,0,0,0
03103,1985,0,0,0
03103,1986,0,0,0
03103,1987,0,0,0
03103,1988,0,0,0
03103,1989,0,0,0
03103,1990,0,0,0
03103,1991,0,0,0
03103,1992,0,0,0
03103,1993,0,0,0
03103,1994,0,0,0
03103,1995,0,0,0
03103,1996,0,0,0
03103,1997,0,0,0
03103,1998,0,0,0
03103,1999,0,0,0
03103,2000,0,0,0
03103,2001,6,3600,17.593588114553807
03103,2002,6,3600,17.593588114553807
03103,2003,6,3600,17.593588114553807
03103,2004,7,4400,21.503274362232432
03103,2005,8,5200,25.412960609911053
03103,2006,8,5200,25.412960609911053
03103,2007,8,5200,25.412960609911053
03103,2008,8,5200,25.412960609911053
03103,2009,8,5200,25.412960609911053
03103,2010,8,5200,25.412960609911053
03103,2011,9,5210,25.461831688007038
03103,2012,9,5210,25.461831688007038
03103,2013,9,5210,25.461831688007038
03103,2014,9,5210,25.461831688007038
03103,2015,9,5210,25.461831688007038
03103,2016,9,5210,25.461831688007038
03103,2017,9,5210,25.461831688007038
03103,2018,9,5210,25.461831688007038
03103,2019,10,5216,25.491154334864625
03103,2020,10,5216,25.491154334864625
03103,2021,10,5216,25.491154334864625
03103,2022,10,5216,25.491154334864625
03103,2023,10,5216,25.491154334864625
03151,1960,0,0,0
03151,1961,0,0,0
03151,1962,0,0,0
03151,1963,0,0,0
03151,1964,0,0,0
03151,1965,0,0,0
03151,1966,0,0,0
03151,1967,0,0,0
03151,1968,0,0,0
03151,1969,0,0,0
03151,1970,0,0,0
03151,1971,0,0,0
03151,1972,0,0,0
03151,1973,0,0,0
03151,1974,0,0,0
03151,1975,0,0,0
03151,1976,0,0,0
03151,1977,0,0,0
03151,1978,0,0,0
03151,1979,0,0,0
03151,1980,0,0,0
03151,1981,0,0,0
03151,1982,0,0,0
03151,1983,0,0,0
03151,1984,0,0,0
03151,1985,0,0,0
03151,1986,0,0,0
03151,1987,0,0,0
03151,1988,0,0,0
03151,1989,0,0,0
03151,1990,0,0,0
03151,1991,0,0,0
03151,1992,0,0,0
03151,1993,0,0,0
03151,1994,0,0,0
03151,1995,0,0,0
03151,1996,1,500,0.3189650222956551
03151,1997,1,500,0.3189650222956551
03151,1998,1,500,0.3189650222956551
03151,1999,1,500,0.3189650222956551
03151,2000,2,1100,0.7017230490504411
03151,2001,10,10150,6.474989952601798
03151,2002,11,10750,6.857747979356584
03151,2003,28,44150,28.164611468706344
03151,2004,28,44150,28.164611468706344
03151,2005,28,44150,28.164611468706344
03151,2006,28,44150,28.164611468706344
03151,2007,36,64150,40.923212360532546
03151,2008,36,64150,40.923212360532546
03151,2009,46,84150,53.68181325235875
03151,2010,46,84150,53.68181325235875
03151,2011,49,91050,58.08353056003879
03151,2012,51,95150,60.69904374286316
03151,2013,59,111150,70.90592445632413
03151,2014,64,125400,79.99642759175029
03151,2015,67,132450,84.49383440611903
03151,2016,67,132450,84.49383440611903
03151,2017,67,132450,84.49383440611903
03151,2018,67,132450,84.49383440611903
03151,2019,67,132450,84.49383440611903
03151,2020,67,132450,84.49383440611903
03151,2021,80,179100,114.25327098630365
03151,2022,89,211500,134.92220443106208
03151,2023,95,236700,150.99804155476312
03152,1960,0,0,NA
03152,1961,0,0,NA
03152,1962,0,0,NA
03152,1963,0,0,NA
03152,1964,0,0,NA
03152,1965,0,0,NA
03152,1966,0,0,NA
03152,1967,0,0,NA
03152,1968,0,0,NA
03152,1969,0,0,NA
03152,1970,0,0,NA
03152,1971,0,0,NA
03152,1972,0,0,NA
03152,1973,0,0,NA
03152,1974,0,0,NA
03152,1975,0,0,NA
03152,1976,0,0,NA
03152,1977,0,0,NA
03152,1978,0,0,NA
03152,1979,0,0,NA
03152,1980,0,0,NA
03152,1981,0,0,NA
03152,1982,0,0,NA
03152,1983,0,0,NA
03152,1984,0,0,NA
03152,1985,0,0,NA
03152,1986,0,0,NA
03152,1987,0,0,NA
03152,1988,0,0,NA
03152,1989,0,0,NA
03152,1990,0,0,NA
03152,1991,0,0,NA
03152,1992,0,0,NA
03152,1993,0,0,NA
03152,1994,0,0,NA
03152,1995,0,0,NA
03152,1996,0,0,NA
03152,1997,0,0,NA
03152,1998,0,0,NA
03152,1999,0,0,NA
03152,2000,2,1200,NA
03152,2001,2,1200,NA
03152,2002,2,1200,NA
03152,2003,2,1200,NA
03152,2004,2,1200,NA
03152,2005,2,1200,NA
03152,2006,2,1200,NA
03152,2007,2,1200,NA
03152,2008,2,1200,NA
03152,2009,2,1200,NA
03152,2010,2,1200,NA
03152,2011,3,2000,NA
03152,2012,3,2000,NA
03152,2013,3,2000,NA
03152,2014,3,2000,NA
03152,2015,3,2000,NA
03152,2016,3,2000,NA
03152,2017,3,2000,NA
03152,2018,9,23600,NA
03152,2019,10,27050,NA
03152,2020,10,27050,NA
03152,2021,10,27050,NA
03152,2022,10,27050,NA
03152,2023,10,27050,NA
03153,1960,0,0,0
03153,1961,0,0,0
03153,1962,0,0,0
03153,1963,0,0,0
03153,1964,0,0,0
03153,1965,0,0,0
03153,1966,0,0,0
03153,1967,0,0,0
03153,1968,0,0,0
03153,1969,0,0,0
03153,1970,0,0,0
03153,1971,0,0,0
03153,1972,0,0,0
03153,1973,0,0,0
03153,1974,0,0,0
03153,1975,0,0,0
03153,1976,0,0,0
03153,1977,0,0,0
03153,1978,0,0,0
03153,1979,0,0,0
03153,1980,0,0,0
03153,1981,0,0,0
03153,1982,0,0,0
03153,1983,0,0,0
03153,1984,0,0,0
03153,1985,0,0,0
03153,1986,0,0,0
03153,1987,0,0,0
03153,1988,0,0,0
03153,1989,0,0,0
03153,1990,0,0,0
03153,1991,1,75,0.07758112399532445
03153,1992,1,75,0.07758112399532445
03153,1993,1,75,0.07758112399532445
03153,1994,1,75,0.07758112399532445
03153,1995,4,1575,1.6292036039018134
03153,1996,4,1575,1.6292036039018134
03153,1997,4,1575,1.6292036039018134
03153,1998,4,1575,1.6292036039018134
03153,1999,4,1575,1.6292036039018134
03153,2000,4,1575,1.6292036039018134
03153,2001,9,10375,10.732055486019881
03153,2002,10,12375,12.800885459228533
03153,2003,10,12375,12.800885459228533
03153,2004,11,14375,14.869715432437184
03153,2005,11,14375,14.869715432437184
03153,2006,11,14375,14.869715432437184
03153,2007,11,14375,14.869715432437184
03153,2008,11,14375,14.869715432437184
03153,2009,11,14375,14.869715432437184
03153,2010,11,14375,14.869715432437184
03153,2011,13,19375,20.041790365458816
03153,2012,14,21375,22.110620338667466
03153,2013,14,21375,22.110620338667466
03153,2014,14,21375,22.110620338667466
03153,2015,14,21375,22.110620338667466
03153,2016,14,21375,22.110620338667466
03153,2017,15,21381.5,22.117344036080393
03153,2018,16,24381.5,25.220588995893372
03153,2019,16,24381.5,25.220588995893372
03153,2020,16,24381.5,25.220588995893372
03153,2021,16,24381.5,25.220588995893372
03153,2022,16,24381.5,25.220588995893372
03153,2023,23,49582.5,51.28888107330899
03154,1960,0,0,0
03154,1961,0,0,0
03154,1962,0,0,0
03154,1963,0,0,0
03154,1964,0,0,0
03154,1965,0,0,0
03154,1966,0,0,0
03154,1967,0,0,0
03154,1968,0,0,0
03154,1969,0,0,0
03154,1970,0,0,0
03154,1971,0,0,0
03154,1972,0,0,0
03154,1973,0,0,0
03154,1974,0,0,0
03154,1975,0,0,0
03154,1976,0,0,0
03154,1977,0,0,0
03154,1978,0,0,0
03154,1979,0,0,0
03154,1980,0,0,0
03154,1981,0,0,0
03154,1982,0,0,0
03154,1983,0,0,0
03154,1984,0,0,0
03154,1985,0,0,0
03154,1986,0,0,0
03154,1987,0,0,0
03154,1988,0,0,0
03154,1989,0,0,0
03154,1990,0,0,0
03154,1991,0,0,0
03154,1992,0,0,0
03154,1993,0,0,0
03154,1994,0,0,0
03154,1995,0,0,0
03154,1996,0,0,0
03154,1997,0,0,0
03154,1998,0,0,0
03154,1999,0,0,0
03154,2000,13,18900,27.95361770099982
03154,2001,13,18900,27.95361770099982
03154,2002,16,24500,36.23617109388866
03154,2003,25,41300,61.083831272555166
03154,2004,28,47300,69.95799562207893
03154,2005,33,56600,83.71295036384073
03154,2006,48,91100,134.73939537360232
03154,2007,58,111100,164.31994320534815
03154,2008,58,111100,164.31994320534815
03154,2009,62,115500,170.82766372833225
03154,2010,62,115500,170.82766372833225
03154,2011,64,120100,177.6311897296338
03154,2012,64,120100,177.6311897296338
03154,2013,64,120100,177.6311897296338
03154,2014,64,120100,177.6311897296338
03154,2015,64,120100,177.6311897296338
03154,2016,64,120100,177.6311897296338
03154,2017,64,120100,177.6311897296338
03154,2018,64,120100,177.6311897296338
03154,2019,64,120100,177.6311897296338
03154,2020,64,120100,177.6311897296338
03154,2021,64,120100,177.6311897296338
03154,2022,64,120100,177.6311897296338
03154,2023,64,120100,177.6311897296338
03155,1960,0,0,0
03155,1961,0,0,0
03155,1962,0,0,0
03155,1963,0,0,0
03155,1964,0,0,0
03155,1965,0,0,0
03155,1966,0,0,0
03155,1967,0,0,0
03155,1968,0,0,0
03155,1969,0,0,0
03155,1970,0,0,0
03155,1971,0,0,0
03155,1972,0,0,0
03155,1973,0,0,0
03155,1974,0,0,0
03155,1975,0,0,0
03155,1976,0,0,0
03155,1977,0,0,0
03155,1978,0,0,0
03155,1979,0,0,0
03155,1980,0,0,0
03155,1981,0,0,0
03155,1982,0,0,0
03155,1983,0,0,0
03155,1984,0,0,0
03155,1985,0,0,0
03155,1986,0,0,0
03155,1987,0,0,0
03155,1988,0,0,0
03155,1989,0,0,0
03155,1990,0,0,0
03155,1991,0,0,0
03155,1992,0,0,0
03155,1993,0,0,0
03155,1994,0,0,0
03155,1995,1,600,0.4728989493761675
03155,1996,2,1100,0.8669814071896403
03155,1997,3,1700,1.339880356565808
03155,1998,3,1700,1.339880356565808
03155,1999,3,1700,1.339880356565808
03155,2000,6,3500,2.7585772046943102
03155,2001,7,4100,3.231476154070478
03155,2002,15,12850,10.127919165806253
03155,2003,24,21850,17.221403406448765
03155,2004,24,21850,17.221403406448765
03155,2005,24,21850,17.221403406448765
03155,2006,24,21850,17.221403406448765
03155,2007,24,21850,17.221403406448765
03155,2008,24,21850,17.221403406448765
03155,2009,27,27850,21.950392900210442
03155,2010,27,27850,21.950392900210442
03155,2011,28,28650,22.580924832711997
03155,2012,29,30650,24.15725466396589
03155,2013,30,32700,25.772992741001126
03155,2014,32,37550,29.595592581791813
03155,2015,33,40050,31.566004870859178
03155,2016,33,40050,31.566004870859178
03155,2017,34,43050,33.93049961774002
03155,2018,37,50100,39.48706227290998
03155,2019,37,50100,39.48706227290998
03155,2020,37,50100,39.48706227290998
03155,2021,37,50100,39.48706227290998
03155,2022,37,50100,39.48706227290998
03155,2023,41,68100,53.67403075419501
03157,1960,0,0,0
03157,1961,0,0,0
03157,1962,0,0,0
03157,1963,0,0,0
03157,1964,0,0,0
03157,1965,0,0,0
03157,1966,0,0,0
03157,1967,0,0,0
03157,1968,0,0,0
03157,1969,0,0,0
03157,1970,0,0,0
03157,1971,0,0,0
03157,1972,0,0,0
03157,1973,0,0,0
03157,1974,0,0,0
03157,1975,0,0,0
03157,1976,0,0,0
03157,1977,0,0,0
03157,1978,0,0,0
03157,1979,0,0,0
03157,1980,0,0,0
03157,1981,0,0,0
03157,1982,0,0,0
03157,1983,0,0,0
03157,1984,0,0,0
03157,1985,0,0,0
03157,1986,0,0,0
03157,1987,0,0,0
03157,1988,0,0,0
03157,1989,0,0,0
03157,1990,0,0,0
03157,1991,0,0,0
03157,1992,0,0,0
03157,1993,0,0,0
03157,1994,0,0,0
03157,1995,0,0,0
03157,1996,0,0,0
03157,1997,0,0,0
03157,1998,1,600,1.1183597390493942
03157,1999,5,3600,6.710158434296365
03157,2000,14,15300,28.518173345759553
03157,2001,23,26300,49.02143522833178
03157,2002,36,48400,90.2143522833178
03157,2003,43,58500,109.04007455731593
03157,2004,44,60500,112.76794035414726
03157,2005,48,68700,128.05219012115563
03157,2006,55,82200,153.215284249767
03157,2007,59,90200,168.12674743709226
03157,2008,59,90200,168.12674743709226
03157,2009,62,96200,179.31034482758622
03157,2010,67,109040,203.24324324324326
03157,2011,69,113340,211.25815470643056
03157,2012,74,124840,232.6933830382106
03157,2013,74,124840,232.6933830382106
03157,2014,78,137180,255.69431500465984
03157,2015,79,140550,261.9757688723206
03157,2016,83,152430,284.1192917054986
03157,2017,92,178280,332.3019571295433
03157,2018,94,186680,347.95899347623487
03157,2019,94,186680,347.95899347623487
03157,2020,94,186680,347.95899347623487
03157,2021,94,186680,347.95899347623487
03157,2022,94,186680,347.95899347623487
03157,2023,100,220280,410.5871388630009
03158,1960,0,0,0
03158,1961,0,0,0
03158,1962,0,0,0
03158,1963,0,0,0
03158,1964,0,0,0
03158,1965,0,0,0
03158,1966,0,0,0
03158,1967,0,0,0
03158,1968,0,0,0
03158,1969,0,0,0
03158,1970,0,0,0
03158,1971,0,0,0
03158,1972,0,0,0
03158,1973,0,0,0
03158,1974,0,0,0
03158,1975,0,0,0
03158,1976,0,0,0
03158,1977,0,0,0
03158,1978,0,0,0
03158,1979,0,0,0
03158,1980,0,0,0
03158,1981,0,0,0
03158,1982,0,0,0
03158,1983,0,0,0
03158,1984,0,0,0
03158,1985,0,0,0
03158,1986,0,0,0
03158,1987,0,0,0
03158,1988,0,0,0
03158,1989,0,0,0
03158,1990,0,0,0
03158,1991,0,0,0
03158,1992,0,0,0
03158,1993,0,0,0
03158,1994,1,225,0.3106404716212672
03158,1995,1,225,0.3106404716212672
03158,1996,3,1225,1.69126478993801
03158,1997,6,4725,6.52344990404661
03158,1998,7,5225,7.213762063204982
03158,1999,7,5225,7.213762063204982
03158,2000,13,16025,22.124504701025806
03158,2001,23,32225,44.49061865775704
03158,2002,35,55325,76.3830404108738
03158,2003,38,57730,79.70344189642557
03158,2004,43,67730,93.509685079593
03158,2005,44,68530,94.61418453424639
03158,2006,44,68530,94.61418453424639
03158,2007,45,70530,97.37543317087987
03158,2008,46,72530,100.13668180751337
03158,2009,58,96530,133.2716654471152
03158,2010,63,108030,149.14884510775775
03158,2011,63,108030,149.14884510775775
03158,2012,67,114040,157.44639726084137
03158,2013,68,116040,160.20764589747486
03158,2014,68,116040,160.20764589747486
03158,2015,68,116040,160.20764589747486
03158,2016,70,120840,166.83464262539522
03158,2017,70,120840,166.83464262539522
03158,2018,70,120840,166.83464262539522
03158,2019,70,120840,166.83464262539522
03158,2020,70,120840,166.83464262539522
03158,2021,70,120840,166.83464262539522
03158,2022,77,159540,220.26480374425316
03158,2023,80,177540,245.11604147395454
03159,1960,0,0,0
03159,1961,0,0,0
03159,1962,0,0,0
03159,1963,0,0,0
03159,1964,0,0,0
03159,1965,0,0,0
03159,1966,0,0,0
03159,1967,0,0,0
03159,1968,0,0,0
03159,1969,0,0,0
03159,1970,0,0,0
03159,1971,0,0,0
03159,1972,0,0,0
03159,1973,0,0,0
03159,1974,0,0,0
03159,1975,0,0,0
03159,1976,0,0,0
03159,1977,0,0,0
03159,1978,0,0,0
03159,1979,0,0,0
03159,1980,0,0,0
03159,1981,0,0,0
03159,1982,0,0,0
03159,1983,0,0,0
03159,1984,0,0,0
03159,1985,0,0,0
03159,1986,0,0,0
03159,1987,0,0,0
03159,1988,0,0,0
03159,1989,0,0,0
03159,1990,0,0,0
03159,1991,0,0,0
03159,1992,0,0,0
03159,1993,0,0,0
03159,1994,0,0,0
03159,1995,0,0,0
03159,1996,5,2600,1.4811523365178108
03159,1997,5,2600,1.4811523365178108
03159,1998,6,4100,2.3356632998934708
03159,1999,6,4100,2.3356632998934708
03159,2000,13,9000,5.12706578025396
03159,2001,22,19700,11.222577319000335
03159,2002,26,23050,13.130985137205977
03159,2003,28,24750,14.099430895698392
03159,2004,28,24750,14.099430895698392
03159,2005,28,24750,14.099430895698392
03159,2006,30,26450,15.067876654190806
03159,2007,37,32050,18.258050917459936
03159,2008,37,32050,18.258050917459936
03159,2009,37,32050,18.258050917459936
03159,2010,37,32050,18.258050917459936
03159,2011,37,32050,18.258050917459936
03159,2012,37,32050,18.258050917459936
03159,2013,40,41200,23.470567794051462
03159,2014,43,47200,26.888611647554104
03159,2015,44,50500,28.768535766980555
03159,2016,52,74950,42.697064470003816
03159,2017,52,74950,42.697064470003816
03159,2018,52,74950,42.697064470003816
03159,2019,56,86950,49.53315217700909
03159,2020,56,86950,49.53315217700909
03159,2021,56,86950,49.53315217700909
03159,2022,56,86950,49.53315217700909
03159,2023,56,86950,49.53315217700909
03241,1960,0,0,0
03241,1961,0,0,0
03241,1962,0,0,0
03241,1963,0,0,0
03241,1964,0,0,0
03241,1965,0,0,0
03241,1966,0,0,0
03241,1967,0,0,0
03241,1968,0,0,0
03241,1969,0,0,0
03241,1970,0,0,0
03241,1971,0,0,0
03241,1972,0,0,0
03241,1973,0,0,0
03241,1974,0,0,0
03241,1975,0,0,0
03241,1976,0,0,0
03241,1977,0,0,0
03241,1978,0,0,0
03241,1979,0,0,0
03241,1980,0,0,0
03241,1981,0,0,0
03241,1982,0,0,0
03241,1983,0,0,0
03241,1984,0,0,0
03241,1985,0,0,0
03241,1986,0,0,0
03241,1987,0,0,0
03241,1988,0,0,0
03241,1989,0,0,0
03241,1990,0,0,0
03241,1991,0,0,0
03241,1992,0,0,0
03241,1993,0,0,0
03241,1994,0,0,0
03241,1995,2,1000,0.43532581960968686
03241,1996,7,3600,1.5671729505948726
03241,1997,13,6450,2.80785153648248
03241,1998,23,12010,5.228263093512339
03241,1999,57,48060,20.92175889044155
03241,2000,86,82560,35.94049966697575
03241,2001,111,111140,48.382111591420596
03241,2002,125,127740,55.6085201969414
03241,2003,133,135340,58.91699642597502
03241,2004,140,144040,62.70433105657929
03241,2005,159,177990,77.48364263232816
03241,2006,160,178790,77.83190328801591
03241,2007,162,181790,79.13788074684497
03241,2008,162,181790,79.13788074684497
03241,2009,185,229890,100.07705267007091
03241,2010,193,239890,104.43031086616777
03241,2011,198,250640,109.1100634269719
03241,2012,207,271290,118.09954160191195
03241,2013,212,286540,124.73826035095966
03241,2014,217,298015,129.73362413098081
03241,2015,217,298015,129.73362413098081
03241,2016,217,298015,129.73362413098081
03241,2017,224,317817,138.35394601089183
03241,2018,227,327717,142.66367162502775
03241,2019,231,340617,148.2793746979927
03241,2020,237,356526.9,155.20536495540088
03241,2021,248,395676.9,172.2483707931201
03241,2022,258,440076.9,191.57683718379022
03241,2023,259,440077.9,191.57727250960983
03251,1960,0,0,0
03251,1961,0,0,0
03251,1962,0,0,0
03251,1963,0,0,0
03251,1964,0,0,0
03251,1965,0,0,0
03251,1966,0,0,0
03251,1967,0,0,0
03251,1968,0,0,0
03251,1969,0,0,0
03251,1970,0,0,0
03251,1971,0,0,0
03251,1972,0,0,0
03251,1973,0,0,0
03251,1974,0,0,0
03251,1975,0,0,0
03251,1976,0,0,0
03251,1977,0,0,0
03251,1978,0,0,0
03251,1979,0,0,0
03251,1980,0,0,0
03251,1981,0,0,0
03251,1982,0,0,0
03251,1983,0,0,0
03251,1984,0,0,0
03251,1985,0,0,0
03251,1986,0,0,0
03251,1987,0,0,0
03251,1988,0,0,0
03251,1989,0,0,0
03251,1990,4,320,0.16071921850280002
03251,1991,4,320,0.16071921850280002
03251,1992,4,320,0.16071921850280002
03251,1993,5,470,0.23605635217598755
03251,1994,10,1220,0.6127420205419252
03251,1995,17,4720,2.3706084729163006
03251,1996,28,9520,4.781396750458301
03251,1997,28,9520,4.781396750458301
03251,1998,34,12620,6.338364179704176
03251,1999,36,13820,6.941061249089676
03251,2000,44,22520,11.310615002134552
03251,2001,56,38920,19.547474950403053
03251,2002,73,65870,33.08304663368575
03251,2003,90,94020,47.221315386353936
03251,2004,155,216420,108.69641646367495
03251,2005,196,298720,150.03139047236382
03251,2006,215,336720,169.11679766957133
03251,2007,229,364720,183.17972928856634
03251,2008,241,389620,195.68569347831547
03251,2009,262,432220,217.08143944150072
03251,2010,277,463020,232.55066422239523
03251,2011,286,483720,242.9471886692951
03251,2012,295,507120,254.69978152231235
03251,2013,305,529120,265.74922779437986
03251,2014,315,553420,277.95384344943625
03251,2015,316,554220,278.35564149569325
03251,2016,352,657220,330.087139951282
03251,2017,379,723022,363.1360337510359
03251,2018,384,734772,369.0374425554356
03251,2019,384,734772,369.0374425554356
03251,2020,384,734772,369.0374425554356
03251,2021,392,771882,387.6758494261822
03251,2022,395,780286.6,391.8970392506466
03251,2023,407,841451.2,422.6168102257603
03252,1960,0,0,0
03252,1961,0,0,0
03252,1962,0,0,0
03252,1963,0,0,0
03252,1964,0,0,0
03252,1965,0,0,0
03252,1966,0,0,0
03252,1967,0,0,0
03252,1968,0,0,0
03252,1969,0,0,0
03252,1970,0,0,0
03252,1971,0,0,0
03252,1972,0,0,0
03252,1973,0,0,0
03252,1974,0,0,0
03252,1975,0,0,0
03252,1976,0,0,0
03252,1977,0,0,0
03252,1978,0,0,0
03252,1979,0,0,0
03252,1980,0,0,0
03252,1981,0,0,0
03252,1982,0,0,0
03252,1983,0,0,0
03252,1984,0,0,0
03252,1985,0,0,0
03252,1986,0,0,0
03252,1987,0,0,0
03252,1988,0,0,0
03252,1989,0,0,0
03252,1990,0,0,0
03252,1991,0,0,0
03252,1992,0,0,0
03252,1993,0,0,0
03252,1994,0,0,0
03252,1995,0,0,0
03252,1996,0,0,0
03252,1997,4,2000,2.5077740997090983
03252,1998,4,2000,2.5077740997090983
03252,1999,4,2000,2.5077740997090983
03252,2000,4,2000,2.5077740997090983
03252,2001,10,9600,12.037315678603672
03252,2002,13,13200,16.551309058080047
03252,2003,14,13800,17.30364128799278
03252,2004,16,17100,21.44146855251279
03252,2005,16,17100,21.44146855251279
03252,2006,19,21900,27.460126391814626
03252,2007,22,27900,34.98344869094192
03252,2008,22,27900,34.98344869094192
03252,2009,26,31100,38.99588725047648
03252,2010,29,33500,42.0052161701274
03252,2011,31,38100,47.77309659945832
03252,2012,35,45800,57.42802688333835
03252,2013,35,45800,57.42802688333835
03252,2014,37,50450,63.258601665162004
03252,2015,53,93650,117.42652221887853
03252,2016,57,103250,129.4638378974822
03252,2017,62,119750,150.15297422008226
03252,2018,73,157700,197.7379877620624
03252,2019,74,157704.6,197.74375564249175
03252,2020,74,157704.6,197.74375564249175
03252,2021,74,157704.6,197.74375564249175
03252,2022,76,169104.6,212.0380680108336
03252,2023,77,169105.6,212.03932189788344
03254,1960,0,0,0
03254,1961,0,0,0
03254,1962,0,0,0
03254,1963,0,0,0
03254,1964,0,0,0
03254,1965,0,0,0
03254,1966,0,0,0
03254,1967,0,0,0
03254,1968,0,0,0
03254,1969,0,0,0
03254,1970,0,0,0
03254,1971,0,0,0
03254,1972,0,0,0
03254,1973,0,0,0
03254,1974,0,0,0
03254,1975,0,0,0
03254,1976,0,0,0
03254,1977,0,0,0
03254,1978,0,0,0
03254,1979,0,0,0
03254,1980,0,0,0
03254,1981,0,0,0
03254,1982,0,0,0
03254,1983,0,0,0
03254,1984,0,0,0
03254,1985,0,0,0
03254,1986,0,0,0
03254,1987,0,0,0
03254,1988,0,0,0
03254,1989,0,0,0
03254,1990,0,0,0
03254,1991,0,0,0
03254,1992,0,0,0
03254,1993,2,300,0.24827654696978477
03254,1994,5,1250,1.034485612374103
03254,1995,5,1250,1.034485612374103
03254,1996,6,1550,1.2827621593438878
03254,1997,8,3550,2.937939139142453
03254,1998,9,4150,3.4344922330820227
03254,1999,15,10350,8.565540870457575
03254,2000,24,22950,18.993155843188536
03254,2001,26,26950,22.303509802785666
03254,2002,41,48450,40.09666233562024
03254,2003,58,83250,68.89674178411526
03254,2004,62,91650,75.84848509926924
03254,2005,64,93350,77.25538553209802
03254,2006,64,93350,77.25538553209802
03254,2007,64,93350,77.25538553209802
03254,2008,64,93350,77.25538553209802
03254,2009,64,93350,77.25538553209802
03254,2010,64,93350,77.25538553209802
03254,2011,64,93350,77.25538553209802
03254,2012,64,93350,77.25538553209802
03254,2013,64,93350,77.25538553209802
03254,2014,67,102000,84.41402596972682
03254,2015,67,102000,84.41402596972682
03254,2016,67,102000,84.41402596972682
03254,2017,74,124200,102.78649044549088
03254,2018,74,124200,102.78649044549088
03254,2019,77,135000,111.72444613640315
03254,2020,78,139800,115.6968708879197
03254,2021,78,139800,115.6968708879197
03254,2022,80,146700,121.40723146822475
03254,2023,82,150700.6,124.71808198091583
03255,1960,0,0,0
03255,1961,0,0,0
03255,1962,0,0,0
03255,1963,0,0,0
03255,1964,0,0,0
03255,1965,0,0,0
03255,1966,0,0,0
03255,1967,0,0,0
03255,1968,0,0,0
03255,1969,0,0,0
03255,1970,0,0,0
03255,1971,0,0,0
03255,1972,0,0,0
03255,1973,0,0,0
03255,1974,0,0,0
03255,1975,0,0,0
03255,1976,0,0,0
03255,1977,0,0,0
03255,1978,0,0,0
03255,1979,0,0,0
03255,1980,0,0,0
03255,1981,0,0,0
03255,1982,0,0,0
03255,1983,0,0,0
03255,1984,0,0,0
03255,1985,0,0,0
03255,1986,0,0,0
03255,1987,0,0,0
03255,1988,0,0,0
03255,1989,0,0,0
03255,1990,0,0,0
03255,1991,0,0,0
03255,1992,0,0,0
03255,1993,0,0,0
03255,1994,0,0,0
03255,1995,1,250,0.3601008282319049
03255,1996,1,250,0.3601008282319049
03255,1997,1,250,0.3601008282319049
03255,1998,2,750,1.0803024846957148
03255,1999,2,750,1.0803024846957148
03255,2000,5,3750,5.401512423478574
03255,2001,10,8750,12.603528988116672
03255,2002,15,12850,18.509182571119915
03255,2003,22,23650,34.06553835073821
03255,2004,32,41100,59.20057616132517
03255,2005,33,41950,60.424918977313645
03255,2006,33,41950,60.424918977313645
03255,2007,33,41950,60.424918977313645
03255,2008,33,41950,60.424918977313645
03255,2009,33,41950,60.424918977313645
03255,2010,33,41950,60.424918977313645
03255,2011,33,41950,60.424918977313645
03255,2012,33,41950,60.424918977313645
03255,2013,34,42750,61.577241627655745
03255,2014,34,42750,61.577241627655745
03255,2015,35,43550,62.72956427799784
03255,2016,36,44350,63.88188692833994
03255,2017,39,51250,73.82066978754051
03255,2018,39,51250,73.82066978754051
03255,2019,39,51250,73.82066978754051
03255,2020,39,51250,73.82066978754051
03255,2021,39,51250,73.82066978754051
03255,2022,39,51250,73.82066978754051
03255,2023,39,51250,73.82066978754051
03256,1960,0,0,0
03256,1961,0,0,0
03256,1962,0,0,0
03256,1963,0,0,0
03256,1964,0,0,0
03256,1965,0,0,0
03256,1966,0,0,0
03256,1967,0,0,0
03256,1968,0,0,0
03256,1969,0,0,0
03256,1970,0,0,0
03256,1971,0,0,0
03256,1972,0,0,0
03256,1973,0,0,0
03256,1974,0,0,0
03256,1975,0,0,0
03256,1976,0,0,0
03256,1977,0,0,0
03256,1978,0,0,0
03256,1979,0,0,0
03256,1980,0,0,0
03256,1981,0,0,0
03256,1982,0,0,0
03256,1983,0,0,0
03256,1984,0,0,0
03256,1985,0,0,0
03256,1986,0,0,0
03256,1987,0,0,0
03256,1988,0,0,0
03256,1989,0,0,0
03256,1990,0,0,0
03256,1991,0,0,0
03256,1992,0,0,0
03256,1993,3,450,0.32124500285551116
03256,1994,6,1125,0.8031125071387779
03256,1995,6,1125,0.8031125071387779
03256,1996,9,1875,1.3385208452312964
03256,1997,15,4875,3.4801541976013706
03256,1998,25,9875,7.049543118218161
03256,1999,33,14675,10.47615648201028
03256,2000,36,17975,12.831953169617362
03256,2001,38,19875,14.188320959451742
03256,2002,59,48875,34.890776699029125
03256,2003,77,79275,56.592661336379216
03256,2004,108,126675,90.43046830382639
03256,2005,132,156575,111.7754140491148
03256,2006,140,164025,117.09380354083382
03256,2007,142,166875,119.12835522558538
03256,2008,143,168875,120.5561107938321
03256,2009,156,184075,131.40705311250716
03256,2010,162,194375,138.75999428897774
03256,2011,162,194375,138.75999428897774
03256,2012,166,208855,149.09694460308395
03256,2013,171,216569.5,154.6041547687036
03256,2014,177,235749.5,168.29633066818963
03256,2015,177,235749.5,168.29633066818963
03256,2016,182,252999.5,180.61072244431753
03256,2017,193,286599.5,204.59701599086236
03256,2018,193,286599.5,204.59701599086236
03256,2019,193,286599.5,204.59701599086236
03256,2020,195,292799.5,209.0230582524272
03256,2021,209,348799.5,249.00021416333524
03256,2022,217,382289.5,272.9079811536265
03256,2023,225,402995.9,287.6898201027984
03257,1960,0,0,0
03257,1961,0,0,0
03257,1962,0,0,0
03257,1963,0,0,0
03257,1964,0,0,0
03257,1965,0,0,0
03257,1966,0,0,0
03257,1967,0,0,0
03257,1968,0,0,0
03257,1969,0,0,0
03257,1970,0,0,0
03257,1971,0,0,0
03257,1972,0,0,0
03257,1973,0,0,0
03257,1974,0,0,0
03257,1975,0,0,0
03257,1976,0,0,0
03257,1977,0,0,0
03257,1978,0,0,0
03257,1979,0,0,0
03257,1980,0,0,0
03257,1981,0,0,0
03257,1982,0,0,0
03257,1983,0,0,0
03257,1984,0,0,0
03257,1985,0,0,0
03257,1986,0,0,0
03257,1987,0,0,0
03257,1988,0,0,0
03257,1989,0,0,0
03257,1990,0,0,0
03257,1991,0,0,0
03257,1992,0,0,0
03257,1993,0,0,0
03257,1994,1,250,0.3700031080261074
03257,1995,2,300,0.44400372963132895
03257,1996,2,300,0.44400372963132895
03257,1997,3,800,1.1840099456835438
03257,1998,4,1300,1.9240161617357587
03257,1999,4,1300,1.9240161617357587
03257,2000,9,3650,5.402045377181168
03257,2001,20,15850,23.45819704885521
03257,2002,21,16450,24.346204508117868
03257,2003,25,23050,34.11428656000711
03257,2004,27,26650,39.442331315583054
03257,2005,27,26650,39.442331315583054
03257,2006,33,31450,46.54639098968432
03257,2007,33,31450,46.54639098968432
03257,2008,33,31450,46.54639098968432
03257,2009,33,31450,46.54639098968432
03257,2010,33,31450,46.54639098968432
03257,2011,34,32250,47.73040093536786
03257,2012,36,33850,50.098420826734944
03257,2013,36,33850,50.098420826734944
03257,2014,36,33850,50.098420826734944
03257,2015,36,33850,50.098420826734944
03257,2016,36,33850,50.098420826734944
03257,2017,40,43250,64.01053768851659
03257,2018,40,43250,64.01053768851659
03257,2019,40,43250,64.01053768851659
03257,2020,40,43250,64.01053768851659
03257,2021,40,43250,64.01053768851659
03257,2022,40,43250,64.01053768851659
03257,2023,40,43250,64.01053768851659
03351,1960,0,0,0
03351,1961,0,0,0
03351,1962,0,0,0
03351,1963,0,0,0
03351,1964,0,0,0
03351,1965,0,0,0
03351,1966,0,0,0
03351,1967,0,0,0
03351,1968,0,0,0
03351,1969,0,0,0
03351,1970,0,0,0
03351,1971,0,0,0
03351,1972,0,0,0
03351,1973,0,0,0
03351,1974,0,0,0
03351,1975,0,0,0
03351,1976,0,0,0
03351,1977,0,0,0
03351,1978,0,0,0
03351,1979,0,0,0
03351,1980,0,0,0
03351,1981,0,0,0
03351,1982,0,0,0
03351,1983,0,0,0
03351,1984,0,0,0
03351,1985,0,0,0
03351,1986,0,0,0
03351,1987,0,0,0
03351,1988,0,0,0
03351,1989,0,0,0
03351,1990,0,0,0
03351,1991,0,0,0
03351,1992,0,0,0
03351,1993,0,0,0
03351,1994,0,0,0
03351,1995,0,0,0
03351,1996,0,0,0
03351,1997,0,0,0
03351,1998,0,0,0
03351,1999,0,0,0
03351,2000,5,3450,2.224629550818277
03351,2001,16,13850,8.930759211255982
03351,2002,21,20050,12.928644201132304
03351,2003,39,47650,30.72568060767852
03351,2004,44,55500,35.78751886098967
03351,2005,45,56300,36.303374988715646
03351,2006,52,70300,45.33085722392025
03351,2007,59,84300,54.35833945912485
03351,2008,63,92300,59.51690073638463
03351,2009,79,124300,80.15114584542371
03351,2010,88,142900,92.14480081505269
03351,2011,90,146900,94.72408145368257
03351,2012,92,148500,95.75579370913452
03351,2013,93,149300,96.2716498368605
03351,2014,93,149300,96.2716498368605
03351,2015,93,149300,96.2716498368605
03351,2016,93,149300,96.2716498368605
03351,2017,98,164300,105.94395223172258
03351,2018,98,164300,105.94395223172258
03351,2019,98,164300,105.94395223172258
03351,2020,98,164300,105.94395223172258
03351,2021,98,164300,105.94395223172258
03351,2022,98,164300,105.94395223172258
03351,2023,98,164300,105.94395223172258
03352,1960,0,0,0
03352,1961,0,0,0
03352,1962,0,0,0
03352,1963,0,0,0
03352,1964,0,0,0
03352,1965,0,0,0
03352,1966,0,0,0
03352,1967,0,0,0
03352,1968,0,0,0
03352,1969,0,0,0
03352,1970,0,0,0
03352,1971,0,0,0
03352,1972,0,0,0
03352,1973,0,0,0
03352,1974,0,0,0
03352,1975,0,0,0
03352,1976,0,0,0
03352,1977,0,0,0
03352,1978,0,0,0
03352,1979,0,0,0
03352,1980,0,0,0
03352,1981,0,0,0
03352,1982,0,0,0
03352,1983,0,0,0
03352,1984,0,0,0
03352,1985,0,0,0
03352,1986,0,0,0
03352,1987,0,0,0
03352,1988,0,0,0
03352,1989,0,0,0
03352,1990,2,375,0.1821307844737149
03352,1991,4,675,0.3278354120526868
03352,1992,4,675,0.3278354120526868
03352,1993,17,5625,2.731961767105723
03352,1994,21,7275,3.5333372187900687
03352,1995,37,16875,8.195885301317169
03352,1996,37,16875,8.195885301317169
03352,1997,37,16875,8.195885301317169
03352,1998,91,47575,23.106325523565296
03352,1999,178,100575,48.84747639585033
03352,2000,210,137155,66.61372731864631
03352,2001,228,155695,75.61827330302677
03352,2002,230,156795,76.15252360414966
03352,2003,245,164295,79.79513929362396
03352,2004,258,183295,89.02309904029218
03352,2005,270,207215,100.64061467925555
03352,2006,290,244965,118.97511364960951
03352,2007,321,298195,144.82797140303842
03352,2008,325,299515,145.4690717643859
03352,2009,350,348965,169.48605121031977
03352,2010,355,359215,174.4642926526013
03352,2011,355,359215,174.4642926526013
03352,2012,375,405215,196.80566888137702
03352,2013,382,425445,206.631017601119
03352,2014,406,489395,237.69038738003653
03352,2015,439,573619.3,278.59662159536856
03352,2016,468,666569.3,323.7407720402534
03352,2017,488,729259.1,354.18808524692076
03352,2018,502,767969.1,372.98883902552745
03352,2019,504,775169.1,376.4857500874228
03352,2020,504,775169.1,376.4857500874228
03352,2021,513,787448.9,382.44982903990365
03352,2022,518,796629.2,386.90853634844774
03352,2023,524,808131.2,392.4948517698255
03353,1960,0,0,0
03353,1961,0,0,0
03353,1962,0,0,0
03353,1963,0,0,0
03353,1964,0,0,0
03353,1965,0,0,0
03353,1966,0,0,0
03353,1967,0,0,0
03353,1968,0,0,0
03353,1969,0,0,0
03353,1970,0,0,0
03353,1971,0,0,0
03353,1972,0,0,0
03353,1973,0,0,0
03353,1974,0,0,0
03353,1975,0,0,0
03353,1976,0,0,0
03353,1977,0,0,0
03353,1978,0,0,0
03353,1979,0,0,0
03353,1980,0,0,0
03353,1981,0,0,0
03353,1982,0,0,0
03353,1983,0,0,0
03353,1984,0,0,0
03353,1985,0,0,0
03353,1986,0,0,0
03353,1987,0,0,0
03353,1988,0,0,0
03353,1989,0,0,0
03353,1990,0,0,0
03353,1991,0,0,0
03353,1992,1,100,0.08009804000096117
03353,1993,1,100,0.08009804000096117
03353,1994,1,100,0.08009804000096117
03353,1995,2,700,0.5606862800067283
03353,1996,4,1700,1.36166668001634
03353,1997,5,2300,1.842254920022107
03353,1998,5,2300,1.842254920022107
03353,1999,5,2300,1.842254920022107
03353,2000,12,8200,6.568039280078817
03353,2001,22,19600,15.69921584018839
03353,2002,34,35200,28.194510080338333
03353,2003,39,42400,33.96156896040754
03353,2004,41,45900,36.76500036044118
03353,2005,45,53400,42.772353360513264
03353,2006,51,66300,53.10500052063726
03353,2007,53,70300,56.3089221206757
03353,2008,53,70300,56.3089221206757
03353,2009,57,74700,59.833235880718
03353,2010,58,76750,61.4752457007377
03353,2011,66,95150,76.21328506091456
03353,2012,66,95150,76.21328506091456
03353,2013,67,95153.5,76.2160884923146
03353,2014,67,95153.5,76.2160884923146
03353,2015,75,113253.5,90.71383373248857
03353,2016,77,117903.5,94.43839259253326
03353,2017,94,170104.5,136.250370453435
03353,2018,97,182404.5,146.10242937355324
03353,2019,97,182404.5,146.10242937355324
03353,2020,97,182404.5,146.10242937355324
03353,2021,97,182404.5,146.10242937355324
03353,2022,101,197704.5,158.3574294937003
03353,2023,109,238504.5,191.03742981409243
03354,1960,0,0,0
03354,1961,0,0,0
03354,1962,0,0,0
03354,1963,0,0,0
03354,1964,0,0,0
03354,1965,0,0,0
03354,1966,0,0,0
03354,1967,0,0,0
03354,1968,0,0,0
03354,1969,0,0,0
03354,1970,0,0,0
03354,1971,0,0,0
03354,1972,0,0,0
03354,1973,0,0,0
03354,1974,0,0,0
03354,1975,0,0,0
03354,1976,0,0,0
03354,1977,0,0,0
03354,1978,0,0,0
03354,1979,0,0,0
03354,1980,0,0,0
03354,1981,0,0,0
03354,1982,0,0,0
03354,1983,0,0,0
03354,1984,0,0,0
03354,1985,0,0,0
03354,1986,0,0,0
03354,1987,0,0,0
03354,1988,0,0,0
03354,1989,0,0,0
03354,1990,0,0,0
03354,1991,0,0,0
03354,1992,0,0,0
03354,1993,0,0,0
03354,1994,0,0,0
03354,1995,0,0,0
03354,1996,1,600,0.48886607513871577
03354,1997,4,2300,1.873986621365077
03354,1998,7,3800,3.0961518092118667
03354,1999,7,3800,3.0961518092118667
03354,2000,7,3800,3.0961518092118667
03354,2001,7,3800,3.0961518092118667
03354,2002,8,4800,3.910928601109726
03354,2003,8,4800,3.910928601109726
03354,2004,8,4800,3.910928601109726
03354,2005,8,4800,3.910928601109726
03354,2006,9,6100,4.970138430576943
03354,2007,12,10600,8.636633994117313
03354,2008,19,16200,13.199384028745326
03354,2009,56,90200,73.49286662918693
03354,2010,71,102200,83.27018813196125
03354,2011,71,102200,83.27018813196125
03354,2012,71,102200,83.27018813196125
03354,2013,71,102200,83.27018813196125
03354,2014,71,102200,83.27018813196125
03354,2015,71,102200,83.27018813196125
03354,2016,71,102200,83.27018813196125
03354,2017,71,102200,83.27018813196125
03354,2018,71,102200,83.27018813196125
03354,2019,71,102200,83.27018813196125
03354,2020,71,102200,83.27018813196125
03354,2021,71,102200,83.27018813196125
03354,2022,71,102200,83.27018813196125
03354,2023,71,102200,83.27018813196125
03355,1960,0,0,0
03355,1961,0,0,0
03355,1962,0,0,0
03355,1963,0,0,0
03355,1964,0,0,0
03355,1965,0,0,0
03355,1966,0,0,0
03355,1967,0,0,0
03355,1968,0,0,0
03355,1969,0,0,0
03355,1970,0,0,0
03355,1971,0,0,0
03355,1972,0,0,0
03355,1973,0,0,0
03355,1974,0,0,0
03355,1975,0,0,0
03355,1976,0,0,0
03355,1977,0,0,0
03355,1978,0,0,0
03355,1979,0,0,0
03355,1980,0,0,0
03355,1981,0,0,0
03355,1982,0,0,0
03355,1983,0,0,0
03355,1984,0,0,0
03355,1985,0,0,0
03355,1986,0,0,0
03355,1987,0,0,0
03355,1988,0,0,0
03355,1989,0,0,0
03355,1990,0,0,0
03355,1991,0,0,0
03355,1992,0,0,0
03355,1993,0,0,0
03355,1994,0,0,0
03355,1995,0,0,0
03355,1996,0,0,0
03355,1997,0,0,0
03355,1998,0,0,0
03355,1999,0,0,0
03355,2000,1,1000,0.7531027834678877
03355,2001,6,8500,6.401373659477046
03355,2002,27,45000,33.88962525605495
03355,2003,45,79700,60.02229184239065
03355,2004,56,100100,75.38558862513557
03355,2005,61,106900,80.5066875527172
03355,2006,62,108400,81.63634172791903
03355,2007,65,114400,86.15495842872636
03355,2008,65,114400,86.15495842872636
03355,2009,65,114400,86.15495842872636
03355,2010,65,114400,86.15495842872636
03355,2011,65,114400,86.15495842872636
03355,2012,65,114400,86.15495842872636
03355,2013,66,116400,87.66116399566214
03355,2014,66,116400,87.66116399566214
03355,2015,66,116400,87.66116399566214
03355,2016,66,116400,87.66116399566214
03355,2017,109,238940,179.9463790818171
03355,2018,111,244540,184.16375466923728
03355,2019,111,244540,184.16375466923728
03355,2020,111,244540,184.16375466923728
03355,2021,111,244540,184.16375466923728
03355,2022,111,244540,184.16375466923728
03355,2023,115,265540,199.97891312206292
03356,1960,0,0,0
03356,1961,0,0,0
03356,1962,0,0,0
03356,1963,0,0,0
03356,1964,0,0,0
03356,1965,0,0,0
03356,1966,0,0,0
03356,1967,0,0,0
03356,1968,0,0,0
03356,1969,0,0,0
03356,1970,0,0,0
03356,1971,0,0,0
03356,1972,0,0,0
03356,1973,0,0,0
03356,1974,0,0,0
03356,1975,0,0,0
03356,1976,0,0,0
03356,1977,0,0,0
03356,1978,0,0,0
03356,1979,0,0,0
03356,1980,0,0,0
03356,1981,0,0,0
03356,1982,0,0,0
03356,1983,0,0,0
03356,1984,0,0,0
03356,1985,0,0,0
03356,1986,0,0,0
03356,1987,0,0,0
03356,1988,0,0,0
03356,1989,0,0,0
03356,1990,0,0,0
03356,1991,0,0,0
03356,1992,0,0,0
03356,1993,0,0,0
03356,1994,1,250,0.3830419660778035
03356,1995,3,1350,2.068426616820139
03356,1996,4,1850,2.834510548975746
03356,1997,4,1850,2.834510548975746
03356,1998,4,1850,2.834510548975746
03356,1999,4,1850,2.834510548975746
03356,2000,4,1850,2.834510548975746
03356,2001,15,10550,16.164370968483308
03356,2002,17,14150,21.680175280003677
03356,2003,21,21350,32.71178390304442
03356,2004,21,21350,32.71178390304442
03356,2005,21,21350,32.71178390304442
03356,2006,34,31750,48.64632969188104
03356,2007,38,34950,53.54926685767693
03356,2008,39,35750,54.7750011491259
03356,2009,44,40000,61.28671457244856
03356,2010,45,40800,62.51244886389753
03356,2011,48,47700,73.08440712764491
03356,2012,48,47700,73.08440712764491
03356,2013,48,47700,73.08440712764491
03356,2014,48,47700,73.08440712764491
03356,2015,56,72585,111.21240443102947
03356,2016,76,129325,198.14760905204776
03356,2017,78,135425,207.49383302434617
03356,2018,79,135435,207.50915470298926
03356,2019,79,135435,207.50915470298926
03356,2020,79,135435,207.50915470298926
03356,2021,79,135435,207.50915470298926
03356,2022,79,135435,207.50915470298926
03356,2023,80,135440,207.51681554231084
03357,1960,0,0,0
03357,1961,0,0,0
03357,1962,0,0,0
03357,1963,0,0,0
03357,1964,0,0,0
03357,1965,0,0,0
03357,1966,0,0,0
03357,1967,0,0,0
03357,1968,0,0,0
03357,1969,0,0,0
03357,1970,0,0,0
03357,1971,0,0,0
03357,1972,0,0,0
03357,1973,0,0,0
03357,1974,0,0,0
03357,1975,0,0,0
03357,1976,0,0,0
03357,1977,0,0,0
03357,1978,0,0,0
03357,1979,0,0,0
03357,1980,0,0,0
03357,1981,0,0,0
03357,1982,0,0,0
03357,1983,0,0,0
03357,1984,0,0,0
03357,1985,0,0,0
03357,1986,0,0,0
03357,1987,0,0,0
03357,1988,0,0,0
03357,1989,0,0,0
03357,1990,2,300,0.14459573442583443
03357,1991,2,300,0.14459573442583443
03357,1992,2,300,0.14459573442583443
03357,1993,2,300,0.14459573442583443
03357,1994,4,600,0.28919146885166885
03357,1995,5,710,0.34220990480780816
03357,1996,7,1910,0.9205928425111459
03357,1997,10,3410,1.643571514640318
03357,1998,10,3410,1.643571514640318
03357,1999,10,3410,1.643571514640318
03357,2000,12,4510,2.173755874201711
03357,2001,15,8260,3.9812025545246414
03357,2002,33,25060,12.078563682371371
03357,2003,48,48460,23.357030967586457
03357,2004,70,82260,39.6481503795638
03357,2005,74,87360,42.10627786480299
03357,2006,77,90060,43.407639474635495
03357,2007,93,116060,55.93926979154115
03357,2008,101,134460,64.807808169659
03357,2009,141,203060,97.87203277503313
03357,2010,143,204660,98.64321002530426
03357,2011,145,206260,99.41438727557536
03357,2012,162,238610,115.00662730449451
03357,2013,166,241810,116.54898180503675
03357,2014,168,243410,117.32015905530787
03357,2015,176,259110,124.8873358235932
03357,2016,180,266166,128.28822749728883
03357,2017,186,277255.6,133.63325701891793
03357,2018,193,298255.6,143.75495842872635
03357,2019,194,301305.6,145.22501506205566
03357,2020,195,302105.6,145.61060368719123
03357,2021,195,302105.6,145.61060368719123
03357,2022,224,459805.6,221.61976141703818
03357,2023,241,546505.6,263.40792866610434
03358,1960,0,0,0
03358,1961,0,0,0
03358,1962,0,0,0
03358,1963,0,0,0
03358,1964,0,0,0
03358,1965,0,0,0
03358,1966,0,0,0
03358,1967,0,0,0
03358,1968,0,0,0
03358,1969,0,0,0
03358,1970,0,0,0
03358,1971,0,0,0
03358,1972,0,0,0
03358,1973,0,0,0
03358,1974,0,0,0
03358,1975,0,0,0
03358,1976,0,0,0
03358,1977,0,0,0
03358,1978,0,0,0
03358,1979,0,0,0
03358,1980,0,0,0
03358,1981,0,0,0
03358,1982,0,0,0
03358,1983,0,0,0
03358,1984,0,0,0
03358,1985,0,0,0
03358,1986,0,0,0
03358,1987,0,0,0
03358,1988,0,0,0
03358,1989,0,0,0
03358,1990,0,0,0
03358,1991,0,0,0
03358,1992,0,0,0
03358,1993,0,0,0
03358,1994,0,0,0
03358,1995,0,0,0
03358,1996,0,0,0
03358,1997,0,0,0
03358,1998,0,0,0
03358,1999,0,0,0
03358,2000,1,600,0.31890127879412794
03358,2001,13,20600,10.94894390526506
03358,2002,24,39600,21.047484400412444
03358,2003,30,50100,26.628256779309684
03358,2004,30,50100,26.628256779309684
03358,2005,49,76100,40.4473121937219
03358,2006,54,83000,44.114676899854366
03358,2007,56,84600,44.965080309972045
03358,2008,56,84600,44.965080309972045
03358,2009,75,121400,64.52435874267856
03358,2010,76,123700,65.74681364472272
03358,2011,105,203475,108.14739617105865
03358,2012,120,235975,125.4212154390739
03358,2013,122,237575,126.27161884919158
03358,2014,140,275325,146.33582430665547
03358,2015,150,301350,160.16816727435076
03358,2016,150,301350,160.16816727435076
03358,2017,160,326550,173.56202098370414
03358,2018,160,326550,173.56202098370414
03358,2019,160,326550,173.56202098370414
03358,2020,160,326550,173.56202098370414
03358,2021,166,358350,190.46378875979292
03358,2022,166,358350,190.46378875979292
03358,2023,167,358350.6,190.4641076610717
03359,1960,0,0,0
03359,1961,0,0,0
03359,1962,0,0,0
03359,1963,0,0,0
03359,1964,0,0,0
03359,1965,0,0,0
03359,1966,0,0,0
03359,1967,0,0,0
03359,1968,0,0,0
03359,1969,0,0,0
03359,1970,0,0,0
03359,1971,0,0,0
03359,1972,0,0,0
03359,1973,0,0,0
03359,1974,0,0,0
03359,1975,0,0,0
03359,1976,0,0,0
03359,1977,0,0,0
03359,1978,0,0,0
03359,1979,0,0,0
03359,1980,0,0,0
03359,1981,0,0,0
03359,1982,0,0,0
03359,1983,0,0,0
03359,1984,0,0,0
03359,1985,0,0,0
03359,1986,0,0,0
03359,1987,0,0,0
03359,1988,0,0,0
03359,1989,0,0,0
03359,1990,0,0,0
03359,1991,0,0,0
03359,1992,1,225,0.17752879911630107
03359,1993,1,225,0.17752879911630107
03359,1994,1,225,0.17752879911630107
03359,1995,8,4425,3.491399715953921
03359,1996,15,8525,6.726368944295407
03359,1997,19,10825,8.541107779706484
03359,1998,20,11425,9.014517910683288
03359,1999,31,27525,21.71768975856083
03359,2000,46,40925,32.29051601704276
03359,2001,66,75925,59.906106990689594
03359,2002,70,83125,65.58702856241123
03359,2003,90,113725,89.73094524222817
03359,2004,102,135325,106.77370995739308
03359,2005,102,135325,106.77370995739308
03359,2006,102,135325,106.77370995739308
03359,2007,104,139325,109.92977749723843
03359,2008,104,139325,109.92977749723843
03359,2009,106,142125,112.13902477513018
03359,2010,108,146225,115.37399400347167
03359,2011,108,146225,115.37399400347167
03359,2012,117,166925,131.70664352217136
03359,2013,120,168425,132.89016884961336
03359,2014,125,179884.8,141.9321445478933
03359,2015,126,182184.8,143.74688338330438
03359,2016,146,241874.8,190.84330124664666
03359,2017,180,349974.8,276.1360265109673
03359,2018,182,352984.7,278.51088843301244
03359,2019,192,386184.7,304.7062490137289
03359,2020,197,404834.7,319.4214139182578
03359,2021,201,427234.7,337.0953921413918
03359,2022,207,449635.7,354.77015938141074
03359,2023,211,458165.2,361.5000789016885
03360,1960,0,0,0
03360,1961,0,0,0
03360,1962,0,0,0
03360,1963,0,0,0
03360,1964,0,0,0
03360,1965,0,0,0
03360,1966,0,0,0
03360,1967,0,0,0
03360,1968,0,0,0
03360,1969,0,0,0
03360,1970,0,0,0
03360,1971,0,0,0
03360,1972,0,0,0
03360,1973,0,0,0
03360,1974,0,0,0
03360,1975,0,0,0
03360,1976,0,0,0
03360,1977,0,0,0
03360,1978,0,0,0
03360,1979,0,0,0
03360,1980,0,0,0
03360,1981,0,0,0
03360,1982,0,0,0
03360,1983,0,0,0
03360,1984,0,0,0
03360,1985,0,0,0
03360,1986,0,0,0
03360,1987,0,0,0
03360,1988,0,0,0
03360,1989,0,0,0
03360,1990,0,0,0
03360,1991,0,0,0
03360,1992,0,0,0
03360,1993,0,0,0
03360,1994,0,0,0
03360,1995,0,0,0
03360,1996,0,0,0
03360,1997,0,0,0
03360,1998,1,500,0.34185462973725056
03360,1999,1,500,0.34185462973725056
03360,2000,1,500,0.34185462973725056
03360,2001,3,1700,1.162305741106652
03360,2002,19,23000,15.725312967913526
03360,2003,34,44100,30.1515783428255
03360,2004,36,48147,32.91854971591881
03360,2005,36,48147,32.91854971591881
03360,2006,55,77147,52.74611824067934
03360,2007,61,89147,60.95062935437335
03360,2008,62,90647,61.9761932435851
03360,2009,72,108247,74.00947621033632
03360,2010,79,119897,81.97468908321426
03360,2011,79,119897,81.97468908321426
03360,2012,79,119897,81.97468908321426
03360,2013,82,125159,85.57236720656908
03360,2014,86,134359,91.8624923937345
03360,2015,87,136559,93.36665276457839
03360,2016,88,138759,94.8708131354223
03360,2017,88,138759,94.8708131354223
03360,2018,95,158759,108.54499832491233
03360,2019,98,169559,115.92905832723693
03360,2020,100,177959,121.67221610682275
03360,2021,113,226809,155.07141343215213
03360,2022,120,265309,181.3942199219204
03360,2023,140,370810,253.52623050573976
03361,1960,0,0,0
03361,1961,0,0,0
03361,1962,0,0,0
03361,1963,0,0,0
03361,1964,0,0,0
03361,1965,0,0,0
03361,1966,0,0,0
03361,1967,0,0,0
03361,1968,0,0,0
03361,1969,0,0,0
03361,1970,0,0,0
03361,1971,0,0,0
03361,1972,0,0,0
03361,1973,0,0,0
03361,1974,0,0,0
03361,1975,0,0,0
03361,1976,0,0,0
03361,1977,0,0,0
03361,1978,0,0,0
03361,1979,0,0,0
03361,1980,0,0,0
03361,1981,0,0,0
03361,1982,0,0,0
03361,1983,0,0,0
03361,1984,0,0,0
03361,1985,0,0,0
03361,1986,0,0,0
03361,1987,0,0,0
03361,1988,0,0,0
03361,1989,0,0,0
03361,1990,0,0,0
03361,1991,0,0,0
03361,1992,0,0,0
03361,1993,0,0,0
03361,1994,0,0,0
03361,1995,0,0,0
03361,1996,1,270,0.34206225533047013
03361,1997,1,270,0.34206225533047013
03361,1998,2,570,0.7221314279198814
03361,1999,3,1870,2.369097842473997
03361,2000,5,4820,6.106444706269874
03361,2001,5,4820,6.106444706269874
03361,2002,8,9770,12.37758605399516
03361,2003,23,34320,43.47991334422865
03361,2004,29,42120,53.36171183155334
03361,2005,39,61120,77.43275942888272
03361,2006,48,74520,94.40918247120976
03361,2007,50,76120,96.43621805835328
03361,2008,54,84120,106.57139599407091
03361,2009,54,84120,106.57139599407091
03361,2010,54,84120,106.57139599407091
03361,2011,54,84120,106.57139599407091
03361,2012,59,95620,121.14071427666501
03361,2013,62,102520,129.88230524622148
03361,2014,63,104820,132.7961689027403
03361,2015,63,104820,132.7961689027403
03361,2016,64,104823.5,132.80060304308716
03361,2017,71,124723.5,158.0118581581848
03361,2018,75,136723.5,173.21462506176124
03361,2019,84,163133.5,206.67338122204907
03361,2020,88,178783.5,226.50032305879668
03361,2021,91,191383.5,242.46322830755196
03361,2022,92,196983.5,249.5578528625543
03361,2023,93,202583.5,256.65247741755667
03401,1960,0,0,0
03401,1961,0,0,0
03401,1962,0,0,0
03401,1963,0,0,0
03401,1964,0,0,0
03401,1965,0,0,0
03401,1966,0,0,0
03401,1967,0,0,0
03401,1968,0,0,0
03401,1969,0,0,0
03401,1970,0,0,0
03401,1971,0,0,0
03401,1972,0,0,0
03401,1973,0,0,0
03401,1974,0,0,0
03401,1975,0,0,0
03401,1976,0,0,0
03401,1977,0,0,0
03401,1978,0,0,0
03401,1979,0,0,0
03401,1980,0,0,0
03401,1981,0,0,0
03401,1982,0,0,0
03401,1983,0,0,0
03401,1984,0,0,0
03401,1985,0,0,0
03401,1986,0,0,0
03401,1987,0,0,0
03401,1988,0,0,0
03401,1989,0,0,0
03401,1990,0,0,0
03401,1991,0,0,0
03401,1992,0,0,0
03401,1993,0,0,0
03401,1994,2,1000,16.01281024819856
03401,1995,2,1000,16.01281024819856
03401,1996,2,1000,16.01281024819856
03401,1997,2,1000,16.01281024819856
03401,1998,2,1000,16.01281024819856
03401,1999,2,1000,16.01281024819856
03401,2000,3,2650,42.43394715772618
03401,2001,3,2650,42.43394715772618
03401,2002,3,2650,42.43394715772618
03401,2003,3,2650,42.43394715772618
03401,2004,3,2650,42.43394715772618
03401,2005,3,2650,42.43394715772618
03401,2006,5,5650,90.47237790232185
03401,2007,5,5650,90.47237790232185
03401,2008,5,5650,90.47237790232185
03401,2009,5,5650,90.47237790232185
03401,2010,5,5650,90.47237790232185
03401,2011,5,5650,90.47237790232185
03401,2012,5,5650,90.47237790232185
03401,2013,5,5650,90.47237790232185
03401,2014,5,5650,90.47237790232185
03401,2015,5,5650,90.47237790232185
03401,2016,5,5650,90.47237790232185
03401,2017,5,5650,90.47237790232185
03401,2018,5,5650,90.47237790232185
03401,2019,5,5650,90.47237790232185
03401,2020,5,5650,90.47237790232185
03401,2021,8,17850,285.82866293034425
03401,2022,8,17850,285.82866293034425
03401,2023,8,17850,285.82866293034425
03402,1960,0,0,0
03402,1961,0,0,0
03402,1962,0,0,0
03402,1963,0,0,0
03402,1964,0,0,0
03402,1965,0,0,0
03402,1966,0,0,0
03402,1967,0,0,0
03402,1968,0,0,0
03402,1969,0,0,0
03402,1970,0,0,0
03402,1971,0,0,0
03402,1972,0,0,0
03402,1973,0,0,0
03402,1974,0,0,0
03402,1975,0,0,0
03402,1976,0,0,0
03402,1977,0,0,0
03402,1978,0,0,0
03402,1979,0,0,0
03402,1980,0,0,0
03402,1981,0,0,0
03402,1982,0,0,0
03402,1983,0,0,0
03402,1984,0,0,0
03402,1985,0,0,0
03402,1986,0,0,0
03402,1987,0,0,0
03402,1988,0,0,0
03402,1989,0,0,0
03402,1990,0,0,0
03402,1991,0,0,0
03402,1992,0,0,0
03402,1993,2,1000,8.901548869503292
03402,1994,5,2600,23.144027060708563
03402,1995,9,4610,41.03614028841018
03402,1996,11,5720,50.916859533558835
03402,1997,13,8720,77.62150614206871
03402,1998,13,8720,77.62150614206871
03402,1999,15,11720,104.3261527505786
03402,2000,37,43880,390.5999643938045
03402,2001,44,54380,484.0662275235891
03402,2002,52,66680,593.5552786184796
03402,2003,52,66680,593.5552786184796
03402,2004,55,83180,740.4308349652839
03402,2005,59,101180,900.6587146163432
03402,2006,61,107180,954.068007833363
03402,2007,64,122260,1088.3033647854727
03402,2008,67,135760,1208.474274523767
03402,2009,68,143260,1275.2358910450419
03402,2010,68,143260,1275.2358910450419
03402,2011,68,143260,1275.2358910450419
03402,2012,68,143260,1275.2358910450419
03402,2013,68,143260,1275.2358910450419
03402,2014,74,161310,1435.9088481395763
03402,2015,76,167310,1489.318141356596
03402,2016,76,167310,1489.318141356596
03402,2017,82,185110,1647.7657112337547
03402,2018,84,193510,1722.5387217375824
03402,2019,84,193510,1722.5387217375824
03402,2020,84,193510,1722.5387217375824
03402,2021,84,193510,1722.5387217375824
03402,2022,84,193510,1722.5387217375824
03402,2023,84,193510,1722.5387217375824
03403,1960,0,0,0
03403,1961,0,0,0
03403,1962,0,0,0
03403,1963,0,0,0
03403,1964,0,0,0
03403,1965,0,0,0
03403,1966,0,0,0
03403,1967,0,0,0
03403,1968,0,0,0
03403,1969,0,0,0
03403,1970,0,0,0
03403,1971,0,0,0
03403,1972,0,0,0
03403,1973,0,0,0
03403,1974,0,0,0
03403,1975,0,0,0
03403,1976,0,0,0
03403,1977,0,0,0
03403,1978,0,0,0
03403,1979,0,0,0
03403,1980,0,0,0
03403,1981,0,0,0
03403,1982,0,0,0
03403,1983,0,0,0
03403,1984,0,0,0
03403,1985,0,0,0
03403,1986,0,0,0
03403,1987,0,0,0
03403,1988,0,0,0
03403,1989,0,0,0
03403,1990,0,0,0
03403,1991,0,0,0
03403,1992,0,0,0
03403,1993,0,0,0
03403,1994,0,0,0
03403,1995,0,0,0
03403,1996,0,0,0
03403,1997,0,0,0
03403,1998,0,0,0
03403,1999,0,0,0
03403,2000,0,0,0
03403,2001,4,3600,34.92094286545736
03403,2002,4,3600,34.92094286545736
03403,2003,4,3600,34.92094286545736
03403,2004,4,3600,34.92094286545736
03403,2005,4,3600,34.92094286545736
03403,2006,4,3600,34.92094286545736
03403,2007,4,3600,34.92094286545736
03403,2008,4,3600,34.92094286545736
03403,2009,4,3600,34.92094286545736
03403,2010,4,3600,34.92094286545736
03403,2011,4,3600,34.92094286545736
03403,2012,4,3600,34.92094286545736
03403,2013,4,3600,34.92094286545736
03403,2014,8,15800,153.26413813172954
03403,2015,8,15800,153.26413813172954
03403,2016,8,15800,153.26413813172954
03403,2017,8,15800,153.26413813172954
03403,2018,8,15800,153.26413813172954
03403,2019,8,15800,153.26413813172954
03403,2020,8,15800,153.26413813172954
03403,2021,8,15800,153.26413813172954
03403,2022,8,15800,153.26413813172954
03403,2023,8,15800,153.26413813172954
03404,1960,0,0,0
03404,1961,0,0,0
03404,1962,0,0,0
03404,1963,0,0,0
03404,1964,0,0,0
03404,1965,0,0,0
03404,1966,0,0,0
03404,1967,0,0,0
03404,1968,0,0,0
03404,1969,0,0,0
03404,1970,0,0,0
03404,1971,0,0,0
03404,1972,0,0,0
03404,1973,0,0,0
03404,1974,0,0,0
03404,1975,0,0,0
03404,1976,0,0,0
03404,1977,0,0,0
03404,1978,0,0,0
03404,1979,0,0,0
03404,1980,0,0,0
03404,1981,0,0,0
03404,1982,0,0,0
03404,1983,0,0,0
03404,1984,0,0,0
03404,1985,0,0,0
03404,1986,0,0,0
03404,1987,0,0,0
03404,1988,0,0,0
03404,1989,0,0,0
03404,1990,0,0,0
03404,1991,0,0,0
03404,1992,0,0,0
03404,1993,1,150,1.2520868113522539
03404,1994,1,150,1.2520868113522539
03404,1995,1,150,1.2520868113522539
03404,1996,1,150,1.2520868113522539
03404,1997,1,150,1.2520868113522539
03404,1998,2,750,6.260434056761269
03404,1999,2,750,6.260434056761269
03404,2000,2,750,6.260434056761269
03404,2001,2,750,6.260434056761269
03404,2002,2,750,6.260434056761269
03404,2003,2,750,6.260434056761269
03404,2004,2,750,6.260434056761269
03404,2005,2,750,6.260434056761269
03404,2006,2,750,6.260434056761269
03404,2007,2,750,6.260434056761269
03404,2008,2,750,6.260434056761269
03404,2009,2,750,6.260434056761269
03404,2010,5,6750,56.34390651085142
03404,2011,5,6750,56.34390651085142
03404,2012,5,6750,56.34390651085142
03404,2013,5,6750,56.34390651085142
03404,2014,5,6750,56.34390651085142
03404,2015,5,6750,56.34390651085142
03404,2016,5,6750,56.34390651085142
03404,2017,5,6750,56.34390651085142
03404,2018,5,6750,56.34390651085142
03404,2019,5,6750,56.34390651085142
03404,2020,5,6750,56.34390651085142
03404,2021,5,6750,56.34390651085142
03404,2022,6,10200,85.14190317195326
03404,2023,6,10200,85.14190317195326
03405,1960,0,0,0
03405,1961,0,0,0
03405,1962,0,0,0
03405,1963,0,0,0
03405,1964,0,0,0
03405,1965,0,0,0
03405,1966,0,0,0
03405,1967,0,0,0
03405,1968,0,0,0
03405,1969,0,0,0
03405,1970,0,0,0
03405,1971,0,0,0
03405,1972,0,0,0
03405,1973,0,0,0
03405,1974,0,0,0
03405,1975,0,0,0
03405,1976,0,0,0
03405,1977,0,0,0
03405,1978,0,0,0
03405,1979,0,0,0
03405,1980,0,0,0
03405,1981,0,0,0
03405,1982,0,0,0
03405,1983,0,0,0
03405,1984,0,0,0
03405,1985,0,0,0
03405,1986,0,0,0
03405,1987,0,0,0
03405,1988,0,0,0
03405,1989,0,0,0
03405,1990,0,0,0
03405,1991,0,0,0
03405,1992,0,0,0
03405,1993,0,0,0
03405,1994,0,0,0
03405,1995,7,3900,36.41116609093455
03405,1996,7,3900,36.41116609093455
03405,1997,7,3900,36.41116609093455
03405,1998,13,6900,64.41975539165344
03405,1999,13,6900,64.41975539165344
03405,2000,14,9400,87.76024647558584
03405,2001,14,9400,87.76024647558584
03405,2002,18,17400,162.44981794416955
03405,2003,18,17400,162.44981794416955
03405,2004,18,17400,162.44981794416955
03405,2005,20,22400,209.13080011203436
03405,2006,20,22400,209.13080011203436
03405,2007,21,24700,230.60405190925218
03405,2008,24,31800,296.8910465876202
03405,2009,25,34100,318.36429838483804
03405,2010,25,34100,318.36429838483804
03405,2011,25,34100,318.36429838483804
03405,2012,26,36400,339.83755018205585
03405,2013,26,36400,339.83755018205585
03405,2014,31,57900,540.5657735038745
03405,2015,32,61400,573.2424610213799
03405,2016,35,64759.6,604.6083465596116
03405,2017,42,87859.6,820.2744841751471
03405,2018,43,91059.6,850.1503127625806
03405,2019,43,91059.6,850.1503127625806
03405,2020,44,93359.6,871.6235645597984
03405,2021,46,101359.6,946.3131360283821
03405,2022,46,101359.6,946.3131360283821
03405,2023,46,101359.6,946.3131360283821
03451,1960,0,0,0
03451,1961,0,0,0
03451,1962,0,0,0
03451,1963,0,0,0
03451,1964,0,0,0
03451,1965,0,0,0
03451,1966,0,0,0
03451,1967,0,0,0
03451,1968,0,0,0
03451,1969,0,0,0
03451,1970,0,0,0
03451,1971,0,0,0
03451,1972,0,0,0
03451,1973,0,0,0
03451,1974,0,0,0
03451,1975,0,0,0
03451,1976,0,0,0
03451,1977,0,0,0
03451,1978,0,0,0
03451,1979,0,0,0
03451,1980,0,0,0
03451,1981,0,0,0
03451,1982,0,0,0
03451,1983,0,0,0
03451,1984,0,0,0
03451,1985,0,0,0
03451,1986,0,0,0
03451,1987,0,0,0
03451,1988,0,0,0
03451,1989,0,0,0
03451,1990,0,0,0
03451,1991,0,0,0
03451,1992,0,0,0
03451,1993,0,0,0
03451,1994,0,0,0
03451,1995,3,1500,2.0529665366454526
03451,1996,4,1680,2.299322521042907
03451,1997,4,1680,2.299322521042907
03451,1998,7,3180,4.35228905768836
03451,1999,8,4480,6.131526722781086
03451,2000,11,6280,8.59508656675563
03451,2001,29,29780,40.75822897420105
03451,2002,41,45680,62.51967426264285
03451,2003,46,54680,74.83747348251558
03451,2004,48,58280,79.76459317046466
03451,2005,48,58280,79.76459317046466
03451,2006,48,58280,79.76459317046466
03451,2007,48,58280,79.76459317046466
03451,2008,48,58280,79.76459317046466
03451,2009,48,58280,79.76459317046466
03451,2010,50,62880,86.06035721617738
03451,2011,51,65180,89.20823923903374
03451,2012,52,68550,93.82057072469719
03451,2013,55,78660,107.65756518168754
03451,2014,56,80960,110.8054472045439
03451,2015,56,80960,110.8054472045439
03451,2016,56,80960,110.8054472045439
03451,2017,57,84330,115.41777869020736
03451,2018,58,88530,121.16608499281462
03451,2019,58,88530,121.16608499281462
03451,2020,58,88530,121.16608499281462
03451,2021,58,88530,121.16608499281462
03451,2022,59,88545,121.18661465818107
03451,2023,59,88545,121.18661465818107
03452,1960,0,0,0
03452,1961,0,0,0
03452,1962,0,0,0
03452,1963,0,0,0
03452,1964,0,0,0
03452,1965,0,0,0
03452,1966,0,0,0
03452,1967,0,0,0
03452,1968,0,0,0
03452,1969,0,0,0
03452,1970,0,0,0
03452,1971,0,0,0
03452,1972,0,0,0
03452,1973,0,0,0
03452,1974,0,0,0
03452,1975,0,0,0
03452,1976,0,0,0
03452,1977,0,0,0
03452,1978,0,0,0
03452,1979,0,0,0
03452,1980,0,0,0
03452,1981,0,0,0
03452,1982,0,0,0
03452,1983,0,0,0
03452,1984,0,0,0
03452,1985,0,0,0
03452,1986,0,0,0
03452,1987,0,0,0
03452,1988,0,0,0
03452,1989,0,0,0
03452,1990,1,80,0.06214267959234403
03452,1991,10,1760,1.3671389510315686
03452,1992,31,6895,5.3559221973651505
03452,1993,44,11405,8.859215759383545
03452,1994,84,29035.5,22.55429716629381
03452,1995,108,40560.5,31.506726945065875
03452,1996,120,45860.5,35.62367946805867
03452,1997,133,51660.5,40.129023738503605
03452,1998,133,51660.5,40.129023738503605
03452,1999,139,60160.5,46.73168344519016
03452,2000,195,119460.5,92.79494469301517
03452,2001,213,139690.5,108.50927479492917
03452,2002,258,213890.5,166.14661011682824
03452,2003,287,266890.5,207.31613534675617
03452,2004,306,303090.5,235.43569786229185
03452,2005,315,321440.5,249.68967499378576
03452,2006,335,361440.5,280.76101478995776
03452,2007,363,409240.5,317.8912658463833
03452,2008,380,425950.5,330.8713180462342
03452,2009,413,505050.5,392.31489249316434
03452,2010,429,546730.5,424.6912285607756
03452,2011,451,596730.5,463.5304033059906
03452,2012,456,606130.5,470.832168158091
03452,2013,481,662730.5,514.7981139696744
03452,2014,515,748030.5,581.0577460850112
03452,2015,528,786930.5,611.2746240367885
03452,2016,563,868140.3,674.3570563012678
03452,2017,622,1016690.3,789.7482444693017
03452,2018,629,1041790.3,809.2455101913996
03452,2019,629,1041790.3,809.2455101913996
03452,2020,629,1041790.3,809.2455101913996
03452,2021,632,1048690.3,814.6053163062393
03452,2022,632,1048690.3,814.6053163062393
03452,2023,637,1060749.9,823.973014541387
03453,1960,0,0,0
03453,1961,0,0,0
03453,1962,0,0,0
03453,1963,0,0,0
03453,1964,0,0,0
03453,1965,0,0,0
03453,1966,0,0,0
03453,1967,0,0,0
03453,1968,0,0,0
03453,1969,0,0,0
03453,1970,0,0,0
03453,1971,0,0,0
03453,1972,0,0,0
03453,1973,0,0,0
03453,1974,0,0,0
03453,1975,0,0,0
03453,1976,0,0,0
03453,1977,0,0,0
03453,1978,0,0,0
03453,1979,0,0,0
03453,1980,0,0,0
03453,1981,0,0,0
03453,1982,0,0,0
03453,1983,0,0,0
03453,1984,0,0,0
03453,1985,0,0,0
03453,1986,0,0,0
03453,1987,0,0,0
03453,1988,0,0,0
03453,1989,0,0,0
03453,1990,0,0,0
03453,1991,0,0,0
03453,1992,2,160,0.11264829091421129
03453,1993,5,470,0.33090435456049566
03453,1994,14,2310,1.6263597000739256
03453,1995,31,9935,6.994754813954308
03453,1996,44,16115,11.345795050515719
03453,1997,54,21815,15.358890414334496
03453,1998,58,24815,17.471045868975956
03453,1999,58,24815,17.471045868975956
03453,2000,85,61535,43.32382863378745
03453,2001,102,85535,60.221072270919144
03453,2002,123,116885,82.29309677192242
03453,2003,128,124885,87.92551131763298
03453,2004,133,133215,93.79026296335411
03453,2005,140,147215,103.6469884183476
03453,2006,141,147545,103.87932551835816
03453,2007,150,167045,117.60833597352766
03453,2008,159,187745,132.18220861055374
03453,2009,166,202045,142.25014961101138
03453,2010,173,216045,152.10687506600487
03453,2011,183,239045,168.30006688492273
03453,2012,187,249745,175.83342133981063
03453,2013,211,320895,225.92670820572397
03453,2014,231,381845,268.8386665258563
03453,2015,235,393895,277.32249093533284
03453,2016,236,396895,279.4346463899743
03453,2017,259,461401.5,324.85056500158413
03453,2018,264,474331.3,333.95381420072516
03453,2019,269,490531.3,345.3594536557891
03453,2020,269,490531.3,345.3594536557891
03453,2021,269,490531.3,345.3594536557891
03453,2022,269,490531.3,345.3594536557891
03453,2023,269,490531.3,345.3594536557891
03454,1960,0,0,0
03454,1961,0,0,0
03454,1962,0,0,0
03454,1963,0,0,0
03454,1964,0,0,0
03454,1965,0,0,0
03454,1966,0,0,0
03454,1967,0,0,0
03454,1968,0,0,0
03454,1969,0,0,0
03454,1970,0,0,0
03454,1971,0,0,0
03454,1972,0,0,0
03454,1973,0,0,0
03454,1974,0,0,0
03454,1975,0,0,0
03454,1976,0,0,0
03454,1977,0,0,0
03454,1978,0,0,0
03454,1979,0,0,0
03454,1980,0,0,0
03454,1981,0,0,0
03454,1982,0,0,0
03454,1983,0,0,0
03454,1984,0,0,0
03454,1985,0,0,0
03454,1986,0,0,0
03454,1987,0,0,0
03454,1988,0,0,0
03454,1989,0,0,0
03454,1990,0,0,0
03454,1991,2,160,0.05548504331301194
03454,1992,4,320,0.11097008662602388
03454,1993,14,1640,0.5687216939583724
03454,1994,22,3710,1.2865594418204644
03454,1995,49,17069,5.919213776936255
03454,1996,64,24669,8.554753334304323
03454,1997,70,27869,9.664454200564562
03454,1998,75,31669,10.982223979248595
03454,1999,85,43369,15.039567771512592
03454,2000,105,74929,25.983992565004197
03454,2001,137,128929,44.71019468314573
03454,2002,158,161329,55.945915954030646
03454,2003,180,197329,68.43005069945833
03454,2004,227,281929,97.7677673512134
03454,2005,236,298529,103.52434059493838
03454,2006,236,298529,103.52434059493838
03454,2007,244,314529,109.07284492623958
03454,2008,251,329429,114.23988958476382
03454,2009,253,333429,115.6270156675891
03454,2010,273,374138.8,129.74442201923944
03454,2011,317,477344.3,165.53418225449602
03454,2012,324,496444.3,172.15770929998683
03454,2013,326,501094.3,173.77024337127125
03454,2014,331,516094.3,178.9719661818661
03454,2015,335,524504.2,181.8883640928542
03454,2016,363,605114.2,209.84242247699103
03454,2017,415,777764.2,269.71425202693797
03454,2018,476,1017514.2,352.8551216162793
03454,2019,478,1024714.2,355.35194856536486
03454,2020,484,1045744.2,362.64476394581885
03454,2021,500,1112944.2,385.94848213728386
03454,2022,500,1112944.2,385.94848213728386
03454,2023,505,1135044.2,393.61235374489365
03455,1960,0,0,0
03455,1961,0,0,0
03455,1962,0,0,0
03455,1963,0,0,0
03455,1964,0,0,0
03455,1965,0,0,0
03455,1966,0,0,0
03455,1967,0,0,0
03455,1968,0,0,0
03455,1969,0,0,0
03455,1970,0,0,0
03455,1971,0,0,0
03455,1972,0,0,0
03455,1973,0,0,0
03455,1974,0,0,0
03455,1975,0,0,0
03455,1976,0,0,0
03455,1977,0,0,0
03455,1978,0,0,0
03455,1979,0,0,0
03455,1980,0,0,0
03455,1981,0,0,0
03455,1982,0,0,0
03455,1983,0,0,0
03455,1984,0,0,0
03455,1985,0,0,0
03455,1986,0,0,0
03455,1987,0,0,0
03455,1988,0,0,0
03455,1989,0,0,0
03455,1990,1,75,0.12304360665419825
03455,1991,2,375,0.6152180332709912
03455,1992,6,1700,2.7889884174951605
03455,1993,21,7630,12.517636250287103
03455,1994,29,11930,19.572136365127804
03455,1995,46,20755,34.050267414771795
03455,1996,48,21955,36.01896512123897
03455,1997,48,21955,36.01896512123897
03455,1998,48,21955,36.01896512123897
03455,1999,54,25555,41.92505824064049
03455,2000,60,34855,57.18246546576107
03455,2001,69,48055,78.83814023689996
03455,2002,71,51655,84.74423335630148
03455,2003,75,54955,90.1581520490862
03455,2004,75,54955,90.1581520490862
03455,2005,91,87255,143.14893198149426
03455,2006,95,95255,156.27358335794207
03455,2007,95,95255,156.27358335794207
03455,2008,96,96055,157.58604849558685
03455,2009,98,100355,164.64054861042754
03455,2010,102,107975,177.1417790464941
03455,2011,109,122784.8,201.4384617908587
03455,2012,118,146484.8,240.32024149358531
03455,2013,125,167034.8,274.03418971683567
03455,2014,140,210124.8,344.7268431932277
03455,2015,160,271874.8,446.03274600518426
03455,2016,167,292044.8,479.12327328805327
03455,2017,172,308344.8,505.8647504675657
03455,2018,183,333154.8,546.5675755487745
03455,2019,186,333204.6,546.6492765035929
03455,2020,192,333282.9,546.7777340289399
03455,2021,193,333295.4,546.7982412967157
03455,2022,193,333295.4,546.7982412967157
03455,2023,194,333302.9,546.810545657381
03456,1960,0,0,0
03456,1961,0,0,0
03456,1962,0,0,0
03456,1963,0,0,0
03456,1964,0,0,0
03456,1965,0,0,0
03456,1966,0,0,0
03456,1967,0,0,0
03456,1968,0,0,0
03456,1969,0,0,0
03456,1970,0,0,0
03456,1971,0,0,0
03456,1972,0,0,0
03456,1973,0,0,0
03456,1974,0,0,0
03456,1975,0,0,0
03456,1976,0,0,0
03456,1977,0,0,0
03456,1978,0,0,0
03456,1979,0,0,0
03456,1980,0,0,0
03456,1981,0,0,0
03456,1982,0,0,0
03456,1983,0,0,0
03456,1984,0,0,0
03456,1985,0,0,0
03456,1986,0,0,0
03456,1987,0,0,0
03456,1988,0,0,0
03456,1989,0,0,0
03456,1990,0,0,0
03456,1991,0,0,0
03456,1992,0,0,0
03456,1993,0,0,0
03456,1994,1,80,0.081483820368918
03456,1995,1,80,0.081483820368918
03456,1996,2,680,0.692612473135803
03456,1997,2,680,0.692612473135803
03456,1998,2,680,0.692612473135803
03456,1999,2,680,0.692612473135803
03456,2000,2,680,0.692612473135803
03456,2001,29,45180,46.01798755334644
03456,2002,43,70380,71.68539096955561
03456,2003,47,78380,79.83377300644742
03456,2004,47,78380,79.83377300644742
03456,2005,47,78380,79.83377300644742
03456,2006,49,82380,83.9079640248933
03456,2007,50,84380,85.94505953411625
03456,2008,50,84380,85.94505953411625
03456,2009,50,84380,85.94505953411625
03456,2010,50,84380,85.94505953411625
03456,2011,55,95880,97.65835871214823
03456,2012,59,104080,106.01045029996232
03456,2013,62,113590,115.69683944631744
03456,2014,67,127340,129.70187107222523
03456,2015,71,138690,141.26238808706546
03456,2016,71,138690,141.26238808706546
03456,2017,77,158590,161.53148840383383
03456,2018,88,191590,195.1435643060125
03456,2019,88,191590,195.1435643060125
03456,2020,89,194590,198.19920756984692
03456,2021,90,194619.8,198.22956029293434
03456,2022,90,194619.8,198.22956029293434
03456,2023,90,194619.8,198.22956029293434
03457,1960,0,0,0
03457,1961,0,0,0
03457,1962,0,0,0
03457,1963,0,0,0
03457,1964,0,0,0
03457,1965,0,0,0
03457,1966,0,0,0
03457,1967,0,0,0
03457,1968,0,0,0
03457,1969,0,0,0
03457,1970,0,0,0
03457,1971,0,0,0
03457,1972,0,0,0
03457,1973,0,0,0
03457,1974,0,0,0
03457,1975,0,0,0
03457,1976,0,0,0
03457,1977,0,0,0
03457,1978,0,0,0
03457,1979,0,0,0
03457,1980,0,0,0
03457,1981,0,0,0
03457,1982,0,0,0
03457,1983,0,0,0
03457,1984,0,0,0
03457,1985,0,0,0
03457,1986,0,0,0
03457,1987,0,0,0
03457,1988,0,0,0
03457,1989,0,0,0
03457,1990,1,80,0.07368450138618968
03457,1991,1,80,0.07368450138618968
03457,1992,1,80,0.07368450138618968
03457,1993,1,80,0.07368450138618968
03457,1994,1,80,0.07368450138618968
03457,1995,3,1080,0.9947407687135607
03457,1996,4,1305,1.201978428862219
03457,1997,4,1305,1.201978428862219
03457,1998,11,11805,10.873069235799615
03457,1999,30,37305,34.360004052647575
03457,2000,30,37305,34.360004052647575
03457,2001,34,44505,40.99160917740465
03457,2002,40,55005,50.66269998434204
03457,2003,49,71405,65.76802276851093
03457,2004,50,73405,67.61013530316566
03457,2005,51,73415,67.61934586583894
03457,2006,60,94115,86.68521059951553
03457,2007,60,94115,86.68521059951553
03457,2008,61,94215,86.77731622624826
03457,2009,61,94215,86.77731622624826
03457,2010,61,94215,86.77731622624826
03457,2011,61,94215,86.77731622624826
03457,2012,69,109494.4,100.85050335725009
03457,2013,76,125594.4,115.67950926122076
03457,2014,76,125594.4,115.67950926122076
03457,2015,77,128644.4,118.48873087656924
03457,2016,94,175744.2,161.87029685643498
03457,2017,105,199504.2,183.7545937681333
03457,2018,111,222854.2,205.2612576102274
03457,2019,111,222854.2,205.2612576102274
03457,2020,111,222854.2,205.2612576102274
03457,2021,111,222854.2,205.2612576102274
03457,2022,114,229434,211.32162363798804
03457,2023,114,229434,211.32162363798804
03458,1960,0,0,0
03458,1961,0,0,0
03458,1962,0,0,0
03458,1963,0,0,0
03458,1964,0,0,0
03458,1965,0,0,0
03458,1966,0,0,0
03458,1967,0,0,0
03458,1968,0,0,0
03458,1969,0,0,0
03458,1970,0,0,0
03458,1971,0,0,0
03458,1972,0,0,0
03458,1973,0,0,0
03458,1974,0,0,0
03458,1975,0,0,0
03458,1976,0,0,0
03458,1977,0,0,0
03458,1978,0,0,0
03458,1979,0,0,0
03458,1980,0,0,0
03458,1981,0,0,0
03458,1982,0,0,0
03458,1983,0,0,0
03458,1984,0,0,0
03458,1985,0,0,0
03458,1986,0,0,0
03458,1987,0,0,0
03458,1988,0,0,0
03458,1989,0,0,0
03458,1990,0,0,0
03458,1991,0,0,0
03458,1992,0,0,0
03458,1993,0,0,0
03458,1994,1,150,0.1408662334247399
03458,1995,1,150,0.1408662334247399
03458,1996,1,150,0.1408662334247399
03458,1997,1,150,0.1408662334247399
03458,1998,2,1650,1.5495285676721386
03458,1999,4,4650,4.3668532361669365
03458,2000,12,18300,17.185680477818266
03458,2001,16,25900,24.32290297133842
03458,2002,28,47500,44.60764058450096
03458,2003,28,47500,44.60764058450096
03458,2004,38,64950,60.99507907291237
03458,2005,44,76950,72.26437774689155
03458,2006,50,88950,83.53367642087075
03458,2007,51,91250,85.69362533338342
03458,2008,51,91250,85.69362533338342
03458,2009,52,93250,87.57184177904662
03458,2010,53,95250,89.45005822470982
03458,2011,56,101850,95.64817249539837
03458,2012,61,113350,106.44791705796177
03458,2013,63,117350,110.20434994928816
03458,2014,64,118150,110.95563652755344
03458,2015,65,120450,113.11558544006613
03458,2016,93,213450,200.45265016340485
03458,2017,96,223800,210.1724202697119
03458,2018,99,234150,219.89219037601896
03458,2019,100,237350,222.89733668908008
03458,2020,106,253950,238.48653318808462
03458,2021,106,253950,238.48653318808462
03458,2022,111,271200,254.68615003192969
03458,2023,120,319130,299.6976071522482
03459,1960,0,0,0
03459,1961,0,0,0
03459,1962,0,0,0
03459,1963,0,0,0
03459,1964,0,0,0
03459,1965,0,0,0
03459,1966,0,0,0
03459,1967,0,0,0
03459,1968,0,0,0
03459,1969,0,0,0
03459,1970,0,0,0
03459,1971,0,0,0
03459,1972,0,0,0
03459,1973,0,0,0
03459,1974,0,0,0
03459,1975,0,0,0
03459,1976,0,0,0
03459,1977,0,0,0
03459,1978,0,0,0
03459,1979,0,0,0
03459,1980,0,0,0
03459,1981,0,0,0
03459,1982,0,0,0
03459,1983,0,0,0
03459,1984,0,0,0
03459,1985,0,0,0
03459,1986,0,0,0
03459,1987,0,0,0
03459,1988,0,0,0
03459,1989,0,0,0
03459,1990,1,50,0.02356500878974828
03459,1991,1,50,0.02356500878974828
03459,1992,2,130,0.061269022853345526
03459,1993,7,670,0.31577111778262695
03459,1994,10,930,0.438309163489318
03459,1995,11,1180,0.5561342074380594
03459,1996,13,1929,0.9091380391084886
03459,1997,15,2679,1.2626131709547128
03459,1998,15,2679,1.2626131709547128
03459,1999,15,2679,1.2626131709547128
03459,2000,15,2679,1.2626131709547128
03459,2001,19,8679,4.090414225724507
03459,2002,39,37779,17.805249341358003
03459,2003,56,65179,30.71887415814006
03459,2004,70,95479,44.99926948472752
03459,2005,88,133279,62.814416129777214
03459,2006,103,159089,74.97867366704529
03459,2007,115,186689,87.98655851898633
03459,2008,115,186689,87.98655851898633
03459,2009,115,186689,87.98655851898633
03459,2010,115,186689,87.98655851898633
03459,2011,115,186689,87.98655851898633
03459,2012,119,190714,89.88354172656106
03459,2013,120,190744,89.89768073183491
03459,2014,128,211744,99.79498442352919
03459,2015,133,223754,105.45529953482672
03459,2016,166,323144,152.29782400708837
03459,2017,179,369144,173.97763209365678
03459,2018,194,425144,200.37044193817485
03459,2019,196,433544,204.32936341485257
03459,2020,200,448064,211.17264196739546
03459,2021,205,468064,220.59864548329477
03459,2022,205,468064,220.59864548329477
03459,2023,212,497464,234.45487065166677
03460,1960,0,0,0
03460,1961,0,0,0
03460,1962,0,0,0
03460,1963,0,0,0
03460,1964,0,0,0
03460,1965,0,0,0
03460,1966,0,0,0
03460,1967,0,0,0
03460,1968,0,0,0
03460,1969,0,0,0
03460,1970,0,0,0
03460,1971,0,0,0
03460,1972,0,0,0
03460,1973,0,0,0
03460,1974,0,0,0
03460,1975,0,0,0
03460,1976,0,0,0
03460,1977,0,0,0
03460,1978,0,0,0
03460,1979,0,0,0
03460,1980,0,0,0
03460,1981,0,0,0
03460,1982,0,0,0
03460,1983,0,0,0
03460,1984,0,0,0
03460,1985,0,0,0
03460,1986,0,0,0
03460,1987,0,0,0
03460,1988,0,0,0
03460,1989,0,0,0
03460,1990,0,0,0
03460,1991,0,0,0
03460,1992,0,0,0
03460,1993,0,0,0
03460,1994,0,0,0
03460,1995,0,0,0
03460,1996,0,0,0
03460,1997,0,0,0
03460,1998,3,1500,1.842276562557571
03460,1999,3,1500,1.842276562557571
03460,2000,5,3500,4.298645312634332
03460,2001,14,16700,20.51067906314096
03460,2002,25,36900,45.320003438916245
03460,2003,39,62600,76.88434187740263
03460,2004,43,69200,84.99035875265595
03460,2005,43,69200,84.99035875265595
03460,2006,43,69200,84.99035875265595
03460,2007,43,69200,84.99035875265595
03460,2008,43,69200,84.99035875265595
03460,2009,43,69200,84.99035875265595
03460,2010,43,69200,84.99035875265595
03460,2011,43,69200,84.99035875265595
03460,2012,45,73800,90.64000687783249
03460,2013,46,76100,93.46483094042077
03460,2014,46,76100,93.46483094042077
03460,2015,46,76100,93.46483094042077
03460,2016,52,97700,119.99361344124979
03460,2017,69,154460,189.7053585684283
03460,2018,70,156760,192.53018263101657
03460,2019,70,156760,192.53018263101657
03460,2020,70,156760,192.53018263101657
03460,2021,70,156760,192.53018263101657
03460,2022,73,167110,205.2418909126638
03460,2023,73,167110,205.2418909126638
03461,1960,0,0,0
03461,1961,0,0,0
03461,1962,0,0,0
03461,1963,0,0,0
03461,1964,0,0,0
03461,1965,0,0,0
03461,1966,0,0,0
03461,1967,0,0,0
03461,1968,0,0,0
03461,1969,0,0,0
03461,1970,0,0,0
03461,1971,0,0,0
03461,1972,0,0,0
03461,1973,0,0,0
03461,1974,0,0,0
03461,1975,0,0,0
03461,1976,0,0,0
03461,1977,0,0,0
03461,1978,0,0,0
03461,1979,0,0,0
03461,1980,0,0,0
03461,1981,0,0,0
03461,1982,0,0,0
03461,1983,0,0,0
03461,1984,0,0,0
03461,1985,0,0,0
03461,1986,0,0,0
03461,1987,0,0,0
03461,1988,0,0,0
03461,1989,1,55,0.06668444918644972
03461,1990,2,130,0.1576177889861539
03461,1991,4,410,0.4971022575717161
03461,1992,5,560,0.6789689371711245
03461,1993,8,1085,1.3155023157690535
03461,1994,9,1235,1.497368995368462
03461,1995,12,2485,3.0129246586968645
03461,1996,13,2985,3.6191469240282257
03461,1997,13,2985,3.6191469240282257
03461,1998,13,2985,3.6191469240282257
03461,1999,13,2985,3.6191469240282257
03461,2000,26,26385,31.990348941535927
03461,2001,44,58235,70.60670724314363
03461,2002,55,77035,93.4006644196028
03461,2003,56,79035,95.82555348092825
03461,2004,61,83435,101.16030941584422
03461,2005,64,87035,105.52510972623003
03461,2006,71,102835,124.68173331070103
03461,2007,72,104835,127.10662237202648
03461,2008,74,108835,131.95640049467738
03461,2009,75,111135,134.74502291520164
03461,2010,76,111935,135.71497853973182
03461,2011,84,130335,158.0239579039259
03461,2012,93,151035,183.12155968864425
03461,2013,96,156435,189.66876015422295
03461,2014,100,168995,204.89706345934675
03461,2015,108,187395,227.20604282354083
03461,2016,115,207365,251.4185601008754
03461,2017,152,315805,382.896045005941
03461,2018,178,393822.5,477.4879361769199
03461,2019,183,407432.5,493.98930623923957
03461,2020,193,414127.5,502.1066223720265
03461,2021,197,414177.5,502.16724459855965
03461,2022,197,414177.5,502.16724459855965
03461,2023,198,418977.5,507.9869783457407
03462,1960,0,0,0
03462,1961,0,0,0
03462,1962,0,0,0
03462,1963,0,0,0
03462,1964,0,0,0
03462,1965,0,0,0
03462,1966,0,0,0
03462,1967,0,0,0
03462,1968,0,0,0
03462,1969,0,0,0
03462,1970,0,0,0
03462,1971,0,0,0
03462,1972,0,0,0
03462,1973,0,0,0
03462,1974,0,0,0
03462,1975,0,0,0
03462,1976,0,0,0
03462,1977,0,0,0
03462,1978,0,0,0
03462,1979,0,0,0
03462,1980,0,0,0
03462,1981,0,0,0
03462,1982,0,0,0
03462,1983,0,0,0
03462,1984,0,0,0
03462,1985,0,0,0
03462,1986,0,0,0
03462,1987,0,0,0
03462,1988,0,0,0
03462,1989,0,0,0
03462,1990,0,0,0
03462,1991,1,225,0.34254917483709885
03462,1992,3,775,1.1798916022166737
03462,1993,5,1525,2.3217221850070033
03462,1994,11,4650,7.079349613300042
03462,1995,18,7875,11.989221119298458
03462,1996,23,10775,16.404299372754398
03462,1997,27,14775,22.49406248096949
03462,1998,53,52725,80.27068997016016
03462,1999,53,52725,80.27068997016016
03462,2000,53,52725,80.27068997016016
03462,2001,56,54125,82.40210705803544
03462,2002,57,54725,83.3155715242677
03462,2003,58,55325,84.22903599049997
03462,2004,59,55625,84.6857682236161
03462,2005,66,66025,100.51915230497534
03462,2006,68,67825,103.25954570367212
03462,2007,72,76725,116.80926861945069
03462,2008,72,76725,116.80926861945069
03462,2009,82,97325,148.1715486267584
03462,2010,86,106525,162.1780037756531
03462,2011,86,106525,162.1780037756531
03462,2012,86,106525,162.1780037756531
03462,2013,106,175365,266.9828268680348
03462,2014,125,224345,341.5519761281286
03462,2015,127,228945,348.55520370257597
03462,2016,147,277145,421.9368491565678
03462,2017,180,364095,554.3130747213933
03462,2018,181,366395,557.814688508617
03462,2019,181,366395,557.814688508617
03462,2020,185,366464.8,557.9209548748553
03462,2021,185,366464.8,557.9209548748553
03462,2022,185,366464.8,557.9209548748553
03462,2023,188,366467.8,557.9255221971865
04011,1960,0,0,0
04011,1961,0,0,0
04011,1962,0,0,0
04011,1963,0,0,0
04011,1964,0,0,0
04011,1965,0,0,0
04011,1966,0,0,0
04011,1967,0,0,0
04011,1968,0,0,0
04011,1969,0,0,0
04011,1970,0,0,0
04011,1971,0,0,0
04011,1972,0,0,0
04011,1973,0,0,0
04011,1974,0,0,0
04011,1975,0,0,0
04011,1976,0,0,0
04011,1977,0,0,0
04011,1978,0,0,0
04011,1979,0,0,0
04011,1980,0,0,0
04011,1981,0,0,0
04011,1982,0,0,0
04011,1983,0,0,0
04011,1984,0,0,0
04011,1985,0,0,0
04011,1986,0,0,0
04011,1987,0,0,0
04011,1988,0,0,0
04011,1989,0,0,0
04011,1990,0,0,0
04011,1991,1,150,0.4714016341923319
04011,1992,1,150,0.4714016341923319
04011,1993,2,300,0.9428032683846638
04011,1994,3,350,1.0999371464487744
04011,1995,3,350,1.0999371464487744
04011,1996,3,350,1.0999371464487744
04011,1997,6,2150,6.756756756756757
04011,1998,7,2650,8.328095537397862
04011,1999,11,5050,15.870521684475174
04011,2000,13,5680,17.850408548082967
04011,2001,13,5680,17.850408548082967
04011,2002,23,25680,80.70395977372722
04011,2003,24,27480,86.3607793840352
04011,2004,28,34480,108.35952231301069
04011,2005,31,39680,124.7014456316782
04011,2006,31,39680,124.7014456316782
04011,2007,33,43680,137.27215587680703
04011,2008,33,43680,137.27215587680703
04011,2009,37,53480,168.07039597737273
04011,2010,47,75980,238.7806411062225
04011,2011,56,97580,306.6624764299183
04011,2012,59,101010,317.4418604651163
04011,2013,61,103014,323.73978629792583
04011,2014,64,111764,351.2382149591452
04011,2015,66,116364,365.69453174104336
04011,2016,67,119364,375.12256442489
04011,2017,67,119364,375.12256442489
04011,2018,71,132164,415.34883720930236
04011,2019,72,132174,415.3802639849152
04011,2020,72,132174,415.3802639849152
04011,2021,72,132174,415.3802639849152
04011,2022,72,132174,415.3802639849152
04011,2023,73,135774,426.6939032055311
04012,1960,0,0,0
04012,1961,0,0,0
04012,1962,0,0,0
04012,1963,0,0,0
04012,1964,0,0,0
04012,1965,0,0,0
04012,1966,0,0,0
04012,1967,0,0,0
04012,1968,0,0,0
04012,1969,0,0,0
04012,1970,0,0,0
04012,1971,0,0,0
04012,1972,0,0,0
04012,1973,0,0,0
04012,1974,0,0,0
04012,1975,0,0,0
04012,1976,0,0,0
04012,1977,0,0,0
04012,1978,0,0,0
04012,1979,0,0,0
04012,1980,0,0,0
04012,1981,0,0,0
04012,1982,0,0,0
04012,1983,0,0,0
04012,1984,0,0,0
04012,1985,0,0,0
04012,1986,0,0,0
04012,1987,0,0,0
04012,1988,0,0,0
04012,1989,0,0,0
04012,1990,0,0,0
04012,1991,0,0,0
04012,1992,1,50,0.49304802287742827
04012,1993,1,50,0.49304802287742827
04012,1994,1,50,0.49304802287742827
04012,1995,1,50,0.49304802287742827
04012,1996,1,50,0.49304802287742827
04012,1997,1,50,0.49304802287742827
04012,1998,1,50,0.49304802287742827
04012,1999,1,50,0.49304802287742827
04012,2000,1,50,0.49304802287742827
04012,2001,1,50,0.49304802287742827
04012,2002,1,50,0.49304802287742827
04012,2003,1,50,0.49304802287742827
04012,2004,2,5050,49.797850310620255
04012,2005,2,5050,49.797850310620255
04012,2006,7,18950,186.8652006705453
04012,2007,8,19850,195.74006508233902
04012,2008,10,29850,294.3496696578247
04012,2009,10,29850,294.3496696578247
04012,2010,11,33220,327.58110639976337
04012,2011,11,33220,327.58110639976337
04012,2012,13,40020,394.6356375110936
04012,2013,14,45020,443.9404397988364
04012,2014,15,48070,474.0163691943595
04012,2015,17,54840,540.7750714919633
04012,2016,17,54840,540.7750714919633
04012,2017,19,66240,653.190020708017
04012,2018,19,66240,653.190020708017
04012,2019,19,66240,653.190020708017
04012,2020,19,66240,653.190020708017
04012,2021,19,66240,653.190020708017
04012,2022,19,66240,653.190020708017
04012,2023,19,66240,653.190020708017
05112,1960,0,0,0
05112,1961,0,0,0
05112,1962,0,0,0
05112,1963,0,0,0
05112,1964,0,0,0
05112,1965,0,0,0
05112,1966,0,0,0
05112,1967,0,0,0
05112,1968,0,0,0
05112,1969,0,0,0
05112,1970,0,0,0
05112,1971,0,0,0
05112,1972,0,0,0
05112,1973,0,0,0
05112,1974,0,0,0
05112,1975,0,0,0
05112,1976,0,0,0
05112,1977,0,0,0
05112,1978,0,0,0
05112,1979,0,0,0
05112,1980,0,0,0
05112,1981,0,0,0
05112,1982,0,0,0
05112,1983,0,0,0
05112,1984,0,0,0
05112,1985,0,0,0
05112,1986,0,0,0
05112,1987,0,0,0
05112,1988,0,0,0
05112,1989,0,0,0
05112,1990,0,0,0
05112,1991,0,0,0
05112,1992,0,0,0
05112,1993,0,0,0
05112,1994,0,0,0
05112,1995,0,0,0
05112,1996,0,0,0
05112,1997,0,0,0
05112,1998,0,0,0
05112,1999,0,0,0
05112,2000,0,0,0
05112,2001,0,0,0
05112,2002,0,0,0
05112,2003,0,0,0
05112,2004,0,0,0
05112,2005,0,0,0
05112,2006,0,0,0
05112,2007,0,0,0
05112,2008,0,0,0
05112,2009,0,0,0
05112,2010,0,0,0
05112,2011,0,0,0
05112,2012,0,0,0
05112,2013,0,0,0
05112,2014,0,0,0
05112,2015,0,0,0
05112,2016,0,0,0
05112,2017,0,0,0
05112,2018,1,2300,9.878027830269714
05112,2019,1,2300,9.878027830269714
05112,2020,1,2300,9.878027830269714
05112,2021,1,2300,9.878027830269714
05112,2022,1,2300,9.878027830269714
05112,2023,1,2300,9.878027830269714
05114,1960,0,0,0
05114,1961,0,0,0
05114,1962,0,0,0
05114,1963,0,0,0
05114,1964,0,0,0
05114,1965,0,0,0
05114,1966,0,0,0
05114,1967,0,0,0
05114,1968,0,0,0
05114,1969,0,0,0
05114,1970,0,0,0
05114,1971,0,0,0
05114,1972,0,0,0
05114,1973,0,0,0
05114,1974,0,0,0
05114,1975,0,0,0
05114,1976,0,0,0
05114,1977,0,0,0
05114,1978,0,0,0
05114,1979,0,0,0
05114,1980,0,0,0
05114,1981,0,0,0
05114,1982,0,0,0
05114,1983,0,0,0
05114,1984,0,0,0
05114,1985,0,0,0
05114,1986,0,0,0
05114,1987,0,0,0
05114,1988,0,0,0
05114,1989,0,0,0
05114,1990,0,0,0
05114,1991,0,0,0
05114,1992,0,0,0
05114,1993,0,0,0
05114,1994,0,0,0
05114,1995,0,0,0
05114,1996,0,0,0
05114,1997,0,0,0
05114,1998,0,0,0
05114,1999,0,0,0
05114,2000,0,0,0
05114,2001,5,3750,27.219278507657688
05114,2002,5,3750,27.219278507657688
05114,2003,7,6750,48.99470131378384
05114,2004,9,10750,78.0285983886187
05114,2005,11,13750,99.80402119474486
05114,2006,11,13750,99.80402119474486
05114,2007,13,17750,128.83791826957972
05114,2008,13,17750,128.83791826957972
05114,2009,13,17750,128.83791826957972
05114,2010,13,17750,128.83791826957972
05114,2011,13,17750,128.83791826957972
05114,2012,13,17750,128.83791826957972
05114,2013,13,17750,128.83791826957972
05114,2014,15,19350,140.45147709951368
05114,2015,16,20150,146.25825651448065
05114,2016,16,20150,146.25825651448065
05114,2017,16,20150,146.25825651448065
05114,2018,16,20150,146.25825651448065
05114,2019,16,20150,146.25825651448065
05114,2020,16,20150,146.25825651448065
05114,2021,16,20150,146.25825651448065
05114,2022,16,20150,146.25825651448065
05114,2023,17,20151,146.26551498874935
05116,1960,0,0,0
05116,1961,0,0,0
05116,1962,0,0,0
05116,1963,0,0,0
05116,1964,0,0,0
05116,1965,0,0,0
05116,1966,0,0,0
05116,1967,0,0,0
05116,1968,0,0,0
05116,1969,0,0,0
05116,1970,0,0,0
05116,1971,0,0,0
05116,1972,0,0,0
05116,1973,0,0,0
05116,1974,0,0,0
05116,1975,0,0,0
05116,1976,0,0,0
05116,1977,0,0,0
05116,1978,0,0,0
05116,1979,0,0,0
05116,1980,0,0,0
05116,1981,0,0,0
05116,1982,0,0,0
05116,1983,0,0,0
05116,1984,0,0,0
05116,1985,0,0,0
05116,1986,0,0,0
05116,1987,0,0,0
05116,1988,0,0,0
05116,1989,0,0,0
05116,1990,0,0,0
05116,1991,0,0,0
05116,1992,0,0,0
05116,1993,0,0,0
05116,1994,0,0,0
05116,1995,0,0,0
05116,1996,0,0,0
05116,1997,0,0,0
05116,1998,0,0,0
05116,1999,0,0,0
05116,2000,0,0,0
05116,2001,0,0,0
05116,2002,1,1500,8.799202205666687
05116,2003,1,1500,8.799202205666687
05116,2004,1,1500,8.799202205666687
05116,2005,1,1500,8.799202205666687
05116,2006,1,1500,8.799202205666687
05116,2007,2,3800,22.291312254355606
05116,2008,5,10700,62.76764240042236
05116,2009,11,21700,127.29512524197806
05116,2010,11,21700,127.29512524197806
05116,2011,11,21700,127.29512524197806
05116,2012,13,23300,136.68094092802252
05116,2013,13,23300,136.68094092802252
05116,2014,13,23300,136.68094092802252
05116,2015,13,23300,136.68094092802252
05116,2016,14,23309.9,136.73901566257993
05116,2017,14,23309.9,136.73901566257993
05116,2018,15,25609.9,150.23112571126885
05116,2019,15,25609.9,150.23112571126885
05116,2020,15,25609.9,150.23112571126885
05116,2021,15,25609.9,150.23112571126885
05116,2022,15,25609.9,150.23112571126885
05116,2023,18,42509.9,249.36880389511353
05119,1960,0,0,0
05119,1961,0,0,0
05119,1962,0,0,0
05119,1963,0,0,0
05119,1964,0,0,0
05119,1965,0,0,0
05119,1966,0,0,0
05119,1967,0,0,0
05119,1968,0,0,0
05119,1969,0,0,0
05119,1970,0,0,0
05119,1971,0,0,0
05119,1972,0,0,0
05119,1973,0,0,0
05119,1974,0,0,0
05119,1975,0,0,0
05119,1976,0,0,0
05119,1977,0,0,0
05119,1978,0,0,0
05119,1979,0,0,0
05119,1980,0,0,0
05119,1981,0,0,0
05119,1982,0,0,0
05119,1983,0,0,0
05119,1984,0,0,0
05119,1985,0,0,0
05119,1986,0,0,0
05119,1987,0,0,0
05119,1988,0,0,0
05119,1989,0,0,0
05119,1990,0,0,0
05119,1991,0,0,0
05119,1992,0,0,0
05119,1993,0,0,0
05119,1994,0,0,0
05119,1995,0,0,0
05119,1996,0,0,0
05119,1997,0,0,0
05119,1998,0,0,0
05119,1999,0,0,0
05119,2000,0,0,0
05119,2001,0,0,0
05119,2002,0,0,0
05119,2003,0,0,0
05119,2004,0,0,0
05119,2005,0,0,0
05119,2006,0,0,0
05119,2007,0,0,0
05119,2008,0,0,0
05119,2009,0,0,0
05119,2010,0,0,0
05119,2011,0,0,0
05119,2012,0,0,0
05119,2013,0,0,0
05119,2014,0,0,0
05119,2015,0,0,0
05119,2016,0,0,0
05119,2017,0,0,0
05119,2018,0,0,0
05119,2019,0,0,0
05119,2020,0,0,0
05119,2021,0,0,0
05119,2022,0,0,0
05119,2023,1,1,0.012971851083149565
05120,1960,0,0,0
05120,1961,0,0,0
05120,1962,0,0,0
05120,1963,0,0,0
05120,1964,0,0,0
05120,1965,0,0,0
05120,1966,0,0,0
05120,1967,0,0,0
05120,1968,0,0,0
05120,1969,0,0,0
05120,1970,0,0,0
05120,1971,0,0,0
05120,1972,0,0,0
05120,1973,0,0,0
05120,1974,0,0,0
05120,1975,0,0,0
05120,1976,0,0,0
05120,1977,0,0,0
05120,1978,0,0,0
05120,1979,0,0,0
05120,1980,0,0,0
05120,1981,0,0,0
05120,1982,0,0,0
05120,1983,0,0,0
05120,1984,0,0,0
05120,1985,0,0,0
05120,1986,0,0,0
05120,1987,0,0,0
05120,1988,0,0,0
05120,1989,0,0,0
05120,1990,0,0,0
05120,1991,0,0,0
05120,1992,0,0,0
05120,1993,0,0,0
05120,1994,0,0,0
05120,1995,0,0,0
05120,1996,0,0,0
05120,1997,0,0,0
05120,1998,0,0,0
05120,1999,0,0,0
05120,2000,0,0,0
05120,2001,0,0,0
05120,2002,0,0,0
05120,2003,0,0,0
05120,2004,1,1500,20.128824476650564
05120,2005,1,1500,20.128824476650564
05120,2006,1,1500,20.128824476650564
05120,2007,1,1500,20.128824476650564
05120,2008,1,1500,20.128824476650564
05120,2009,1,1500,20.128824476650564
05120,2010,1,1500,20.128824476650564
05120,2011,1,1500,20.128824476650564
05120,2012,1,1500,20.128824476650564
05120,2013,1,1500,20.128824476650564
05120,2014,1,1500,20.128824476650564
05120,2015,1,1500,20.128824476650564
05120,2016,1,1500,20.128824476650564
05120,2017,2,1505.5,20.202630166398283
05120,2018,2,1505.5,20.202630166398283
05120,2019,2,1505.5,20.202630166398283
05120,2020,2,1505.5,20.202630166398283
05120,2021,2,1505.5,20.202630166398283
05120,2022,2,1505.5,20.202630166398283
05120,2023,2,1505.5,20.202630166398283
05122,1960,0,0,0
05122,1961,0,0,0
05122,1962,0,0,0
05122,1963,0,0,0
05122,1964,0,0,0
05122,1965,0,0,0
05122,1966,0,0,0
05122,1967,0,0,0
05122,1968,0,0,0
05122,1969,0,0,0
05122,1970,0,0,0
05122,1971,0,0,0
05122,1972,0,0,0
05122,1973,0,0,0
05122,1974,0,0,0
05122,1975,0,0,0
05122,1976,0,0,0
05122,1977,0,0,0
05122,1978,0,0,0
05122,1979,0,0,0
05122,1980,0,0,0
05122,1981,0,0,0
05122,1982,0,0,0
05122,1983,0,0,0
05122,1984,0,0,0
05122,1985,0,0,0
05122,1986,0,0,0
05122,1987,0,0,0
05122,1988,0,0,0
05122,1989,0,0,0
05122,1990,0,0,0
05122,1991,0,0,0
05122,1992,0,0,0
05122,1993,0,0,0
05122,1994,0,0,0
05122,1995,0,0,0
05122,1996,0,0,0
05122,1997,0,0,0
05122,1998,0,0,0
05122,1999,0,0,0
05122,2000,0,0,0
05122,2001,0,0,0
05122,2002,0,0,0
05122,2003,0,0,0
05122,2004,0,0,0
05122,2005,0,0,0
05122,2006,0,0,0
05122,2007,0,0,0
05122,2008,0,0,0
05122,2009,0,0,0
05122,2010,0,0,0
05122,2011,0,0,0
05122,2012,0,0,0
05122,2013,0,0,0
05122,2014,0,0,0
05122,2015,0,0,0
05122,2016,0,0,0
05122,2017,1,2300,25.68684386866205
05122,2018,2,4600,51.3736877373241
05122,2019,2,4600,51.3736877373241
05122,2020,2,4600,51.3736877373241
05122,2021,2,4600,51.3736877373241
05122,2022,2,4600,51.3736877373241
05122,2023,2,4600,51.3736877373241
05124,1960,0,0,0
05124,1961,0,0,0
05124,1962,0,0,0
05124,1963,0,0,0
05124,1964,0,0,0
05124,1965,0,0,0
05124,1966,0,0,0
05124,1967,0,0,0
05124,1968,0,0,0
05124,1969,0,0,0
05124,1970,0,0,0
05124,1971,0,0,0
05124,1972,0,0,0
05124,1973,0,0,0
05124,1974,0,0,0
05124,1975,0,0,0
05124,1976,0,0,0
05124,1977,0,0,0
05124,1978,0,0,0
05124,1979,0,0,0
05124,1980,0,0,0
05124,1981,0,0,0
05124,1982,0,0,0
05124,1983,0,0,0
05124,1984,0,0,0
05124,1985,0,0,0
05124,1986,0,0,0
05124,1987,0,0,0
05124,1988,0,0,0
05124,1989,0,0,0
05124,1990,0,0,0
05124,1991,0,0,0
05124,1992,0,0,0
05124,1993,0,0,0
05124,1994,0,0,0
05124,1995,0,0,0
05124,1996,0,0,0
05124,1997,0,0,0
05124,1998,0,0,0
05124,1999,0,0,0
05124,2000,0,0,0
05124,2001,0,0,0
05124,2002,5,8600,51.07191638458341
05124,2003,5,8600,51.07191638458341
05124,2004,5,8600,51.07191638458341
05124,2005,5,8600,51.07191638458341
05124,2006,5,8600,51.07191638458341
05124,2007,5,8600,51.07191638458341
05124,2008,5,8600,51.07191638458341
05124,2009,6,8601,51.077854979511855
05124,2010,6,8601,51.077854979511855
05124,2011,8,9402,55.83466951719224
05124,2012,8,9402,55.83466951719224
05124,2013,8,9402,55.83466951719224
05124,2014,8,9402,55.83466951719224
05124,2015,8,9402,55.83466951719224
05124,2016,8,9402,55.83466951719224
05124,2017,8,9402,55.83466951719224
05124,2018,8,9402,55.83466951719224
05124,2019,8,9402,55.83466951719224
05124,2020,8,9402,55.83466951719224
05124,2021,8,9402,55.83466951719224
05124,2022,8,9402,55.83466951719224
05124,2023,8,9402,55.83466951719224
05154,1960,0,0,0
05154,1961,0,0,0
05154,1962,0,0,0
05154,1963,0,0,0
05154,1964,0,0,0
05154,1965,0,0,0
05154,1966,0,0,0
05154,1967,0,0,0
05154,1968,0,0,0
05154,1969,0,0,0
05154,1970,0,0,0
05154,1971,0,0,0
05154,1972,0,0,0
05154,1973,0,0,0
05154,1974,0,0,0
05154,1975,0,0,0
05154,1976,0,0,0
05154,1977,0,0,0
05154,1978,0,0,0
05154,1979,0,0,0
05154,1980,0,0,0
05154,1981,0,0,0
05154,1982,0,0,0
05154,1983,0,0,0
05154,1984,0,0,0
05154,1985,0,0,0
05154,1986,0,0,0
05154,1987,0,0,0
05154,1988,0,0,0
05154,1989,0,0,0
05154,1990,0,0,0
05154,1991,0,0,0
05154,1992,0,0,0
05154,1993,0,0,0
05154,1994,4,440,0.3568560977785708
05154,1995,5,550,0.44607012222321346
05154,1996,5,550,0.44607012222321346
05154,1997,6,800,0.6488292686883105
05154,1998,8,2350,1.9059359767719122
05154,1999,11,4300,3.487457319199669
05154,2000,23,15900,12.895481715180171
05154,2001,30,25900,21.005847573784052
05154,2002,48,47250,38.32147868190334
05154,2003,66,67250,54.542210399111106
05154,2004,76,77650,62.97699089205914
05154,2005,89,94650,76.76461285168574
05154,2006,93,99650,80.81979578098768
05154,2007,98,107650,87.30808846787079
05154,2008,98,107650,87.30808846787079
05154,2009,108,119350,96.79721652243732
05154,2010,112,125450,101.7445396961857
05154,2011,114,129750,105.23199701538536
05154,2012,118,135950,110.26042384771976
05154,2013,123,144550,117.2353384861191
05154,2014,129,157850,128.02212507806226
05154,2015,138,175726.3,142.52045839787831
05154,2016,147,197046.3,159.81175840842178
05154,2017,185,301596.3,244.60563346012538
05154,2018,193,325196.3,263.7460968864305
05154,2019,199,340346.3,276.0333011622154
05154,2020,199,340346.3,276.0333011622154
05154,2021,204,360746.3,292.57844751376734
05154,2022,207,372746.3,302.310886544092
05154,2023,207,372746.3,302.310886544092
05158,1960,0,0,0
05158,1961,0,0,0
05158,1962,0,0,0
05158,1963,0,0,0
05158,1964,0,0,0
05158,1965,0,0,0
05158,1966,0,0,0
05158,1967,0,0,0
05158,1968,0,0,0
05158,1969,0,0,0
05158,1970,0,0,0
05158,1971,0,0,0
05158,1972,0,0,0
05158,1973,0,0,0
05158,1974,0,0,0
05158,1975,0,0,0
05158,1976,0,0,0
05158,1977,0,0,0
05158,1978,0,0,0
05158,1979,0,0,0
05158,1980,0,0,0
05158,1981,0,0,0
05158,1982,0,0,0
05158,1983,0,0,0
05158,1984,0,0,0
05158,1985,0,0,0
05158,1986,0,0,0
05158,1987,0,0,0
05158,1988,0,0,0
05158,1989,0,0,0
05158,1990,0,0,0
05158,1991,1,55,0.13506544534760934
05158,1992,2,135,0.33152427494413206
05158,1993,2,135,0.33152427494413206
05158,1994,2,135,0.33152427494413206
05158,1995,2,135,0.33152427494413206
05158,1996,3,335,0.8226713489354388
05158,1997,3,335,0.8226713489354388
05158,1998,3,335,0.8226713489354388
05158,1999,3,335,0.8226713489354388
05158,2000,3,335,0.8226713489354388
05158,2001,3,335,0.8226713489354388
05158,2002,3,335,0.8226713489354388
05158,2003,4,1335,3.2784067188919725
05158,2004,4,1335,3.2784067188919725
05158,2005,5,2835,6.9620097738267726
05158,2006,5,2835,6.9620097738267726
05158,2007,5,2835,6.9620097738267726
05158,2008,5,2835,6.9620097738267726
05158,2009,5,2835,6.9620097738267726
05158,2010,5,2835,6.9620097738267726
05158,2011,5,2835,6.9620097738267726
05158,2012,5,2835,6.9620097738267726
05158,2013,5,2835,6.9620097738267726
05158,2014,5,2835,6.9620097738267726
05158,2015,5,2835,6.9620097738267726
05158,2016,5,2835,6.9620097738267726
05158,2017,5,2835,6.9620097738267726
05158,2018,5,2835,6.9620097738267726
05158,2019,5,2835,6.9620097738267726
05158,2020,5,2835,6.9620097738267726
05158,2021,5,2835,6.9620097738267726
05158,2022,5,2835,6.9620097738267726
05158,2023,5,2835,6.9620097738267726
05162,1960,0,0,0
05162,1961,0,0,0
05162,1962,0,0,0
05162,1963,0,0,0
05162,1964,0,0,0
05162,1965,0,0,0
05162,1966,0,0,0
05162,1967,0,0,0
05162,1968,0,0,0
05162,1969,0,0,0
05162,1970,0,0,0
05162,1971,0,0,0
05162,1972,0,0,0
05162,1973,0,0,0
05162,1974,0,0,0
05162,1975,0,0,0
05162,1976,0,0,0
05162,1977,0,0,0
05162,1978,0,0,0
05162,1979,0,0,0
05162,1980,0,0,0
05162,1981,0,0,0
05162,1982,0,0,0
05162,1983,0,0,0
05162,1984,0,0,0
05162,1985,0,0,0
05162,1986,0,0,0
05162,1987,0,0,0
05162,1988,0,0,0
05162,1989,0,0,0
05162,1990,0,0,0
05162,1991,0,0,0
05162,1992,0,0,0
05162,1993,0,0,0
05162,1994,0,0,0
05162,1995,0,0,0
05162,1996,0,0,0
05162,1997,0,0,0
05162,1998,0,0,0
05162,1999,0,0,0
05162,2000,0,0,0
05162,2001,0,0,0
05162,2002,0,0,0
05162,2003,3,4500,7.806807536171542
05162,2004,3,4500,7.806807536171542
05162,2005,8,12000,20.81815342979078
05162,2006,25,46000,79.80292148086465
05162,2007,28,48400,83.96655216682281
05162,2008,29,50400,87.43624440512127
05162,2009,37,63100,109.46879011831652
05162,2010,38,65100,112.93848235661498
05162,2011,42,71200.5,123.52191110648486
05162,2012,48,89280.5,154.88792894070298
05162,2013,49,91580.5,158.8780750147462
05162,2014,63,131630.5,228.35866208667292
05162,2015,73,163160.5,283.0583602234482
05162,2016,81,182370.5,316.38475417230495
05162,2017,85,192070.5,333.2127615280525
05162,2018,85,192070.5,333.2127615280525
05162,2019,85,192070.5,333.2127615280525
05162,2020,85,192070.5,333.2127615280525
05162,2021,86,197570.5,342.7544151833733
05162,2022,92,229520.5,398.1827486901912
05162,2023,96,246621.5,427.8503521737622
05166,1960,0,0,0
05166,1961,0,0,0
05166,1962,0,0,0
05166,1963,0,0,0
05166,1964,0,0,0
05166,1965,0,0,0
05166,1966,0,0,0
05166,1967,0,0,0
05166,1968,0,0,0
05166,1969,0,0,0
05166,1970,0,0,0
05166,1971,0,0,0
05166,1972,0,0,0
05166,1973,0,0,0
05166,1974,0,0,0
05166,1975,0,0,0
05166,1976,0,0,0
05166,1977,0,0,0
05166,1978,0,0,0
05166,1979,0,0,0
05166,1980,0,0,0
05166,1981,0,0,0
05166,1982,0,0,0
05166,1983,0,0,0
05166,1984,0,0,0
05166,1985,0,0,0
05166,1986,0,0,0
05166,1987,0,0,0
05166,1988,0,0,0
05166,1989,0,0,0
05166,1990,0,0,0
05166,1991,0,0,0
05166,1992,0,0,0
05166,1993,0,0,0
05166,1994,0,0,0
05166,1995,0,0,0
05166,1996,0,0,0
05166,1997,0,0,0
05166,1998,0,0,0
05166,1999,1,80,0.1420278019422302
05166,2000,1,80,0.1420278019422302
05166,2001,6,5080,9.018765423331617
05166,2002,6,5080,9.018765423331617
05166,2003,15,18580,32.985957001082966
05166,2004,15,18580,32.985957001082966
05166,2005,15,18580,32.985957001082966
05166,2006,15,18580,32.985957001082966
05166,2007,17,22580,40.08734709819447
05166,2008,20,28580,50.739432243861735
05166,2009,20,28580,50.739432243861735
05166,2010,20,28580,50.739432243861735
05166,2011,21,29380,52.15971026328404
05166,2012,22,30180,53.57998828270634
05166,2013,24,30981.5,55.00292932341506
05166,2014,25,33281.5,59.08622862925418
05166,2015,25,33281.5,59.08622862925418
05166,2016,25,33281.5,59.08622862925418
05166,2017,25,33281.5,59.08622862925418
05166,2018,26,33282.5,59.08800397677846
05166,2019,26,33282.5,59.08800397677846
05166,2020,32,53282.5,94.594954462336
05166,2021,32,53282.5,94.594954462336
05166,2022,32,53282.5,94.594954462336
05166,2023,34,61682.5,109.50787366627017
05170,1960,0,0,0
05170,1961,0,0,0
05170,1962,0,0,0
05170,1963,0,0,0
05170,1964,0,0,0
05170,1965,0,0,0
05170,1966,0,0,0
05170,1967,0,0,0
05170,1968,0,0,0
05170,1969,0,0,0
05170,1970,0,0,0
05170,1971,0,0,0
05170,1972,0,0,0
05170,1973,0,0,0
05170,1974,0,0,0
05170,1975,0,0,0
05170,1976,0,0,0
05170,1977,0,0,0
05170,1978,0,0,0
05170,1979,0,0,0
05170,1980,0,0,0
05170,1981,0,0,0
05170,1982,0,0,0
05170,1983,0,0,0
05170,1984,0,0,0
05170,1985,0,0,0
05170,1986,0,0,0
05170,1987,0,0,0
05170,1988,0,0,0
05170,1989,1,50,0.047949672024243356
05170,1990,1,50,0.047949672024243356
05170,1991,1,50,0.047949672024243356
05170,1992,1,50,0.047949672024243356
05170,1993,1,50,0.047949672024243356
05170,1994,1,50,0.047949672024243356
05170,1995,1,50,0.047949672024243356
05170,1996,2,80,0.07671947523878937
05170,1997,2,80,0.07671947523878937
05170,1998,2,80,0.07671947523878937
05170,1999,2,80,0.07671947523878937
05170,2000,3,680,0.6521155395297096
05170,2001,4,1530,1.4672599639418467
05170,2002,8,5930,5.686831102075262
05170,2003,21,22930,21.989719590318003
05170,2004,25,29030,27.839579577275693
05170,2005,28,33530,32.155050059457594
05170,2006,29,34130,32.730446123748514
05170,2007,29,34130,32.730446123748514
05170,2008,29,34130,32.730446123748514
05170,2009,29,34130,32.730446123748514
05170,2010,29,34130,32.730446123748514
05170,2011,33,40330,38.67620545475469
05170,2012,33,40330,38.67620545475469
05170,2013,33,40330,38.67620545475469
05170,2014,33,40330,38.67620545475469
05170,2015,39,53680,51.47876788522767
05170,2016,41,59030,56.6093827918217
05170,2017,53,92631,88.83252138555372
05170,2018,60,113631,108.97138363573593
05170,2019,60,113631,108.97138363573593
05170,2020,60,113631,108.97138363573593
05170,2021,60,113631,108.97138363573593
05170,2022,60,113631,108.97138363573593
05170,2023,63,126056,120.88687713376041
05315,1960,0,0,0
05315,1961,0,0,0
05315,1962,0,0,0
05315,1963,0,0,0
05315,1964,0,0,0
05315,1965,0,0,0
05315,1966,0,0,0
05315,1967,0,0,0
05315,1968,0,0,0
05315,1969,0,0,0
05315,1970,0,0,0
05315,1971,0,0,0
05315,1972,0,0,0
05315,1973,0,0,0
05315,1974,0,0,0
05315,1975,0,0,0
05315,1976,0,0,0
05315,1977,0,0,0
05315,1978,0,0,0
05315,1979,0,0,0
05315,1980,0,0,0
05315,1981,0,0,0
05315,1982,0,0,0
05315,1983,0,0,0
05315,1984,0,0,0
05315,1985,0,0,0
05315,1986,0,0,0
05315,1987,0,0,0
05315,1988,0,0,0
05315,1989,0,0,0
05315,1990,0,0,0
05315,1991,0,0,0
05315,1992,0,0,0
05315,1993,0,0,0
05315,1994,0,0,0
05315,1995,0,0,0
05315,1996,0,0,0
05315,1997,0,0,0
05315,1998,0,0,0
05315,1999,0,0,0
05315,2000,0,0,0
05315,2001,2,3000,7.407041627573947
05315,2002,2,3000,7.407041627573947
05315,2003,2,3000,7.407041627573947
05315,2004,2,3000,7.407041627573947
05315,2005,2,3000,7.407041627573947
05315,2006,2,3000,7.407041627573947
05315,2007,2,3000,7.407041627573947
05315,2008,2,3000,7.407041627573947
05315,2009,2,3000,7.407041627573947
05315,2010,2,3000,7.407041627573947
05315,2011,2,3000,7.407041627573947
05315,2012,2,3000,7.407041627573947
05315,2013,2,3000,7.407041627573947
05315,2014,2,3000,7.407041627573947
05315,2015,2,3000,7.407041627573947
05315,2016,5,11550,28.517110266159698
05315,2017,7,16550,40.86217964544961
05315,2018,7,16550,40.86217964544961
05315,2019,7,16550,40.86217964544961
05315,2020,7,16550,40.86217964544961
05315,2021,7,16550,40.86217964544961
05315,2022,7,16550,40.86217964544961
05315,2023,7,16550,40.86217964544961
05334,1960,0,0,0
05334,1961,0,0,0
05334,1962,0,0,0
05334,1963,0,0,0
05334,1964,0,0,0
05334,1965,0,0,0
05334,1966,0,0,0
05334,1967,0,0,0
05334,1968,0,0,0
05334,1969,0,0,0
05334,1970,0,0,0
05334,1971,0,0,0
05334,1972,0,0,0
05334,1973,0,0,0
05334,1974,0,0,0
05334,1975,0,0,0
05334,1976,0,0,0
05334,1977,0,0,0
05334,1978,0,0,0
05334,1979,0,0,0
05334,1980,0,0,0
05334,1981,0,0,0
05334,1982,0,0,0
05334,1983,0,0,0
05334,1984,0,0,0
05334,1985,0,0,0
05334,1986,0,0,0
05334,1987,0,0,0
05334,1988,0,0,0
05334,1989,0,0,0
05334,1990,0,0,0
05334,1991,0,0,0
05334,1992,0,0,0
05334,1993,1,80,0.11316697787585583
05334,1994,1,80,0.11316697787585583
05334,1995,1,80,0.11316697787585583
05334,1996,1,80,0.11316697787585583
05334,1997,2,1580,2.2350478130481526
05334,1998,2,1580,2.2350478130481526
05334,1999,4,4580,6.478809483392746
05334,2000,10,11380,16.09800260284049
05334,2001,15,19280,27.273241668081255
05334,2002,18,24680,34.91201267470152
05334,2003,38,60680,85.83715271883665
05334,2004,45,74680,105.64137384711142
05334,2005,47,76980,108.89492446104228
05334,2006,50,81780,115.68494313359362
05334,2007,52,85780,121.34329202738641
05334,2008,52,85780,121.34329202738641
05334,2009,56,91730,129.76008600690318
05334,2010,58,96330,136.2671872347649
05334,2011,58,96330,136.2671872347649
05334,2012,58,96330,136.2671872347649
05334,2013,59,96333,136.27143099643524
05334,2014,60,97133,137.40310077519382
05334,2015,60,97133,137.40310077519382
05334,2016,70,127133,179.84071747863973
05334,2017,90,186913,264.40474169637304
05334,2018,99,215413,304.72047756464667
05334,2019,99,215413,304.72047756464667
05334,2020,101,222013,314.05675323940477
05334,2021,101,222013,314.05675323940477
05334,2022,101,222013,314.05675323940477
05334,2023,104,235513,333.1536807559554
05358,1960,0,0,0
05358,1961,0,0,0
05358,1962,0,0,0
05358,1963,0,0,0
05358,1964,0,0,0
05358,1965,0,0,0
05358,1966,0,0,0
05358,1967,0,0,0
05358,1968,0,0,0
05358,1969,0,0,0
05358,1970,0,0,0
05358,1971,0,0,0
05358,1972,0,0,0
05358,1973,0,0,0
05358,1974,0,0,0
05358,1975,0,0,0
05358,1976,0,0,0
05358,1977,0,0,0
05358,1978,0,0,0
05358,1979,0,0,0
05358,1980,0,0,0
05358,1981,0,0,0
05358,1982,0,0,0
05358,1983,0,0,0
05358,1984,0,0,0
05358,1985,0,0,0
05358,1986,0,0,0
05358,1987,0,0,0
05358,1988,0,0,0
05358,1989,0,0,0
05358,1990,0,0,0
05358,1991,0,0,0
05358,1992,0,0,0
05358,1993,0,0,0
05358,1994,0,0,0
05358,1995,0,0,0
05358,1996,0,0,0
05358,1997,0,0,0
05358,1998,5,4500,4.779708543994562
05358,1999,5,4500,4.779708543994562
05358,2000,11,9500,10.09049581509963
05358,2001,20,21300,22.62395377490759
05358,2002,43,55600,59.05595445468836
05358,2003,49,64200,68.19050856098907
05358,2004,49,64200,68.19050856098907
05358,2005,69,94200,100.0552321876195
05358,2006,69,94200,100.0552321876195
05358,2007,70,95000,100.90495815099631
05358,2008,70,95000,100.90495815099631
05358,2009,71,97000,103.02927305943832
05358,2010,72,99000,105.15358796788036
05358,2011,77,109950,116.78421209160045
05358,2012,93,140750,149.49866168160767
05358,2013,107,172595,183.32306581127585
05358,2014,120,208445,221.4014105450992
05358,2015,128,227745,241.90104941156477
05358,2016,142,271095,287.9455750520457
05358,2017,153,300965,319.6722182096274
05358,2018,155,306535,325.58843522963843
05358,2019,164,335535,356.39100140204783
05358,2020,167,345135,366.5877129625696
05358,2021,180,394635,419.16450694650973
05358,2022,191,445940.5,473.659026214046
05358,2023,193,453140.5,481.30655988443726
05362,1960,0,0,0
05362,1961,0,0,0
05362,1962,0,0,0
05362,1963,0,0,0
05362,1964,0,0,0
05362,1965,0,0,0
05362,1966,0,0,0
05362,1967,0,0,0
05362,1968,0,0,0
05362,1969,0,0,0
05362,1970,0,0,0
05362,1971,0,0,0
05362,1972,0,0,0
05362,1973,0,0,0
05362,1974,0,0,0
05362,1975,0,0,0
05362,1976,0,0,0
05362,1977,0,0,0
05362,1978,0,0,0
05362,1979,0,0,0
05362,1980,0,0,0
05362,1981,0,0,0
05362,1982,0,0,0
05362,1983,0,0,0
05362,1984,0,0,0
05362,1985,0,0,0
05362,1986,0,0,0
05362,1987,0,0,0
05362,1988,0,0,0
05362,1989,0,0,0
05362,1990,0,0,0
05362,1991,0,0,0
05362,1992,0,0,0
05362,1993,0,0,0
05362,1994,0,0,0
05362,1995,1,80,0.11352348517099474
05362,1996,1,80,0.11352348517099474
05362,1997,1,80,0.11352348517099474
05362,1998,1,80,0.11352348517099474
05362,1999,1,80,0.11352348517099474
05362,2000,1,80,0.11352348517099474
05362,2001,1,80,0.11352348517099474
05362,2002,7,3680,5.222080317865758
05362,2003,14,14180,20.122037746558817
05362,2004,16,15380,21.82489002412374
05362,2005,18,19380,27.501064282673475
05362,2006,22,27380,38.85341279977295
05362,2007,25,31880,45.23910884064141
05362,2008,26,33380,47.36767418759756
05362,2009,26,33380,47.36767418759756
05362,2010,26,33380,47.36767418759756
05362,2011,26,33380,47.36767418759756
05362,2012,26,33380,47.36767418759756
05362,2013,26,33380,47.36767418759756
05362,2014,28,37380,53.043848446147294
05362,2015,29,40430,57.371931318291466
05362,2016,30,43480,61.700014190435645
05362,2017,34,56680,80.43138924364978
05362,2018,39,72316,102.6195544203207
05362,2019,39,72316,102.6195544203207
05362,2020,39,72316,102.6195544203207
05362,2021,39,72316,102.6195544203207
05362,2022,39,72316,102.6195544203207
05362,2023,40,77916,110.56619838229032
05366,1960,0,0,0
05366,1961,0,0,0
05366,1962,0,0,0
05366,1963,0,0,0
05366,1964,0,0,0
05366,1965,0,0,0
05366,1966,0,0,0
05366,1967,0,0,0
05366,1968,0,0,0
05366,1969,0,0,0
05366,1970,0,0,0
05366,1971,0,0,0
05366,1972,0,0,0
05366,1973,0,0,0
05366,1974,0,0,0
05366,1975,0,0,0
05366,1976,0,0,0
05366,1977,0,0,0
05366,1978,0,0,0
05366,1979,0,0,0
05366,1980,0,0,0
05366,1981,0,0,0
05366,1982,0,0,0
05366,1983,0,0,0
05366,1984,0,0,0
05366,1985,0,0,0
05366,1986,0,0,0
05366,1987,0,0,0
05366,1988,0,0,0
05366,1989,0,0,0
05366,1990,0,0,0
05366,1991,1,75,0.060061502979050545
05366,1992,1,75,0.060061502979050545
05366,1993,1,75,0.060061502979050545
05366,1994,1,75,0.060061502979050545
05366,1995,1,75,0.060061502979050545
05366,1996,3,775,0.6206355307835223
05366,1997,4,1275,1.0210455506438594
05366,1998,4,1275,1.0210455506438594
05366,1999,6,2595,2.078128003075149
05366,2000,16,13545,10.847107438016529
05366,2001,25,24345,19.49596386699981
05366,2002,32,31365,25.11772054583894
05366,2003,32,31365,25.11772054583894
05366,2004,32,31365,25.11772054583894
05366,2005,32,31365,25.11772054583894
05366,2006,36,37365,29.922640784162983
05366,2007,48,48365,38.7316612210904
05366,2008,48,48365,38.7316612210904
05366,2009,53,58365,46.739861618297134
05366,2010,54,60665,48.581747709654685
05366,2011,57,66665,53.38666794797873
05366,2012,57,66665,53.38666794797873
05366,2013,65,88215,70.64433980395926
05366,2014,72,108815,87.14123262220514
05366,2015,95,157965,126.50153757447626
05366,2016,107,191265,153.1688448971747
05366,2017,109,196065,157.01278108783393
05366,2018,109,196065,157.01278108783393
05366,2019,109,196065,157.01278108783393
05366,2020,111,200765,160.7766352745211
05366,2021,117,224765,179.9963162278173
05366,2022,121,241165,193.12976487923635
05366,2023,121,241165,193.12976487923635
05370,1960,0,0,0
05370,1961,0,0,0
05370,1962,0,0,0
05370,1963,0,0,0
05370,1964,0,0,0
05370,1965,0,0,0
05370,1966,0,0,0
05370,1967,0,0,0
05370,1968,0,0,0
05370,1969,0,0,0
05370,1970,0,0,0
05370,1971,0,0,0
05370,1972,0,0,0
05370,1973,0,0,0
05370,1974,0,0,0
05370,1975,0,0,0
05370,1976,0,0,0
05370,1977,0,0,0
05370,1978,0,0,0
05370,1979,0,0,0
05370,1980,0,0,0
05370,1981,0,0,0
05370,1982,0,0,0
05370,1983,0,0,0
05370,1984,0,0,0
05370,1985,0,0,0
05370,1986,0,0,0
05370,1987,0,0,0
05370,1988,0,0,0
05370,1989,0,0,0
05370,1990,0,0,0
05370,1991,0,0,0
05370,1992,0,0,0
05370,1993,0,0,0
05370,1994,0,0,0
05370,1995,1,250,0.3981398904319022
05370,1996,5,2250,3.5832590138871194
05370,1997,5,2250,3.5832590138871194
05370,1998,8,4050,6.449866224996815
05370,1999,8,4050,6.449866224996815
05370,2000,23,15770,25.114664288444388
05370,2001,30,24870,39.60695630016563
05370,2002,40,38170,60.78799847114283
05370,2003,48,50970,81.17276086125622
05370,2004,63,77570,123.53484520321061
05370,2005,72,95570,152.20091731430756
05370,2006,72,95570,152.20091731430756
05370,2007,74,99070,157.7748757803542
05370,2008,74,99070,157.7748757803542
05370,2009,74,99070,157.7748757803542
05370,2010,74,99070,157.7748757803542
05370,2011,74,99070,157.7748757803542
05370,2012,74,99070,157.7748757803542
05370,2013,81,117630,187.3327812460186
05370,2014,81,117630,187.3327812460186
05370,2015,87,135380,215.60071346668366
05370,2016,89,139540,222.22576124347052
05370,2017,108,184940,294.52796534590397
05370,2018,108,184940,294.52796534590397
05370,2019,109,187340,298.35010829405024
05370,2020,114,208640,332.2716269588483
05370,2021,115,213140,339.43814498662255
05370,2022,117,222140,353.771181042171
05370,2023,128,281040,447.5729392279272
05374,1960,0,0,0
05374,1961,0,0,0
05374,1962,0,0,0
05374,1963,0,0,0
05374,1964,0,0,0
05374,1965,0,0,0
05374,1966,0,0,0
05374,1967,0,0,0
05374,1968,0,0,0
05374,1969,0,0,0
05374,1970,0,0,0
05374,1971,0,0,0
05374,1972,0,0,0
05374,1973,0,0,0
05374,1974,0,0,0
05374,1975,0,0,0
05374,1976,0,0,0
05374,1977,0,0,0
05374,1978,0,0,0
05374,1979,0,0,0
05374,1980,0,0,0
05374,1981,0,0,0
05374,1982,0,0,0
05374,1983,0,0,0
05374,1984,0,0,0
05374,1985,0,0,0
05374,1986,0,0,0
05374,1987,0,0,0
05374,1988,0,0,0
05374,1989,0,0,0
05374,1990,0,0,0
05374,1991,0,0,0
05374,1992,0,0,0
05374,1993,0,0,0
05374,1994,0,0,0
05374,1995,0,0,0
05374,1996,0,0,0
05374,1997,0,0,0
05374,1998,1,500,0.5441643811762658
05374,1999,1,500,0.5441643811762658
05374,2000,2,1000,1.0883287623525315
05374,2001,4,3400,3.7003177919986068
05374,2002,8,7600,8.271298593879239
05374,2003,10,8800,9.577293108702277
05374,2004,10,8800,9.577293108702277
05374,2005,11,10800,11.753950633407339
05374,2006,12,12800,13.930608158112403
05374,2007,12,12800,13.930608158112403
05374,2008,12,12800,13.930608158112403
05374,2009,15,15200,16.542597187758478
05374,2010,15,15200,16.542597187758478
05374,2011,18,17600,19.154586217404553
05374,2012,18,17600,19.154586217404553
05374,2013,19,19900,21.657742370815374
05374,2014,19,19900,21.657742370815374
05374,2015,19,19900,21.657742370815374
05374,2016,19,19900,21.657742370815374
05374,2017,19,19900,21.657742370815374
05374,2018,19,19900,21.657742370815374
05374,2019,19,19900,21.657742370815374
05374,2020,19,19900,21.657742370815374
05374,2021,19,19900,21.657742370815374
05374,2022,19,19900,21.657742370815374
05374,2023,19,19900,21.657742370815374
05378,1960,0,0,0
05378,1961,0,0,0
05378,1962,0,0,0
05378,1963,0,0,0
05378,1964,0,0,0
05378,1965,0,0,0
05378,1966,0,0,0
05378,1967,0,0,0
05378,1968,0,0,0
05378,1969,0,0,0
05378,1970,0,0,0
05378,1971,0,0,0
05378,1972,0,0,0
05378,1973,0,0,0
05378,1974,0,0,0
05378,1975,0,0,0
05378,1976,0,0,0
05378,1977,0,0,0
05378,1978,0,0,0
05378,1979,0,0,0
05378,1980,0,0,0
05378,1981,0,0,0
05378,1982,0,0,0
05378,1983,0,0,0
05378,1984,0,0,0
05378,1985,0,0,0
05378,1986,0,0,0
05378,1987,0,0,0
05378,1988,0,0,0
05378,1989,0,0,0
05378,1990,0,0,0
05378,1991,0,0,0
05378,1992,0,0,0
05378,1993,0,0,0
05378,1994,0,0,0
05378,1995,0,0,0
05378,1996,0,0,0
05378,1997,0,0,0
05378,1998,0,0,0
05378,1999,0,0,0
05378,2000,0,0,0
05378,2001,0,0,0
05378,2002,0,0,0
05378,2003,0,0,0
05378,2004,0,0,0
05378,2005,0,0,0
05378,2006,0,0,0
05378,2007,1,275,0.6288301472605872
05378,2008,1,275,0.6288301472605872
05378,2009,1,275,0.6288301472605872
05378,2010,1,275,0.6288301472605872
05378,2011,1,275,0.6288301472605872
05378,2012,1,275,0.6288301472605872
05378,2013,1,275,0.6288301472605872
05378,2014,1,275,0.6288301472605872
05378,2015,1,275,0.6288301472605872
05378,2016,1,275,0.6288301472605872
05378,2017,1,275,0.6288301472605872
05378,2018,1,275,0.6288301472605872
05378,2019,1,275,0.6288301472605872
05378,2020,1,275,0.6288301472605872
05378,2021,1,275,0.6288301472605872
05378,2022,2,275.6,0.6302021403091558
05378,2023,2,275.6,0.6302021403091558
05382,1960,0,0,0
05382,1961,0,0,0
05382,1962,0,0,0
05382,1963,0,0,0
05382,1964,0,0,0
05382,1965,0,0,0
05382,1966,0,0,0
05382,1967,0,0,0
05382,1968,0,0,0
05382,1969,0,0,0
05382,1970,0,0,0
05382,1971,0,0,0
05382,1972,0,0,0
05382,1973,0,0,0
05382,1974,0,0,0
05382,1975,0,0,0
05382,1976,0,0,0
05382,1977,0,0,0
05382,1978,0,0,0
05382,1979,0,0,0
05382,1980,0,0,0
05382,1981,0,0,0
05382,1982,0,0,0
05382,1983,0,0,0
05382,1984,0,0,0
05382,1985,0,0,0
05382,1986,0,0,0
05382,1987,0,0,0
05382,1988,0,0,0
05382,1989,0,0,0
05382,1990,0,0,0
05382,1991,0,0,0
05382,1992,0,0,0
05382,1993,0,0,0
05382,1994,0,0,0
05382,1995,0,0,0
05382,1996,0,0,0
05382,1997,0,0,0
05382,1998,0,0,0
05382,1999,0,0,0
05382,2000,0,0,0
05382,2001,0,0,0
05382,2002,0,0,0
05382,2003,0,0,0
05382,2004,0,0,0
05382,2005,0,0,0
05382,2006,0,0,0
05382,2007,0,0,0
05382,2008,0,0,0
05382,2009,0,0,0
05382,2010,0,0,0
05382,2011,0,0,0
05382,2012,0,0,0
05382,2013,0,0,0
05382,2014,0,0,0
05382,2015,3,2400,2.0811654526534857
05382,2016,3,2400,2.0811654526534857
05382,2017,4,3200,2.7748872702046476
05382,2018,5,3209.5,2.783125216788068
05382,2019,5,3209.5,2.783125216788068
05382,2020,5,3209.5,2.783125216788068
05382,2021,5,3209.5,2.783125216788068
05382,2022,5,3209.5,2.783125216788068
05382,2023,5,3209.5,2.783125216788068
05512,1960,0,0,0
05512,1961,0,0,0
05512,1962,0,0,0
05512,1963,0,0,0
05512,1964,0,0,0
05512,1965,0,0,0
05512,1966,0,0,0
05512,1967,0,0,0
05512,1968,0,0,0
05512,1969,0,0,0
05512,1970,0,0,0
05512,1971,0,0,0
05512,1972,0,0,0
05512,1973,0,0,0
05512,1974,0,0,0
05512,1975,0,0,0
05512,1976,0,0,0
05512,1977,0,0,0
05512,1978,0,0,0
05512,1979,0,0,0
05512,1980,0,0,0
05512,1981,0,0,0
05512,1982,0,0,0
05512,1983,0,0,0
05512,1984,0,0,0
05512,1985,0,0,0
05512,1986,0,0,0
05512,1987,0,0,0
05512,1988,0,0,0
05512,1989,0,0,0
05512,1990,0,0,0
05512,1991,0,0,0
05512,1992,0,0,0
05512,1993,0,0,0
05512,1994,0,0,0
05512,1995,1,200,1.9878739687903788
05512,1996,1,200,1.9878739687903788
05512,1997,1,200,1.9878739687903788
05512,1998,1,200,1.9878739687903788
05512,1999,3,1200,11.927243812742272
05512,2000,3,1200,11.927243812742272
05512,2001,3,1200,11.927243812742272
05512,2002,3,1200,11.927243812742272
05512,2003,3,1200,11.927243812742272
05512,2004,3,1200,11.927243812742272
05512,2005,3,1200,11.927243812742272
05512,2006,3,1200,11.927243812742272
05512,2007,3,1200,11.927243812742272
05512,2008,3,1200,11.927243812742272
05512,2009,3,1200,11.927243812742272
05512,2010,3,1200,11.927243812742272
05512,2011,3,1200,11.927243812742272
05512,2012,3,1200,11.927243812742272
05512,2013,4,3500,34.78779445383163
05512,2014,4,3500,34.78779445383163
05512,2015,7,10700,106.35125733028526
05512,2016,8,13820,137.36209124341516
05512,2017,8,13820,137.36209124341516
05512,2018,8,13820,137.36209124341516
05512,2019,8,13820,137.36209124341516
05512,2020,8,13820,137.36209124341516
05512,2021,8,13820,137.36209124341516
05512,2022,8,13820,137.36209124341516
05512,2023,9,16170,160.71961037670212
05513,1960,0,0,0
05513,1961,0,0,0
05513,1962,0,0,0
05513,1963,0,0,0
05513,1964,0,0,0
05513,1965,0,0,0
05513,1966,0,0,0
05513,1967,0,0,0
05513,1968,0,0,0
05513,1969,0,0,0
05513,1970,0,0,0
05513,1971,0,0,0
05513,1972,0,0,0
05513,1973,0,0,0
05513,1974,0,0,0
05513,1975,0,0,0
05513,1976,0,0,0
05513,1977,0,0,0
05513,1978,0,0,0
05513,1979,0,0,0
05513,1980,0,0,0
05513,1981,0,0,0
05513,1982,0,0,0
05513,1983,0,0,0
05513,1984,0,0,0
05513,1985,0,0,0
05513,1986,0,0,0
05513,1987,0,0,0
05513,1988,0,0,0
05513,1989,0,0,0
05513,1990,0,0,0
05513,1991,0,0,0
05513,1992,0,0,0
05513,1993,0,0,0
05513,1994,0,0,0
05513,1995,0,0,0
05513,1996,0,0,0
05513,1997,0,0,0
05513,1998,0,0,0
05513,1999,0,0,0
05513,2000,0,0,0
05513,2001,0,0,0
05513,2002,0,0,0
05513,2003,0,0,0
05513,2004,0,0,0
05513,2005,0,0,0
05513,2006,0,0,0
05513,2007,0,0,0
05513,2008,0,0,0
05513,2009,0,0,0
05513,2010,2,4600,43.83457213645893
05513,2011,2,4600,43.83457213645893
05513,2012,2,4600,43.83457213645893
05513,2013,2,4600,43.83457213645893
05513,2014,2,4600,43.83457213645893
05513,2015,2,4600,43.83457213645893
05513,2016,2,4600,43.83457213645893
05513,2017,2,4600,43.83457213645893
05513,2018,2,4600,43.83457213645893
05513,2019,2,4600,43.83457213645893
05513,2020,2,4600,43.83457213645893
05513,2021,2,4600,43.83457213645893
05513,2022,2,4600,43.83457213645893
05513,2023,2,4600,43.83457213645893
05515,1960,0,0,0
05515,1961,0,0,0
05515,1962,0,0,0
05515,1963,0,0,0
05515,1964,0,0,0
05515,1965,0,0,0
05515,1966,0,0,0
05515,1967,0,0,0
05515,1968,0,0,0
05515,1969,0,0,0
05515,1970,0,0,0
05515,1971,0,0,0
05515,1972,0,0,0
05515,1973,0,0,0
05515,1974,0,0,0
05515,1975,0,0,0
05515,1976,0,0,0
05515,1977,0,0,0
05515,1978,0,0,0
05515,1979,0,0,0
05515,1980,0,0,0
05515,1981,0,0,0
05515,1982,0,0,0
05515,1983,0,0,0
05515,1984,0,0,0
05515,1985,0,0,0
05515,1986,0,0,0
05515,1987,0,0,0
05515,1988,0,0,0
05515,1989,0,0,0
05515,1990,0,0,0
05515,1991,0,0,0
05515,1992,0,0,0
05515,1993,0,0,0
05515,1994,0,0,0
05515,1995,0,0,0
05515,1996,0,0,0
05515,1997,0,0,0
05515,1998,0,0,0
05515,1999,1,600,1.9783698232656293
05515,2000,1,600,1.9783698232656293
05515,2001,3,2700,8.902664204695332
05515,2002,10,8700,28.686362437351626
05515,2003,20,21800,71.88077024531786
05515,2004,20,21800,71.88077024531786
05515,2005,21,23300,76.82669480348194
05515,2006,27,36300,119.69137430757057
05515,2007,27,36300,119.69137430757057
05515,2008,27,36300,119.69137430757057
05515,2009,27,36300,119.69137430757057
05515,2010,27,36300,119.69137430757057
05515,2011,27,36300,119.69137430757057
05515,2012,29,40650,134.03455552624638
05515,2013,29,40650,134.03455552624638
05515,2014,32,47850,157.77499340543395
05515,2015,32,47850,157.77499340543395
05515,2016,32,47850,157.77499340543395
05515,2017,37,64060,211.2239514639937
05515,2018,39,70260,231.6671063044052
05515,2019,40,74460,245.5156950672646
05515,2020,40,74460,245.5156950672646
05515,2021,43,84150,277.4663677130045
05515,2022,43,84150,277.4663677130045
05515,2023,47,98550,324.94724347137964
05554,1960,0,0,0
05554,1961,0,0,0
05554,1962,0,0,0
05554,1963,0,0,0
05554,1964,0,0,0
05554,1965,0,0,0
05554,1966,0,0,0
05554,1967,0,0,0
05554,1968,0,0,0
05554,1969,0,0,0
05554,1970,0,0,0
05554,1971,0,0,0
05554,1972,0,0,0
05554,1973,0,0,0
05554,1974,0,0,0
05554,1975,0,0,0
05554,1976,0,0,0
05554,1977,0,0,0
05554,1978,0,0,0
05554,1979,0,0,0
05554,1980,0,0,0
05554,1981,0,0,0
05554,1982,0,0,0
05554,1983,0,0,0
05554,1984,0,0,0
05554,1985,0,0,0
05554,1986,0,0,0
05554,1987,0,0,0
05554,1988,0,0,0
05554,1989,0,0,0
05554,1990,0,0,0
05554,1991,2,130,0.09148744510753293
05554,1992,5,540,0.3800247719851368
05554,1993,12,1245,0.8761682242990654
05554,1994,12,1245,0.8761682242990654
05554,1995,13,1495,1.0521056187366287
05554,1996,15,1965,1.3828679202792478
05554,1997,17,2715,1.9106801035919379
05554,1998,24,5695,4.007853845287693
05554,1999,28,7750,5.454059227564463
05554,2000,34,11550,8.128307623015425
05554,2001,41,19350,13.617554329467403
05554,2002,77,58550,41.20453777727733
05554,2003,89,76250,53.660905303456815
05554,2004,109,107650,75.75864204481478
05554,2005,123,126550,89.05950906429456
05554,2006,132,141650,99.68612768832338
05554,2007,141,156050,109.82012160792704
05554,2008,141,156050,109.82012160792704
05554,2009,153,176450,124.1766129940322
05554,2010,156,181550,127.76573584055849
05554,2011,164,191655.5,134.87747719851367
05554,2012,171,201457.2,141.77541943474836
05554,2013,180,208590.2,146.7952651728409
05554,2014,187,214724.5,151.11227620763427
05554,2015,189,217134.5,152.80831269001237
05554,2016,189,217134.5,152.80831269001237
05554,2017,249,402834.5,283.4946092782344
05554,2018,261,441884.5,310.9760302893818
05554,2019,276,501084.5,352.6380052921968
05554,2020,283,521534.5,367.0296841571895
05554,2021,291,562334.5,395.74266692939983
05554,2022,293,570734.5,401.65416338250196
05554,2023,311,642135.3,451.90244623353226
05558,1960,0,0,0
05558,1961,0,0,0
05558,1962,0,0,0
05558,1963,0,0,0
05558,1964,0,0,0
05558,1965,0,0,0
05558,1966,0,0,0
05558,1967,0,0,0
05558,1968,0,0,0
05558,1969,0,0,0
05558,1970,0,0,0
05558,1971,0,0,0
05558,1972,0,0,0
05558,1973,0,0,0
05558,1974,0,0,0
05558,1975,0,0,0
05558,1976,0,0,0
05558,1977,0,0,0
05558,1978,0,0,0
05558,1979,0,0,0
05558,1980,0,0,0
05558,1981,0,0,0
05558,1982,0,0,0
05558,1983,0,0,0
05558,1984,0,0,0
05558,1985,0,0,0
05558,1986,0,0,0
05558,1987,0,0,0
05558,1988,0,0,0
05558,1989,0,0,0
05558,1990,0,0,0
05558,1991,0,0,0
05558,1992,0,0,0
05558,1993,0,0,0
05558,1994,2,1000,0.8992563150274723
05558,1995,5,1800,1.61866136704945
05558,1996,5,1800,1.61866136704945
05558,1997,5,1800,1.61866136704945
05558,1998,8,3300,2.9675458395906587
05558,1999,9,3900,3.507099628607142
05558,2000,9,3900,3.507099628607142
05558,2001,10,4500,4.0466534176236255
05558,2002,27,29200,26.258284398802193
05558,2003,32,36500,32.82285549850274
05558,2004,38,43800,39.387426598203284
05558,2005,38,43800,39.387426598203284
05558,2006,43,50000,44.96281575137362
05558,2007,57,71000,63.847198366950536
05558,2008,59,74000,66.54496731203295
05558,2009,62,80000,71.94050520219778
05558,2010,64,84300,75.80730735681591
05558,2011,64,84300,75.80730735681591
05558,2012,64,84300,75.80730735681591
05558,2013,66,85900,77.24611746085986
05558,2014,66,85900,77.24611746085986
05558,2015,66,85900,77.24611746085986
05558,2016,69,94900,85.33942429610713
05558,2017,83,139600,125.53618157783514
05558,2018,87,151600,136.32725735816481
05558,2019,87,151600,136.32725735816481
05558,2020,92,169600,152.5138710286593
05558,2021,112,248630,223.58209760528044
05558,2022,116,266230,239.40900874976396
05558,2023,116,266230,239.40900874976396
05562,1960,0,0,0
05562,1961,0,0,0
05562,1962,0,0,0
05562,1963,0,0,0
05562,1964,0,0,0
05562,1965,0,0,0
05562,1966,0,0,0
05562,1967,0,0,0
05562,1968,0,0,0
05562,1969,0,0,0
05562,1970,0,0,0
05562,1971,0,0,0
05562,1972,0,0,0
05562,1973,0,0,0
05562,1974,0,0,0
05562,1975,0,0,0
05562,1976,0,0,0
05562,1977,0,0,0
05562,1978,0,0,0
05562,1979,0,0,0
05562,1980,0,0,0
05562,1981,0,0,0
05562,1982,0,0,0
05562,1983,0,0,0
05562,1984,0,0,0
05562,1985,0,0,0
05562,1986,0,0,0
05562,1987,0,0,0
05562,1988,0,0,0
05562,1989,0,0,0
05562,1990,0,0,0
05562,1991,0,0,0
05562,1992,0,0,0
05562,1993,0,0,0
05562,1994,1,80,0.10508064939841327
05562,1995,1,80,0.10508064939841327
05562,1996,2,580,0.7618347081384963
05562,1997,2,580,0.7618347081384963
05562,1998,3,1080,1.4185887668785793
05562,1999,4,1680,2.2066936373666786
05562,2000,8,4080,5.359113119319077
05562,2001,9,4680,6.147217989807177
05562,2002,13,7480,9.82504071875164
05562,2003,18,12080,15.867178059160404
05562,2004,21,16080,21.12121052908107
05562,2005,23,18081,23.74954027215888
05562,2006,23,18081,23.74954027215888
05562,2007,23,18081,23.74954027215888
05562,2008,23,18081,23.74954027215888
05562,2009,28,23331,30.64545788892975
05562,2010,28,23331,30.64545788892975
05562,2011,28,23331,30.64545788892975
05562,2012,29,25631,33.666526559134134
05562,2013,29,25631,33.666526559134134
05562,2014,34,40271,52.89628539904376
05562,2015,39,52671,69.18378605579782
05562,2016,50,85021,111.6757736562812
05562,2017,53,93411,122.69610676193977
05562,2018,55,99781,131.06315347028843
05562,2019,56,102831,135.06935322860295
05562,2020,59,114131,149.9119949561288
05562,2021,61,123131,161.7335680134503
05562,2022,64,137631,180.77943571691273
05562,2023,71,169632,222.8130089843955
05566,1960,0,0,0
05566,1961,0,0,0
05566,1962,0,0,0
05566,1963,0,0,0
05566,1964,0,0,0
05566,1965,0,0,0
05566,1966,0,0,0
05566,1967,0,0,0
05566,1968,0,0,0
05566,1969,0,0,0
05566,1970,0,0,0
05566,1971,0,0,0
05566,1972,0,0,0
05566,1973,0,0,0
05566,1974,0,0,0
05566,1975,0,0,0
05566,1976,0,0,0
05566,1977,0,0,0
05566,1978,0,0,0
05566,1979,0,0,0
05566,1980,0,0,0
05566,1981,0,0,0
05566,1982,0,0,0
05566,1983,0,0,0
05566,1984,0,0,0
05566,1985,0,0,0
05566,1986,0,0,0
05566,1987,0,0,0
05566,1988,0,0,0
05566,1989,0,0,0
05566,1990,0,0,0
05566,1991,2,140,0.07796142023432975
05566,1992,5,360,0.20047222345970508
05566,1993,11,770,0.42878781128881366
05566,1994,11,770,0.42878781128881366
05566,1995,18,2920,1.6260524791731634
05566,1996,18,2920,1.6260524791731634
05566,1997,19,3420,1.9044861228671983
05566,1998,24,6220,3.4637145275537935
05566,1999,27,7920,4.4103889161135115
05566,2000,34,15020,8.364146656568806
05566,2001,67,64470,35.901234017908855
05566,2002,105,112220,62.491646990689176
05566,2003,157,194020,108.04339109903327
05566,2004,168,213820,119.06936338931706
05566,2005,174,223620,124.52666280572014
05566,2006,182,237920,132.48986501536953
05566,2007,184,240720,134.04909342005612
05566,2008,184,240720,134.04909342005612
05566,2009,189,250720,139.61776629393682
05566,2010,191,252723,140.73317147057514
05566,2011,198,263223,146.58027798814987
05566,2012,199,265523,147.86107274914244
05566,2013,207,289173,161.03098409587028
05566,2014,218,316423,176.20561767719516
05566,2015,233,360323,200.65209159353142
05566,2016,246,399323,222.36991580166614
05566,2017,270,469448.5,261.4205127633982
05566,2018,289,539698.5,300.54043970241014
05566,2019,289,539698.5,300.54043970241014
05566,2020,291,548698.5,305.5522452889027
05566,2021,292,552148.5,307.4734374303916
05566,2022,298,577348.5,321.50649307257095
05566,2023,298,577348.5,321.50649307257095
05570,1960,0,0,0
05570,1961,0,0,0
05570,1962,0,0,0
05570,1963,0,0,0
05570,1964,0,0,0
05570,1965,0,0,0
05570,1966,0,0,0
05570,1967,0,0,0
05570,1968,0,0,0
05570,1969,0,0,0
05570,1970,0,0,0
05570,1971,0,0,0
05570,1972,0,0,0
05570,1973,0,0,0
05570,1974,0,0,0
05570,1975,0,0,0
05570,1976,0,0,0
05570,1977,0,0,0
05570,1978,0,0,0
05570,1979,0,0,0
05570,1980,0,0,0
05570,1981,0,0,0
05570,1982,0,0,0
05570,1983,0,0,0
05570,1984,0,0,0
05570,1985,0,0,0
05570,1986,0,0,0
05570,1987,0,0,0
05570,1988,0,0,0
05570,1989,0,0,0
05570,1990,0,0,0
05570,1991,0,0,0
05570,1992,1,60,0.045474526685968075
05570,1993,2,140,0.1061072289339255
05570,1994,2,140,0.1061072289339255
05570,1995,4,450,0.34105895014476056
05570,1996,4,450,0.34105895014476056
05570,1997,9,2850,2.1600400175834835
05570,1998,11,3950,2.993739673492898
05570,1999,13,5050,3.827439329402313
05570,2000,25,14450,10.951781843537312
05570,2001,37,26000,19.705628230586164
05570,2002,50,38600,29.255278834639462
05570,2003,61,55400,41.98814630671052
05570,2004,72,72500,54.94838641221142
05570,2005,73,73300,55.554713434690996
05570,2006,76,78800,59.72321171423807
05570,2007,82,90800,68.81811705143168
05570,2008,84,94800,71.84975216382956
05570,2009,116,145600,110.35151809128253
05570,2010,132,170805,129.45460884327963
05570,2011,140,187705,142.26326719316063
05570,2012,147,203805,154.46559852056205
05570,2013,154,217905,165.15211229176455
05570,2014,155,220205,166.89530248139334
05570,2015,155,220205,166.89530248139334
05570,2016,155,220205,166.89530248139334
05570,2017,166,245255,185.880917372785
05570,2018,169,254255,192.7020963756802
05570,2019,169,254255,192.7020963756802
05570,2020,174,279155,211.57402495035697
05570,2021,174,279155,211.57402495035697
05570,2022,177,293455,222.41212047717934
05570,2023,179,302755,229.46067211350442
05711,1960,0,0,0
05711,1961,0,0,0
05711,1962,0,0,0
05711,1963,0,0,0
05711,1964,0,0,0
05711,1965,0,0,0
05711,1966,0,0,0
05711,1967,0,0,0
05711,1968,0,0,0
05711,1969,0,0,0
05711,1970,0,0,0
05711,1971,0,0,0
05711,1972,0,0,0
05711,1973,0,0,0
05711,1974,0,0,0
05711,1975,0,0,0
05711,1976,0,0,0
05711,1977,0,0,0
05711,1978,0,0,0
05711,1979,0,0,0
05711,1980,0,0,0
05711,1981,0,0,0
05711,1982,0,0,0
05711,1983,0,0,0
05711,1984,0,0,0
05711,1985,0,0,0
05711,1986,0,0,0
05711,1987,0,0,0
05711,1988,0,0,0
05711,1989,0,0,0
05711,1990,0,0,0
05711,1991,0,0,0
05711,1992,0,0,0
05711,1993,0,0,0
05711,1994,0,0,0
05711,1995,0,0,0
05711,1996,0,0,0
05711,1997,0,0,0
05711,1998,0,0,0
05711,1999,0,0,0
05711,2000,0,0,0
05711,2001,0,0,0
05711,2002,2,2800,10.817911370397558
05711,2003,3,4600,17.772282965653133
05711,2004,3,4600,17.772282965653133
05711,2005,3,4600,17.772282965653133
05711,2006,3,4600,17.772282965653133
05711,2007,3,4600,17.772282965653133
05711,2008,3,4600,17.772282965653133
05711,2009,4,6100,23.56759262836611
05711,2010,4,6100,23.56759262836611
05711,2011,4,6100,23.56759262836611
05711,2012,4,6100,23.56759262836611
05711,2013,4,6100,23.56759262836611
05711,2014,5,8400,32.453734111192674
05711,2015,5,8400,32.453734111192674
05711,2016,5,8400,32.453734111192674
05711,2017,7,15300,59.11215855967237
05711,2018,7,15300,59.11215855967237
05711,2019,7,15300,59.11215855967237
05711,2020,7,15300,59.11215855967237
05711,2021,7,15300,59.11215855967237
05711,2022,7,15300,59.11215855967237
05711,2023,7,15300,59.11215855967237
05754,1960,0,0,0
05754,1961,0,0,0
05754,1962,0,0,0
05754,1963,0,0,0
05754,1964,0,0,0
05754,1965,0,0,0
05754,1966,0,0,0
05754,1967,0,0,0
05754,1968,0,0,0
05754,1969,0,0,0
05754,1970,0,0,0
05754,1971,0,0,0
05754,1972,0,0,0
05754,1973,0,0,0
05754,1974,0,0,0
05754,1975,0,0,0
05754,1976,0,0,0
05754,1977,0,0,0
05754,1978,0,0,0
05754,1979,0,0,0
05754,1980,0,0,0
05754,1981,0,0,0
05754,1982,0,0,0
05754,1983,0,0,0
05754,1984,0,0,0
05754,1985,0,0,0
05754,1986,0,0,0
05754,1987,0,0,0
05754,1988,0,0,0
05754,1989,0,0,0
05754,1990,0,0,0
05754,1991,0,0,0
05754,1992,1,80,0.08254145128506722
05754,1993,1,80,0.08254145128506722
05754,1994,1,80,0.08254145128506722
05754,1995,1,80,0.08254145128506722
05754,1996,1,80,0.08254145128506722
05754,1997,1,80,0.08254145128506722
05754,1998,1,80,0.08254145128506722
05754,1999,1,80,0.08254145128506722
05754,2000,2,1880,1.9397241051990797
05754,2001,3,2880,2.97149224626242
05754,2002,10,12430,12.824877993417319
05754,2003,12,13880,14.320941797959161
05754,2004,18,20880,21.543318785402544
05754,2005,18,20880,21.543318785402544
05754,2006,20,23880,24.638623208592563
05754,2007,21,25380,26.186275420187574
05754,2008,21,25380,26.186275420187574
05754,2009,23,29380,30.313347984440934
05754,2010,27,37380,38.56749311294766
05754,2011,29,41980,43.31362656183902
05754,2012,30,44280,45.68669328628471
05754,2013,30,44280,45.68669328628471
05754,2014,30,44280,45.68669328628471
05754,2015,30,44280,45.68669328628471
05754,2016,40,68936,71.12596857234242
05754,2017,45,82976,85.61199327287171
05754,2018,46,85376,88.08823681142373
05754,2019,46,85376,88.08823681142373
05754,2020,47,88976,91.80260211925176
05754,2021,47,88976,91.80260211925176
05754,2022,47,88976,91.80260211925176
05754,2023,49,99176,102.32663715809782
05758,1960,0,0,0
05758,1961,0,0,0
05758,1962,0,0,0
05758,1963,0,0,0
05758,1964,0,0,0
05758,1965,0,0,0
05758,1966,0,0,0
05758,1967,0,0,0
05758,1968,0,0,0
05758,1969,0,0,0
05758,1970,0,0,0
05758,1971,0,0,0
05758,1972,0,0,0
05758,1973,0,0,0
05758,1974,0,0,0
05758,1975,0,0,0
05758,1976,0,0,0
05758,1977,0,0,0
05758,1978,0,0,0
05758,1979,0,0,0
05758,1980,0,0,0
05758,1981,0,0,0
05758,1982,0,0,0
05758,1983,0,0,0
05758,1984,0,0,0
05758,1985,0,0,0
05758,1986,0,0,0
05758,1987,0,0,0
05758,1988,0,0,0
05758,1989,1,80,0.17761989342806395
05758,1990,1,80,0.17761989342806395
05758,1991,1,80,0.17761989342806395
05758,1992,2,365,0.8103907637655418
05758,1993,2,365,0.8103907637655418
05758,1994,2,365,0.8103907637655418
05758,1995,2,365,0.8103907637655418
05758,1996,5,1965,4.362788632326821
05758,1997,5,1965,4.362788632326821
05758,1998,5,1965,4.362788632326821
05758,1999,5,1965,4.362788632326821
05758,2000,5,1965,4.362788632326821
05758,2001,6,2565,5.694937833037301
05758,2002,11,8065,17.906305506216697
05758,2003,12,8665,19.238454706927175
05758,2004,12,8665,19.238454706927175
05758,2005,15,12765,28.341474245115453
05758,2006,18,17265,38.33259325044405
05758,2007,19,18765,41.66296625222025
05758,2008,20,20765,46.10346358792185
05758,2009,20,20765,46.10346358792185
05758,2010,20,20765,46.10346358792185
05758,2011,20,20765,46.10346358792185
05758,2012,20,20765,46.10346358792185
05758,2013,20,20765,46.10346358792185
05758,2014,25,36015,79.96225577264654
05758,2015,26,36024.5,79.98334813499112
05758,2016,26,36024.5,79.98334813499112
05758,2017,26,36024.5,79.98334813499112
05758,2018,26,36024.5,79.98334813499112
05758,2019,26,36024.5,79.98334813499112
05758,2020,26,36024.5,79.98334813499112
05758,2021,26,36024.5,79.98334813499112
05758,2022,26,36024.5,79.98334813499112
05758,2023,26,36024.5,79.98334813499112
05762,1960,0,0,0
05762,1961,0,0,0
05762,1962,0,0,0
05762,1963,0,0,0
05762,1964,0,0,0
05762,1965,0,0,0
05762,1966,0,0,0
05762,1967,0,0,0
05762,1968,0,0,0
05762,1969,0,0,0
05762,1970,0,0,0
05762,1971,0,0,0
05762,1972,0,0,0
05762,1973,0,0,0
05762,1974,0,0,0
05762,1975,0,0,0
05762,1976,0,0,0
05762,1977,0,0,0
05762,1978,0,0,0
05762,1979,0,0,0
05762,1980,0,0,0
05762,1981,0,0,0
05762,1982,0,0,0
05762,1983,0,0,0
05762,1984,0,0,0
05762,1985,0,0,0
05762,1986,0,0,0
05762,1987,0,0,0
05762,1988,0,0,0
05762,1989,0,0,0
05762,1990,0,0,0
05762,1991,0,0,0
05762,1992,0,0,0
05762,1993,3,650,0.5410264520317624
05762,1994,11,2925,2.434619034142931
05762,1995,23,8850,7.36628323150938
05762,1996,29,12800,10.654059363087013
05762,1997,56,27000,22.473406469011667
05762,1998,74,38620,32.1452947345641
05762,1999,92,51990,43.273792678663575
05762,2000,117,73440,61.12766559571174
05762,2001,147,123790,103.0364069184798
05762,2002,170,151740,126.30054435584557
05762,2003,186,172440,143.53015598208785
05762,2004,196,181890,151.39584824624194
05762,2005,199,185090,154.05936308701368
05762,2006,201,186690,155.39112050739956
05762,2007,204,188690,157.05581728288192
05762,2008,205,189490,157.72169599307486
05762,2009,207,193490,161.05108954403954
05762,2010,207,193490,161.05108954403954
05762,2011,214,206590,171.9548534234489
05762,2012,215,208890,173.86925471525362
05762,2013,217,213490,177.698057298863
05762,2014,222,222740,185.39727988546886
05762,2015,254,307490,255.93880574653326
05762,2016,314,469640,390.90409681876446
05762,2017,324,495070,412.07071631902244
05762,2018,335,525770,437.6238118226765
05762,2019,336,529220,440.49541376038354
05762,2020,349,568520,473.20670539861163
05762,2021,350,573020,476.9522731434469
05762,2022,358,598720.3,498.3438764129114
05762,2023,371,658120.3,547.7853706447371
05766,1960,0,0,0
05766,1961,0,0,0
05766,1962,0,0,0
05766,1963,0,0,0
05766,1964,0,0,0
05766,1965,0,0,0
05766,1966,0,0,0
05766,1967,0,0,0
05766,1968,0,0,0
05766,1969,0,0,0
05766,1970,0,0,0
05766,1971,0,0,0
05766,1972,0,0,0
05766,1973,0,0,0
05766,1974,0,0,0
05766,1975,0,0,0
05766,1976,0,0,0
05766,1977,0,0,0
05766,1978,0,0,0
05766,1979,0,0,0
05766,1980,0,0,0
05766,1981,0,0,0
05766,1982,0,0,0
05766,1983,0,0,0
05766,1984,0,0,0
05766,1985,0,0,0
05766,1986,0,0,0
05766,1987,0,0,0
05766,1988,0,0,0
05766,1989,0,0,0
05766,1990,0,0,0
05766,1991,0,0,0
05766,1992,0,0,0
05766,1993,0,0,0
05766,1994,1,270,0.21665864227250842
05766,1995,1,270,0.21665864227250842
05766,1996,1,270,0.21665864227250842
05766,1997,2,770,0.617878350184561
05766,1998,5,3470,2.784464772909645
05766,1999,11,8670,6.957149735194992
05766,2000,12,9420,7.558979297063072
05766,2001,33,38470,30.86984432675333
05766,2002,44,55870,44.83229016209276
05766,2003,52,68270,54.782538918311666
05766,2004,54,70870,56.86888139945434
05766,2005,57,74670,59.91815117958594
05766,2006,60,78670,63.12790884288236
05766,2007,61,78745,63.18809179906917
05766,2008,65,86745,69.60760712566201
05766,2009,74,97745,78.43444069972716
05766,2010,76,100595,80.72139303482587
05766,2011,82,113145,90.79200770341839
05766,2012,82,113145,90.79200770341839
05766,2013,84,115995,93.0789600385171
05766,2014,85,116002.5,93.08497833413577
05766,2015,86,119077.5,95.5524795377949
05766,2016,92,134427.5,107.8699245706949
05766,2017,95,139827.5,112.20309741614507
05766,2018,95,139827.5,112.20309741614507
05766,2019,95,139827.5,112.20309741614507
05766,2020,98,150277.5,120.58858931150698
05766,2021,98,150277.5,120.58858931150698
05766,2022,101,162277.5,130.21786230139625
05766,2023,102,166477.5,133.5881078478575
05770,1960,0,0,0
05770,1961,0,0,0
05770,1962,0,0,0
05770,1963,0,0,0
05770,1964,0,0,0
05770,1965,0,0,0
05770,1966,0,0,0
05770,1967,0,0,0
05770,1968,0,0,0
05770,1969,0,0,0
05770,1970,0,0,0
05770,1971,0,0,0
05770,1972,0,0,0
05770,1973,0,0,0
05770,1974,0,0,0
05770,1975,0,0,0
05770,1976,0,0,0
05770,1977,0,0,0
05770,1978,0,0,0
05770,1979,0,0,0
05770,1980,0,0,0
05770,1981,0,0,0
05770,1982,0,0,0
05770,1983,0,0,0
05770,1984,0,0,0
05770,1985,0,0,0
05770,1986,0,0,0
05770,1987,0,0,0
05770,1988,0,0,0
05770,1989,0,0,0
05770,1990,1,75,0.06508043942312698
05770,1991,2,130,0.11280609500008677
05770,1992,4,430,0.3731278526925947
05770,1993,4,430,0.3731278526925947
05770,1994,5,510,0.44254698807726345
05770,1995,15,3070,2.6639593203866645
05770,1996,24,6534,5.669807882542822
05770,1997,37,15034,13.045591017163881
05770,1998,38,15534,13.47946061331806
05770,1999,40,17134,14.867843321011437
05770,2000,47,21634,18.772669686399055
05770,2001,48,23134,20.074278474861593
05770,2002,58,35434,30.74747054025442
05770,2003,62,39034,33.87133163256451
05770,2004,62,39034,33.87133163256451
05770,2005,62,39034,33.87133163256451
05770,2006,62,39034,33.87133163256451
05770,2007,62,39034,33.87133163256451
05770,2008,62,39034,33.87133163256451
05770,2009,62,39034,33.87133163256451
05770,2010,64,40634,35.25971434025789
05770,2011,64,40634,35.25971434025789
05770,2012,65,40639,35.26405303621943
05770,2013,66,43689,37.91065757275993
05770,2014,70,52493.6,45.55075406535811
05770,2015,70,52493.6,45.55075406535811
05770,2016,71,54543.6,47.32961940959025
05770,2017,71,54543.6,47.32961940959025
05770,2018,71,54543.6,47.32961940959025
05770,2019,71,54543.6,47.32961940959025
05770,2020,74,64143.6,55.6599156557505
05770,2021,74,64143.6,55.6599156557505
05770,2022,74,64143.6,55.6599156557505
05770,2023,75,67943.6,58.957324586522276
05774,1960,0,0,0
05774,1961,0,0,0
05774,1962,0,0,0
05774,1963,0,0,0
05774,1964,0,0,0
05774,1965,0,0,0
05774,1966,0,0,0
05774,1967,0,0,0
05774,1968,0,0,0
05774,1969,0,0,0
05774,1970,0,0,0
05774,1971,0,0,0
05774,1972,0,0,0
05774,1973,0,0,0
05774,1974,0,0,0
05774,1975,0,0,0
05774,1976,0,0,0
05774,1977,0,0,0
05774,1978,0,0,0
05774,1979,0,0,0
05774,1980,0,0,0
05774,1981,0,0,0
05774,1982,0,0,0
05774,1983,0,0,0
05774,1984,0,0,0
05774,1985,0,0,0
05774,1986,0,0,0
05774,1987,0,0,0
05774,1988,0,0,0
05774,1989,0,0,0
05774,1990,0,0,0
05774,1991,0,0,0
05774,1992,4,600,0.481239673398675
05774,1993,7,1150,0.9223760406807937
05774,1994,10,2200,1.764545469128475
05774,1995,23,7770,6.232053770512842
05774,1996,39,16170,12.969409198094292
05774,1997,46,20970,16.81932658528369
05774,1998,50,23170,18.583872054412165
05774,1999,56,27670,22.193169604902227
05774,2000,60,33130,26.572450632830172
05774,2001,72,47130,37.80137634546592
05774,2002,79,57180,45.862140874893726
05774,2003,91,69030,55.36662442451756
05774,2004,103,91130,73.09228572803542
05774,2005,109,102130,81.9150130736778
05774,2006,121,119030,95.46993054107381
05774,2007,127,131030,105.09472400904731
05774,2008,127,131030,105.09472400904731
05774,2009,146,161830,129.79836057684597
05774,2010,150,170430,136.69612922889362
05774,2011,171,215430,172.78910473379426
05774,2012,197,266334.6,213.61795986461124
05774,2013,230,340434.6,273.0510595293476
05774,2014,263,413254.4,331.45735414427566
05774,2015,281,460754.4,369.5554949550041
05774,2016,327,578974.4,464.37575193698973
05774,2017,382,725326.4,581.7597330723945
05774,2018,400,779376.4,625.1114069843918
05774,2019,403,787676.4,631.7685557997402
05774,2020,429,867226.4,695.5729158311811
05774,2021,437,895726.4,718.4318003176182
05774,2022,465,1009626.4,809.7871316511333
05774,2023,485,1098587.4,881.1397359598325
05913,1960,0,0,0
05913,1961,0,0,0
05913,1962,0,0,0
05913,1963,0,0,0
05913,1964,0,0,0
05913,1965,0,0,0
05913,1966,0,0,0
05913,1967,0,0,0
05913,1968,0,0,0
05913,1969,0,0,0
05913,1970,0,0,0
05913,1971,0,0,0
05913,1972,0,0,0
05913,1973,0,0,0
05913,1974,0,0,0
05913,1975,0,0,0
05913,1976,0,0,0
05913,1977,0,0,0
05913,1978,0,0,0
05913,1979,0,0,0
05913,1980,0,0,0
05913,1981,0,0,0
05913,1982,0,0,0
05913,1983,0,0,0
05913,1984,0,0,0
05913,1985,0,0,0
05913,1986,0,0,0
05913,1987,0,0,0
05913,1988,0,0,0
05913,1989,0,0,0
05913,1990,0,0,0
05913,1991,0,0,0
05913,1992,0,0,0
05913,1993,0,0,0
05913,1994,0,0,0
05913,1995,0,0,0
05913,1996,0,0,0
05913,1997,1,500,1.781197677318229
05913,1998,1,500,1.781197677318229
05913,1999,1,500,1.781197677318229
05913,2000,1,500,1.781197677318229
05913,2001,1,500,1.781197677318229
05913,2002,2,2000,7.124790709272916
05913,2003,3,3500,12.468383741227603
05913,2004,3,3500,12.468383741227603
05913,2005,6,9500,33.84275586904635
05913,2006,6,9500,33.84275586904635
05913,2007,6,9500,33.84275586904635
05913,2008,6,9500,33.84275586904635
05913,2009,7,10300,36.69267215275551
05913,2010,7,10300,36.69267215275551
05913,2011,7,10300,36.69267215275551
05913,2012,7,10300,36.69267215275551
05913,2013,7,10300,36.69267215275551
05913,2014,7,10300,36.69267215275551
05913,2015,7,10300,36.69267215275551
05913,2016,8,12300,43.81746286202843
05913,2017,8,12300,43.81746286202843
05913,2018,8,12300,43.81746286202843
05913,2019,8,12300,43.81746286202843
05913,2020,8,12300,43.81746286202843
05913,2021,8,12300,43.81746286202843
05913,2022,8,12300,43.81746286202843
05913,2023,8,12300,43.81746286202843
05914,1960,0,0,0
05914,1961,0,0,0
05914,1962,0,0,0
05914,1963,0,0,0
05914,1964,0,0,0
05914,1965,0,0,0
05914,1966,0,0,0
05914,1967,0,0,0
05914,1968,0,0,0
05914,1969,0,0,0
05914,1970,0,0,0
05914,1971,0,0,0
05914,1972,0,0,0
05914,1973,0,0,0
05914,1974,0,0,0
05914,1975,0,0,0
05914,1976,0,0,0
05914,1977,0,0,0
05914,1978,0,0,0
05914,1979,0,0,0
05914,1980,0,0,0
05914,1981,0,0,0
05914,1982,0,0,0
05914,1983,0,0,0
05914,1984,0,0,0
05914,1985,0,0,0
05914,1986,0,0,0
05914,1987,0,0,0
05914,1988,0,0,0
05914,1989,0,0,0
05914,1990,0,0,0
05914,1991,0,0,0
05914,1992,0,0,0
05914,1993,0,0,0
05914,1994,0,0,0
05914,1995,1,200,1.2464942349641635
05914,1996,2,700,4.362729822374572
05914,1997,3,1200,7.478965409784981
05914,1998,3,1200,7.478965409784981
05914,1999,3,1200,7.478965409784981
05914,2000,3,1200,7.478965409784981
05914,2001,4,3000,18.69741352446245
05914,2002,4,3000,18.69741352446245
05914,2003,8,9300,57.9619819258336
05914,2004,9,9900,61.701464630726086
05914,2005,11,11700,72.91991274540356
05914,2006,11,11700,72.91991274540356
05914,2007,11,11700,72.91991274540356
05914,2008,11,11700,72.91991274540356
05914,2009,11,11700,72.91991274540356
05914,2010,11,11700,72.91991274540356
05914,2011,11,11700,72.91991274540356
05914,2012,11,11700,72.91991274540356
05914,2013,11,11700,72.91991274540356
05914,2014,11,11700,72.91991274540356
05914,2015,11,11700,72.91991274540356
05914,2016,11,11700,72.91991274540356
05914,2017,12,14700,91.61732626986601
05914,2018,12,14700,91.61732626986601
05914,2019,13,18200,113.43097538173886
05914,2020,13,18200,113.43097538173886
05914,2021,13,18200,113.43097538173886
05914,2022,13,18200,113.43097538173886
05914,2023,13,18200,113.43097538173886
05915,1960,0,0,0
05915,1961,0,0,0
05915,1962,0,0,0
05915,1963,0,0,0
05915,1964,0,0,0
05915,1965,0,0,0
05915,1966,0,0,0
05915,1967,0,0,0
05915,1968,0,0,0
05915,1969,0,0,0
05915,1970,0,0,0
05915,1971,0,0,0
05915,1972,0,0,0
05915,1973,0,0,0
05915,1974,0,0,0
05915,1975,0,0,0
05915,1976,0,0,0
05915,1977,0,0,0
05915,1978,0,0,0
05915,1979,0,0,0
05915,1980,0,0,0
05915,1981,0,0,0
05915,1982,0,0,0
05915,1983,0,0,0
05915,1984,0,0,0
05915,1985,0,0,0
05915,1986,0,0,0
05915,1987,0,0,0
05915,1988,0,0,0
05915,1989,0,0,0
05915,1990,0,0,0
05915,1991,0,0,0
05915,1992,0,0,0
05915,1993,0,0,0
05915,1994,0,0,0
05915,1995,0,0,0
05915,1996,1,500,2.205947233742169
05915,1997,1,500,2.205947233742169
05915,1998,1,500,2.205947233742169
05915,1999,1,500,2.205947233742169
05915,2000,1,500,2.205947233742169
05915,2001,5,5600,24.706609017912292
05915,2002,10,8600,37.942292420365305
05915,2003,12,10300,45.44251301508868
05915,2004,12,10300,45.44251301508868
05915,2005,12,10300,45.44251301508868
05915,2006,12,10300,45.44251301508868
05915,2007,16,18300,80.73766875496338
05915,2008,16,18300,80.73766875496338
05915,2009,19,20700,91.3262154769258
05915,2010,19,20700,91.3262154769258
05915,2011,19,20700,91.3262154769258
05915,2012,19,20700,91.3262154769258
05915,2013,19,20700,91.3262154769258
05915,2014,21,20708.5,91.3637165798994
05915,2015,21,20708.5,91.3637165798994
05915,2016,25,29908.5,131.9531456807553
05915,2017,27,34708.5,153.13023912468014
05915,2018,27,34708.5,153.13023912468014
05915,2019,27,34708.5,153.13023912468014
05915,2020,27,34708.5,153.13023912468014
05915,2021,29,41708.5,184.01350039707052
05915,2022,29,41708.5,184.01350039707052
05915,2023,31,50108.5,221.07341392393894
05954,1960,0,0,0
05954,1961,0,0,0
05954,1962,0,0,0
05954,1963,0,0,0
05954,1964,0,0,0
05954,1965,0,0,0
05954,1966,0,0,0
05954,1967,0,0,0
05954,1968,0,0,0
05954,1969,0,0,0
05954,1970,0,0,0
05954,1971,0,0,0
05954,1972,0,0,0
05954,1973,0,0,0
05954,1974,0,0,0
05954,1975,0,0,0
05954,1976,0,0,0
05954,1977,0,0,0
05954,1978,0,0,0
05954,1979,0,0,0
05954,1980,0,0,0
05954,1981,0,0,0
05954,1982,0,0,0
05954,1983,0,0,0
05954,1984,0,0,0
05954,1985,0,0,0
05954,1986,0,0,0
05954,1987,0,0,0
05954,1988,0,0,0
05954,1989,0,0,0
05954,1990,0,0,0
05954,1991,0,0,0
05954,1992,1,80,0.19528866105211767
05954,1993,1,80,0.19528866105211767
05954,1994,2,160,0.39057732210423535
05954,1995,2,160,0.39057732210423535
05954,1996,2,160,0.39057732210423535
05954,1997,4,740,1.8064201147320884
05954,1998,4,740,1.8064201147320884
05954,1999,4,740,1.8064201147320884
05954,2000,5,1340,3.271085072622971
05954,2001,5,1340,3.271085072622971
05954,2002,5,1340,3.271085072622971
05954,2003,5,1340,3.271085072622971
05954,2004,5,1340,3.271085072622971
05954,2005,5,1340,3.271085072622971
05954,2006,5,1340,3.271085072622971
05954,2007,6,3340,8.153301598925912
05954,2008,6,3340,8.153301598925912
05954,2009,7,5640,13.767850604174296
05954,2010,7,5640,13.767850604174296
05954,2011,7,5640,13.767850604174296
05954,2012,7,5640,13.767850604174296
05954,2013,8,5641.5,13.771512266569022
05954,2014,8,5641.5,13.771512266569022
05954,2015,8,5641.5,13.771512266569022
05954,2016,9,5642.5,13.773953374832175
05954,2017,9,5642.5,13.773953374832175
05954,2018,9,5642.5,13.773953374832175
05954,2019,9,5642.5,13.773953374832175
05954,2020,9,5642.5,13.773953374832175
05954,2021,9,5642.5,13.773953374832175
05954,2022,9,5642.5,13.773953374832175
05954,2023,9,5642.5,13.773953374832175
05958,1960,0,0,0
05958,1961,0,0,0
05958,1962,0,0,0
05958,1963,0,0,0
05958,1964,0,0,0
05958,1965,0,0,0
05958,1966,0,0,0
05958,1967,0,0,0
05958,1968,0,0,0
05958,1969,0,0,0
05958,1970,0,0,0
05958,1971,0,0,0
05958,1972,0,0,0
05958,1973,0,0,0
05958,1974,0,0,0
05958,1975,0,0,0
05958,1976,0,0,0
05958,1977,0,0,0
05958,1978,0,0,0
05958,1979,0,0,0
05958,1980,0,0,0
05958,1981,0,0,0
05958,1982,0,0,0
05958,1983,0,0,0
05958,1984,0,0,0
05958,1985,0,0,0
05958,1986,0,0,0
05958,1987,0,0,0
05958,1988,0,0,0
05958,1989,0,0,0
05958,1990,0,0,0
05958,1991,1,150,0.07652436535792996
05958,1992,1,150,0.07652436535792996
05958,1993,2,300,0.15304873071585992
05958,1994,3,600,0.30609746143171984
05958,1995,11,3725,1.9003550730552607
05958,1996,15,5235,2.6707003509917557
05958,1997,16,5735,2.925781568851522
05958,1998,16,5735,2.925781568851522
05958,1999,16,5735,2.925781568851522
05958,2000,16,5735,2.925781568851522
05958,2001,16,5735,2.925781568851522
05958,2002,19,9735,4.966431311729655
05958,2003,21,11835,6.037772426740674
05958,2004,23,14635,7.466227246755366
05958,2005,27,22635,11.547526732511631
05958,2006,27,22635,11.547526732511631
05958,2007,35,38035,19.40402824259244
05958,2008,38,43335,22.107889151905965
05958,2009,41,49935,25.474961227654884
05958,2010,41,49935,25.474961227654884
05958,2011,43,52242,26.651905966859847
05958,2012,47,61442,31.345400375479553
05958,2013,48,62942,32.110644029058854
05958,2014,52,67999.5,34.69079054771039
05958,2015,52,67999.5,34.69079054771039
05958,2016,52,67999.5,34.69079054771039
05958,2017,53,70299.5,35.86416414986532
05958,2018,53,70299.5,35.86416414986532
05958,2019,53,70299.5,35.86416414986532
05958,2020,61,102099.5,52.08732960574647
05958,2021,66,117399.5,59.89281487225532
05958,2022,75,149999.5,76.52411027671211
05958,2023,85,195300.5,99.63497877724267
05962,1960,0,0,0
05962,1961,0,0,0
05962,1962,0,0,0
05962,1963,0,0,0
05962,1964,0,0,0
05962,1965,0,0,0
05962,1966,0,0,0
05962,1967,0,0,0
05962,1968,0,0,0
05962,1969,0,0,0
05962,1970,0,0,0
05962,1971,0,0,0
05962,1972,0,0,0
05962,1973,0,0,0
05962,1974,0,0,0
05962,1975,0,0,0
05962,1976,0,0,0
05962,1977,0,0,0
05962,1978,0,0,0
05962,1979,0,0,0
05962,1980,0,0,0
05962,1981,0,0,0
05962,1982,0,0,0
05962,1983,0,0,0
05962,1984,0,0,0
05962,1985,0,0,0
05962,1986,0,0,0
05962,1987,0,0,0
05962,1988,0,0,0
05962,1989,1,50,0.047121800429750824
05962,1990,1,50,0.047121800429750824
05962,1991,1,50,0.047121800429750824
05962,1992,1,50,0.047121800429750824
05962,1993,1,50,0.047121800429750824
05962,1994,2,650,0.6125834055867607
05962,1995,2,650,0.6125834055867607
05962,1996,2,650,0.6125834055867607
05962,1997,4,1450,1.366532212462774
05962,1998,7,3050,2.8744298262148003
05962,1999,7,3050,2.8744298262148003
05962,2000,9,4310,4.061899197044521
05962,2001,12,6360,5.993893014664304
05962,2002,12,6360,5.993893014664304
05962,2003,16,10210,9.622271647755118
05962,2004,18,13810,13.015041278697177
05962,2005,21,17610,16.59629811135824
05962,2006,22,18410,17.35024691823425
05962,2007,25,24410,23.004862969804353
05962,2008,25,24410,23.004862969804353
05962,2009,25,24410,23.004862969804353
05962,2010,26,26410,24.889734986994384
05962,2011,26,26410,24.889734986994384
05962,2012,26,26410,24.889734986994384
05962,2013,26,26410,24.889734986994384
05962,2014,27,27210,25.643683793870398
05962,2015,27,27210,25.643683793870398
05962,2016,27,27210,25.643683793870398
05962,2017,28,30210,28.47099181965545
05962,2018,28,30210,28.47099181965545
05962,2019,28,30210,28.47099181965545
05962,2020,28,30210,28.47099181965545
05962,2021,28,30210,28.47099181965545
05962,2022,30,34910,32.900441060052025
05962,2023,30,34910,32.900441060052025
05966,1960,0,0,0
05966,1961,0,0,0
05966,1962,0,0,0
05966,1963,0,0,0
05966,1964,0,0,0
05966,1965,0,0,0
05966,1966,0,0,0
05966,1967,0,0,0
05966,1968,0,0,0
05966,1969,0,0,0
05966,1970,0,0,0
05966,1971,0,0,0
05966,1972,0,0,0
05966,1973,0,0,0
05966,1974,0,0,0
05966,1975,0,0,0
05966,1976,0,0,0
05966,1977,0,0,0
05966,1978,0,0,0
05966,1979,0,0,0
05966,1980,0,0,0
05966,1981,0,0,0
05966,1982,0,0,0
05966,1983,0,0,0
05966,1984,0,0,0
05966,1985,0,0,0
05966,1986,0,0,0
05966,1987,0,0,0
05966,1988,0,0,0
05966,1989,0,0,0
05966,1990,0,0,0
05966,1991,0,0,0
05966,1992,0,0,0
05966,1993,0,0,0
05966,1994,0,0,0
05966,1995,1,500,0.7021387145244414
05966,1996,1,500,0.7021387145244414
05966,1997,2,1000,1.4042774290488829
05966,1998,2,1000,1.4042774290488829
05966,1999,2,1000,1.4042774290488829
05966,2000,3,1600,2.2468438864782128
05966,2001,7,4900,6.880959402339526
05966,2002,10,10300,14.464057519203493
05966,2003,11,11800,16.570473662776816
05966,2004,16,18400,25.838704694499445
05966,2005,16,18400,25.838704694499445
05966,2006,18,20000,28.085548580977658
05966,2007,18,20000,28.085548580977658
05966,2008,18,20000,28.085548580977658
05966,2009,19,20800,29.208970524216763
05966,2010,19,20800,29.208970524216763
05966,2011,19,20800,29.208970524216763
05966,2012,19,20800,29.208970524216763
05966,2013,19,20800,29.208970524216763
05966,2014,19,20800,29.208970524216763
05966,2015,19,20800,29.208970524216763
05966,2016,19,20800,29.208970524216763
05966,2017,19,20800,29.208970524216763
05966,2018,21,25600,35.949502183651404
05966,2019,21,25600,35.949502183651404
05966,2020,21,25600,35.949502183651404
05966,2021,21,25600,35.949502183651404
05966,2022,21,25600,35.949502183651404
05966,2023,22,25600.9,35.950766033337544
05970,1960,0,0,0
05970,1961,0,0,0
05970,1962,0,0,0
05970,1963,0,0,0
05970,1964,0,0,0
05970,1965,0,0,0
05970,1966,0,0,0
05970,1967,0,0,0
05970,1968,0,0,0
05970,1969,0,0,0
05970,1970,0,0,0
05970,1971,0,0,0
05970,1972,0,0,0
05970,1973,0,0,0
05970,1974,0,0,0
05970,1975,0,0,0
05970,1976,0,0,0
05970,1977,0,0,0
05970,1978,0,0,0
05970,1979,0,0,0
05970,1980,0,0,0
05970,1981,0,0,0
05970,1982,0,0,0
05970,1983,0,0,0
05970,1984,0,0,0
05970,1985,0,0,0
05970,1986,0,0,0
05970,1987,0,0,0
05970,1988,0,0,0
05970,1989,0,0,0
05970,1990,0,0,0
05970,1991,0,0,0
05970,1992,0,0,0
05970,1993,0,0,0
05970,1994,0,0,0
05970,1995,0,0,0
05970,1996,0,0,0
05970,1997,0,0,0
05970,1998,0,0,0
05970,1999,0,0,0
05970,2000,1,1650,1.4564520827264782
05970,2001,2,2650,2.3391503146819197
05970,2002,3,3250,2.8687692538551843
05970,2003,4,4750,4.192816601788346
05970,2004,4,4750,4.192816601788346
05970,2005,4,4750,4.192816601788346
05970,2006,4,4750,4.192816601788346
05970,2007,8,12750,11.254402457431876
05970,2008,9,14750,13.01979892134276
05970,2009,16,26150,23.08255876563479
05970,2010,19,33650,29.7027955053006
05970,2011,19,33650,29.7027955053006
05970,2012,19,33650,29.7027955053006
05970,2013,26,52107.6,45.995286391441354
05970,2014,28,58257.6,51.42388051796732
05970,2015,28,58257.6,51.42388051796732
05970,2016,28,58257.6,51.42388051796732
05970,2017,31,64858.6,57.25057154710518
05970,2018,34,72058.6,63.60599881718437
05970,2019,34,72058.6,63.60599881718437
05970,2020,34,72058.6,63.60599881718437
05970,2021,35,75358.6,66.51890298263733
05970,2022,35,75358.6,66.51890298263733
05970,2023,39,89158.6,78.70013858362242
05974,1960,0,0,0
05974,1961,0,0,0
05974,1962,0,0,0
05974,1963,0,0,0
05974,1964,0,0,0
05974,1965,0,0,0
05974,1966,0,0,0
05974,1967,0,0,0
05974,1968,0,0,0
05974,1969,0,0,0
05974,1970,0,0,0
05974,1971,0,0,0
05974,1972,0,0,0
05974,1973,0,0,0
05974,1974,0,0,0
05974,1975,0,0,0
05974,1976,0,0,0
05974,1977,0,0,0
05974,1978,0,0,0
05974,1979,0,0,0
05974,1980,0,0,0
05974,1981,0,0,0
05974,1982,0,0,0
05974,1983,0,0,0
05974,1984,0,0,0
05974,1985,0,0,0
05974,1986,0,0,0
05974,1987,0,0,0
05974,1988,0,0,0
05974,1989,0,0,0
05974,1990,0,0,0
05974,1991,0,0,0
05974,1992,3,480,0.3612743954298789
05974,1993,8,1460,1.098876286099215
05974,1994,17,5560,4.184761747062764
05974,1995,30,11910,8.96412093660387
05974,1996,46,20210,15.211157357578859
05974,1997,64,30110,22.66244176332011
05974,1998,69,32680,24.59676508885092
05974,1999,73,36040,27.125685856860073
05974,2000,88,53690,40.41004643881291
05974,2001,112,76900,57.87916876782851
05974,2002,143,105840,79.66100419228829
05974,2003,162,128040,96.3699449809202
05974,2004,169,136640,102.84277789903885
05974,2005,176,143240,107.81030083619969
05974,2006,179,146640,110.369327803828
05974,2007,187,156640,117.89587770861714
05974,2008,190,161440,121.50862166291593
05974,2009,192,164240,123.61605563625689
05974,2010,194,167090,125.76112235912179
05974,2011,198,170196.1,128.09894402504835
05974,2012,200,173296.1,130.432174495533
05974,2013,203,177196.1,133.36752895840075
05974,2014,206,182646.1,137.46949865651084
05974,2015,217,205646.1,154.78056343752587
05974,2016,220,208046.1,156.58693541467525
05974,2017,220,208046.1,156.58693541467525
05974,2018,220,208046.1,156.58693541467525
05974,2019,220,208046.1,156.58693541467525
05974,2020,220,208046.1,156.58693541467525
05974,2021,220,208046.1,156.58693541467525
05974,2022,224,230846.1,173.7474691975945
05974,2023,229,249656.1,187.9049095685029
05978,1960,0,0,0
05978,1961,0,0,0
05978,1962,0,0,0
05978,1963,0,0,0
05978,1964,0,0,0
05978,1965,0,0,0
05978,1966,0,0,0
05978,1967,0,0,0
05978,1968,0,0,0
05978,1969,0,0,0
05978,1970,0,0,0
05978,1971,0,0,0
05978,1972,0,0,0
05978,1973,0,0,0
05978,1974,0,0,0
05978,1975,0,0,0
05978,1976,0,0,0
05978,1977,0,0,0
05978,1978,0,0,0
05978,1979,0,0,0
05978,1980,0,0,0
05978,1981,0,0,0
05978,1982,0,0,0
05978,1983,0,0,0
05978,1984,0,0,0
05978,1985,0,0,0
05978,1986,0,0,0
05978,1987,0,0,0
05978,1988,0,0,0
05978,1989,0,0,0
05978,1990,0,0,0
05978,1991,1,80,0.1472726938016605
05978,1992,2,160,0.294545387603321
05978,1993,3,310,0.5706816884814344
05978,1994,7,1730,3.184772003460908
05978,1995,9,2480,4.565453507851475
05978,1996,11,3350,6.167044052944533
05978,1997,12,3950,7.271589256456987
05978,1998,12,3950,7.271589256456987
05978,1999,13,4550,8.37613445996944
05978,2000,16,6350,11.689770070506802
05978,2001,17,6950,12.794315274019255
05978,2002,24,15700,28.90226615857587
05978,2003,24,15700,28.90226615857587
05978,2004,24,15700,28.90226615857587
05978,2005,27,18400,33.87271957438191
05978,2006,33,28700,52.8340789013457
05978,2007,34,29500,54.306805839362305
05978,2008,34,29500,54.306805839362305
05978,2009,39,33500,61.67044052944533
05978,2010,39,33500,61.67044052944533
05978,2011,41,35100,64.61589440547854
05978,2012,41,35100,64.61589440547854
05978,2013,41,35100,64.61589440547854
05978,2014,41,35100,64.61589440547854
05978,2015,42,37400,68.84998435227628
05978,2016,43,40400,74.37271036983854
05978,2017,43,40400,74.37271036983854
05978,2018,44,44600,82.10452679442572
05978,2019,44,44600,82.10452679442572
05978,2020,44,44600,82.10452679442572
05978,2021,44,44600,82.10452679442572
05978,2022,46,53000,97.56815964360007
05978,2023,46,53000,97.56815964360007
06414,1960,0,0,0
06414,1961,0,0,0
06414,1962,0,0,0
06414,1963,0,0,0
06414,1964,0,0,0
06414,1965,0,0,0
06414,1966,0,0,0
06414,1967,0,0,0
06414,1968,0,0,0
06414,1969,0,0,0
06414,1970,0,0,0
06414,1971,0,0,0
06414,1972,0,0,0
06414,1973,0,0,0
06414,1974,0,0,0
06414,1975,0,0,0
06414,1976,0,0,0
06414,1977,0,0,0
06414,1978,0,0,0
06414,1979,0,0,0
06414,1980,0,0,0
06414,1981,0,0,0
06414,1982,0,0,0
06414,1983,0,0,0
06414,1984,0,0,0
06414,1985,0,0,0
06414,1986,0,0,0
06414,1987,0,0,0
06414,1988,0,0,0
06414,1989,0,0,0
06414,1990,0,0,0
06414,1991,0,0,0
06414,1992,0,0,0
06414,1993,0,0,0
06414,1994,0,0,0
06414,1995,0,0,0
06414,1996,0,0,0
06414,1997,0,0,0
06414,1998,0,0,0
06414,1999,0,0,0
06414,2000,0,0,0
06414,2001,0,0,0
06414,2002,0,0,0
06414,2003,0,0,0
06414,2004,0,0,0
06414,2005,0,0,0
06414,2006,0,0,0
06414,2007,0,0,0
06414,2008,0,0,0
06414,2009,0,0,0
06414,2010,0,0,0
06414,2011,0,0,0
06414,2012,0,0,0
06414,2013,0,0,0
06414,2014,0,0,0
06414,2015,0,0,0
06414,2016,0,0,0
06414,2017,0,0,0
06414,2018,0,0,0
06414,2019,0,0,0
06414,2020,0,0,0
06414,2021,0,0,0
06414,2022,0,0,0
06414,2023,1,800,3.924069259822436
06431,1960,0,0,0
06431,1961,0,0,0
06431,1962,0,0,0
06431,1963,0,0,0
06431,1964,0,0,0
06431,1965,0,0,0
06431,1966,0,0,0
06431,1967,0,0,0
06431,1968,0,0,0
06431,1969,0,0,0
06431,1970,0,0,0
06431,1971,0,0,0
06431,1972,0,0,0
06431,1973,0,0,0
06431,1974,0,0,0
06431,1975,0,0,0
06431,1976,0,0,0
06431,1977,0,0,0
06431,1978,0,0,0
06431,1979,0,0,0
06431,1980,0,0,0
06431,1981,0,0,0
06431,1982,0,0,0
06431,1983,0,0,0
06431,1984,0,0,0
06431,1985,0,0,0
06431,1986,0,0,0
06431,1987,0,0,0
06431,1988,0,0,0
06431,1989,0,0,0
06431,1990,0,0,0
06431,1991,0,0,0
06431,1992,0,0,0
06431,1993,0,0,0
06431,1994,0,0,0
06431,1995,0,0,0
06431,1996,0,0,0
06431,1997,0,0,0
06431,1998,0,0,0
06431,1999,0,0,0
06431,2000,0,0,0
06431,2001,0,0,0
06431,2002,0,0,0
06431,2003,0,0,0
06431,2004,0,0,0
06431,2005,0,0,0
06431,2006,0,0,0
06431,2007,0,0,0
06431,2008,0,0,0
06431,2009,0,0,0
06431,2010,0,0,0
06431,2011,0,0,0
06431,2012,0,0,0
06431,2013,0,0,0
06431,2014,0,0,0
06431,2015,0,0,0
06431,2016,0,0,0
06431,2017,5,15000,20.848100738022765
06431,2018,15,48750,67.75632739857399
06431,2019,15,48750,67.75632739857399
06431,2020,15,48750,67.75632739857399
06431,2021,15,48750,67.75632739857399
06431,2022,15,48750,67.75632739857399
06431,2023,15,48750,67.75632739857399
06432,1960,0,0,0
06432,1961,0,0,0
06432,1962,0,0,0
06432,1963,0,0,0
06432,1964,0,0,0
06432,1965,0,0,0
06432,1966,0,0,0
06432,1967,0,0,0
06432,1968,0,0,0
06432,1969,0,0,0
06432,1970,0,0,0
06432,1971,0,0,0
06432,1972,0,0,0
06432,1973,0,0,0
06432,1974,0,0,0
06432,1975,0,0,0
06432,1976,0,0,0
06432,1977,0,0,0
06432,1978,0,0,0
06432,1979,0,0,0
06432,1980,0,0,0
06432,1981,0,0,0
06432,1982,0,0,0
06432,1983,0,0,0
06432,1984,0,0,0
06432,1985,0,0,0
06432,1986,0,0,0
06432,1987,0,0,0
06432,1988,0,0,0
06432,1989,0,0,0
06432,1990,0,0,0
06432,1991,0,0,0
06432,1992,0,0,0
06432,1993,0,0,0
06432,1994,3,1800,2.7330286512503608
06432,1995,3,1800,2.7330286512503608
06432,1996,3,1800,2.7330286512503608
06432,1997,3,1800,2.7330286512503608
06432,1998,3,1800,2.7330286512503608
06432,1999,5,3800,5.76972715263965
06432,2000,5,3800,5.76972715263965
06432,2001,5,3800,5.76972715263965
06432,2002,5,3800,5.76972715263965
06432,2003,5,3800,5.76972715263965
06432,2004,5,3800,5.76972715263965
06432,2005,5,3800,5.76972715263965
06432,2006,5,3800,5.76972715263965
06432,2007,5,3800,5.76972715263965
06432,2008,5,3800,5.76972715263965
06432,2009,5,3800,5.76972715263965
06432,2010,6,5800,8.80642565402894
06432,2011,9,11900,18.068356083266274
06432,2012,9,11900,18.068356083266274
06432,2013,9,11900,18.068356083266274
06432,2014,9,11900,18.068356083266274
06432,2015,12,16965,25.75879503803465
06432,2016,12,16965,25.75879503803465
06432,2017,12,16965,25.75879503803465
06432,2018,12,16965,25.75879503803465
06432,2019,12,16965,25.75879503803465
06432,2020,14,25365,38.512928743869665
06432,2021,14,25365,38.512928743869665
06432,2022,15,25367,38.515965442371055
06432,2023,15,25367,38.515965442371055
06434,1960,0,0,0
06434,1961,0,0,0
06434,1962,0,0,0
06434,1963,0,0,0
06434,1964,0,0,0
06434,1965,0,0,0
06434,1966,0,0,0
06434,1967,0,0,0
06434,1968,0,0,0
06434,1969,0,0,0
06434,1970,0,0,0
06434,1971,0,0,0
06434,1972,0,0,0
06434,1973,0,0,0
06434,1974,0,0,0
06434,1975,0,0,0
06434,1976,0,0,0
06434,1977,0,0,0
06434,1978,0,0,0
06434,1979,0,0,0
06434,1980,0,0,0
06434,1981,0,0,0
06434,1982,0,0,0
06434,1983,0,0,0
06434,1984,0,0,0
06434,1985,0,0,0
06434,1986,0,0,0
06434,1987,0,0,0
06434,1988,0,0,0
06434,1989,0,0,0
06434,1990,0,0,0
06434,1991,0,0,0
06434,1992,0,0,0
06434,1993,0,0,0
06434,1994,0,0,0
06434,1995,0,0,0
06434,1996,0,0,0
06434,1997,0,0,0
06434,1998,0,0,0
06434,1999,0,0,0
06434,2000,0,0,0
06434,2001,0,0,0
06434,2002,0,0,0
06434,2003,0,0,0
06434,2004,0,0,0
06434,2005,0,0,0
06434,2006,0,0,0
06434,2007,0,0,0
06434,2008,0,0,0
06434,2009,0,0,0
06434,2010,0,0,0
06434,2011,0,0,0
06434,2012,0,0,0
06434,2013,0,0,0
06434,2014,7,16800,34.866345674912836
06434,2015,7,16800,34.866345674912836
06434,2016,7,16800,34.866345674912836
06434,2017,7,16800,34.866345674912836
06434,2018,7,16800,34.866345674912836
06434,2019,7,16800,34.866345674912836
06434,2020,13,33480,69.4836460235763
06434,2021,13,33480,69.4836460235763
06434,2022,13,33480,69.4836460235763
06434,2023,13,33480,69.4836460235763
06435,1960,0,0,0
06435,1961,0,0,0
06435,1962,0,0,0
06435,1963,0,0,0
06435,1964,0,0,0
06435,1965,0,0,0
06435,1966,0,0,0
06435,1967,0,0,0
06435,1968,0,0,0
06435,1969,0,0,0
06435,1970,0,0,0
06435,1971,0,0,0
06435,1972,0,0,0
06435,1973,0,0,0
06435,1974,0,0,0
06435,1975,0,0,0
06435,1976,0,0,0
06435,1977,0,0,0
06435,1978,0,0,0
06435,1979,0,0,0
06435,1980,0,0,0
06435,1981,0,0,0
06435,1982,0,0,0
06435,1983,0,0,0
06435,1984,0,0,0
06435,1985,0,0,0
06435,1986,0,0,0
06435,1987,0,0,0
06435,1988,0,0,0
06435,1989,0,0,0
06435,1990,0,0,0
06435,1991,0,0,0
06435,1992,0,0,0
06435,1993,0,0,0
06435,1994,0,0,0
06435,1995,0,0,0
06435,1996,0,0,0
06435,1997,0,0,0
06435,1998,1,600,0.42939033728611
06435,1999,1,600,0.42939033728611
06435,2000,1,600,0.42939033728611
06435,2001,1,600,0.42939033728611
06435,2002,14,16900,12.09449450022543
06435,2003,14,16900,12.09449450022543
06435,2004,16,20900,14.957096748799497
06435,2005,20,26900,19.251000121660596
06435,2006,27,37400,26.76533102416752
06435,2007,27,37400,26.76533102416752
06435,2008,27,37400,26.76533102416752
06435,2009,28,39400,28.196632148454555
06435,2010,38,59400,42.509643391324886
06435,2011,40,63400,45.37224563989895
06435,2012,41,65400,46.80354676418599
06435,2013,53,102250,73.17526997917457
06435,2014,62,125300,89.67101543658264
06435,2015,76,168825,120.8197061538792
06435,2016,80,181505,129.89415528185899
06435,2017,87,205655,147.1771163576249
06435,2018,100,245755,175.8747038995799
06435,2019,100,245755,175.8747038995799
06435,2020,106,262435,187.81175527613377
06435,2021,106,262435,187.81175527613377
06435,2022,108,270835,193.8232199981393
06435,2023,113,298835,213.86143573815778
06437,1960,0,0,0
06437,1961,0,0,0
06437,1962,0,0,0
06437,1963,0,0,0
06437,1964,0,0,0
06437,1965,0,0,0
06437,1966,0,0,0
06437,1967,0,0,0
06437,1968,0,0,0
06437,1969,0,0,0
06437,1970,0,0,0
06437,1971,0,0,0
06437,1972,0,0,0
06437,1973,0,0,0
06437,1974,0,0,0
06437,1975,0,0,0
06437,1976,0,0,0
06437,1977,0,0,0
06437,1978,0,0,0
06437,1979,0,0,0
06437,1980,0,0,0
06437,1981,0,0,0
06437,1982,0,0,0
06437,1983,0,0,0
06437,1984,0,0,0
06437,1985,0,0,0
06437,1986,0,0,0
06437,1987,0,0,0
06437,1988,0,0,0
06437,1989,0,0,0
06437,1990,0,0,0
06437,1991,0,0,0
06437,1992,0,0,0
06437,1993,0,0,0
06437,1994,0,0,0
06437,1995,0,0,0
06437,1996,0,0,0
06437,1997,0,0,0
06437,1998,0,0,0
06437,1999,0,0,0
06437,2000,0,0,0
06437,2001,0,0,0
06437,2002,0,0,0
06437,2003,0,0,0
06437,2004,0,0,0
06437,2005,2,3000,4.807769355278129
06437,2006,2,3000,4.807769355278129
06437,2007,2,3000,4.807769355278129
06437,2008,2,3000,4.807769355278129
06437,2009,4,7000,11.218128495648969
06437,2010,4,7000,11.218128495648969
06437,2011,6,13075,20.95386144008718
06437,2012,6,13075,20.95386144008718
06437,2013,12,28150,45.11290245035978
06437,2014,13,31225,50.04086603951986
06437,2015,14,34525,55.32941233032581
06437,2016,14,34525,55.32941233032581
06437,2017,14,34525,55.32941233032581
06437,2018,16,41425,66.3872818474655
06437,2019,16,41425,66.3872818474655
06437,2020,16,41425,66.3872818474655
06437,2021,16,41425,66.3872818474655
06437,2022,17,45625,73.11815894485488
06437,2023,17,45625,73.11815894485488
06439,1960,0,0,0
06439,1961,0,0,0
06439,1962,0,0,0
06439,1963,0,0,0
06439,1964,0,0,0
06439,1965,0,0,0
06439,1966,0,0,0
06439,1967,0,0,0
06439,1968,0,0,0
06439,1969,0,0,0
06439,1970,0,0,0
06439,1971,0,0,0
06439,1972,0,0,0
06439,1973,0,0,0
06439,1974,0,0,0
06439,1975,0,0,0
06439,1976,0,0,0
06439,1977,0,0,0
06439,1978,0,0,0
06439,1979,0,0,0
06439,1980,0,0,0
06439,1981,0,0,0
06439,1982,0,0,0
06439,1983,0,0,0
06439,1984,0,0,0
06439,1985,0,0,0
06439,1986,0,0,0
06439,1987,0,0,0
06439,1988,0,0,0
06439,1989,0,0,0
06439,1990,0,0,0
06439,1991,0,0,0
06439,1992,0,0,0
06439,1993,0,0,0
06439,1994,0,0,0
06439,1995,0,0,0
06439,1996,0,0,0
06439,1997,0,0,0
06439,1998,0,0,0
06439,1999,0,0,0
06439,2000,0,0,0
06439,2001,0,0,0
06439,2002,0,0,0
06439,2003,0,0,0
06439,2004,0,0,0
06439,2005,0,0,0
06439,2006,0,0,0
06439,2007,0,0,0
06439,2008,2,1600,1.9718761168829568
06439,2009,2,1600,1.9718761168829568
06439,2010,2,1600,1.9718761168829568
06439,2011,2,1600,1.9718761168829568
06439,2012,7,15300,18.856065367693276
06439,2013,7,15300,18.856065367693276
06439,2014,9,20360,25.092123587335628
06439,2015,22,53250,65.62650201501091
06439,2016,22,53250,65.62650201501091
06439,2017,22,53250,65.62650201501091
06439,2018,25,62250,76.71830517247754
06439,2019,25,62250,76.71830517247754
06439,2020,25,62250,76.71830517247754
06439,2021,25,62250,76.71830517247754
06439,2022,25,62250,76.71830517247754
06439,2023,25,62250,76.71830517247754
06440,1960,0,0,0
06440,1961,0,0,0
06440,1962,0,0,0
06440,1963,0,0,0
06440,1964,0,0,0
06440,1965,0,0,0
06440,1966,0,0,0
06440,1967,0,0,0
06440,1968,0,0,0
06440,1969,0,0,0
06440,1970,0,0,0
06440,1971,0,0,0
06440,1972,0,0,0
06440,1973,0,0,0
06440,1974,0,0,0
06440,1975,0,0,0
06440,1976,0,0,0
06440,1977,0,0,0
06440,1978,0,0,0
06440,1979,0,0,0
06440,1980,0,0,0
06440,1981,0,0,0
06440,1982,0,0,0
06440,1983,0,0,0
06440,1984,0,0,0
06440,1985,0,0,0
06440,1986,0,0,0
06440,1987,0,0,0
06440,1988,0,0,0
06440,1989,0,0,0
06440,1990,0,0,0
06440,1991,0,0,0
06440,1992,0,0,0
06440,1993,0,0,0
06440,1994,0,0,0
06440,1995,0,0,0
06440,1996,0,0,0
06440,1997,2,1200,1.0902252223605193
06440,1998,2,1200,1.0902252223605193
06440,1999,2,1200,1.0902252223605193
06440,2000,2,1200,1.0902252223605193
06440,2001,4,3200,2.9072672596280515
06440,2002,15,10600,9.63032279751792
06440,2003,15,10600,9.63032279751792
06440,2004,15,10600,9.63032279751792
06440,2005,15,10600,9.63032279751792
06440,2006,15,10600,9.63032279751792
06440,2007,17,13600,12.355885853419219
06440,2008,17,13600,12.355885853419219
06440,2009,19,17600,15.989969927954283
06440,2010,19,17600,15.989969927954283
06440,2011,22,23600,21.44109603975688
06440,2012,22,23600,21.44109603975688
06440,2013,22,23600,21.44109603975688
06440,2014,22,23600,21.44109603975688
06440,2015,22,23600,21.44109603975688
06440,2016,26,36800,33.43357348572259
06440,2017,26,36800,33.43357348572259
06440,2018,29,45800,41.61026265342648
06440,2019,29,45800,41.61026265342648
06440,2020,29,45800,41.61026265342648
06440,2021,29,45800,41.61026265342648
06440,2022,29,45800,41.61026265342648
06440,2023,29,45800,41.61026265342648
06531,1960,0,0,0
06531,1961,0,0,0
06531,1962,0,0,0
06531,1963,0,0,0
06531,1964,0,0,0
06531,1965,0,0,0
06531,1966,0,0,0
06531,1967,0,0,0
06531,1968,0,0,0
06531,1969,0,0,0
06531,1970,0,0,0
06531,1971,0,0,0
06531,1972,0,0,0
06531,1973,0,0,0
06531,1974,0,0,0
06531,1975,0,0,0
06531,1976,0,0,0
06531,1977,0,0,0
06531,1978,0,0,0
06531,1979,0,0,0
06531,1980,0,0,0
06531,1981,0,0,0
06531,1982,0,0,0
06531,1983,0,0,0
06531,1984,0,0,0
06531,1985,0,0,0
06531,1986,0,0,0
06531,1987,0,0,0
06531,1988,0,0,0
06531,1989,0,0,0
06531,1990,0,0,0
06531,1991,0,0,0
06531,1992,0,0,0
06531,1993,0,0,0
06531,1994,0,0,0
06531,1995,0,0,0
06531,1996,0,0,0
06531,1997,0,0,0
06531,1998,0,0,0
06531,1999,0,0,0
06531,2000,0,0,0
06531,2001,0,0,0
06531,2002,0,0,0
06531,2003,0,0,0
06531,2004,0,0,0
06531,2005,0,0,0
06531,2006,0,0,0
06531,2007,0,0,0
06531,2008,4,3400,3.978655682456469
06531,2009,4,3400,3.978655682456469
06531,2010,5,4900,5.73394495412844
06531,2011,7,7900,9.244523497472384
06531,2012,7,7900,9.244523497472384
06531,2013,7,7900,9.244523497472384
06531,2014,7,7900,9.244523497472384
06531,2015,13,23080,27.008050926792738
06531,2016,13,23080,27.008050926792738
06531,2017,16,31420,36.7674592772889
06531,2018,16,31420,36.7674592772889
06531,2019,16,31420,36.7674592772889
06531,2020,16,31420,36.7674592772889
06531,2021,16,31420,36.7674592772889
06531,2022,19,49420,57.83093053735256
06531,2023,19,49420,57.83093053735256
06532,1960,0,0,0
06532,1961,0,0,0
06532,1962,0,0,0
06532,1963,0,0,0
06532,1964,0,0,0
06532,1965,0,0,0
06532,1966,0,0,0
06532,1967,0,0,0
06532,1968,0,0,0
06532,1969,0,0,0
06532,1970,0,0,0
06532,1971,0,0,0
06532,1972,0,0,0
06532,1973,0,0,0
06532,1974,0,0,0
06532,1975,0,0,0
06532,1976,0,0,0
06532,1977,0,0,0
06532,1978,0,0,0
06532,1979,0,0,0
06532,1980,0,0,0
06532,1981,0,0,0
06532,1982,0,0,0
06532,1983,0,0,0
06532,1984,0,0,0
06532,1985,0,0,0
06532,1986,0,0,0
06532,1987,0,0,0
06532,1988,0,0,0
06532,1989,0,0,0
06532,1990,0,0,0
06532,1991,0,0,0
06532,1992,0,0,0
06532,1993,0,0,0
06532,1994,0,0,0
06532,1995,3,1700,1.5942980399512332
06532,1996,3,1700,1.5942980399512332
06532,1997,8,5250,4.9235674763199855
06532,1998,12,7250,6.799212229203789
06532,1999,12,7250,6.799212229203789
06532,2000,12,7250,6.799212229203789
06532,2001,16,12350,11.582106349057488
06532,2002,16,12350,11.582106349057488
06532,2003,16,12350,11.582106349057488
06532,2004,16,12350,11.582106349057488
06532,2005,16,12350,11.582106349057488
06532,2006,17,13150,12.332364250211011
06532,2007,17,13150,12.332364250211011
06532,2008,17,13150,12.332364250211011
06532,2009,18,13950,13.082622151364532
06532,2010,18,13950,13.082622151364532
06532,2011,23,26050,24.430272906311547
06532,2012,29,38052.25,35.68625152396136
06532,2013,46,80202.25,75.21546469098753
06532,2014,48,86302.25,80.93618118728313
06532,2015,56,110727.25,103.84249273187659
06532,2016,57,113727.25,106.65595986120229
06532,2017,64,133857.25,125.53432429897778
06532,2018,64,133857.25,125.53432429897778
06532,2019,64,133857.25,125.53432429897778
06532,2020,64,133857.25,125.53432429897778
06532,2021,65,136637.25,128.14147050548627
06532,2022,65,136637.25,128.14147050548627
06532,2023,68,149237.25,139.95803244865422
06533,1960,0,0,0
06533,1961,0,0,0
06533,1962,0,0,0
06533,1963,0,0,0
06533,1964,0,0,0
06533,1965,0,0,0
06533,1966,0,0,0
06533,1967,0,0,0
06533,1968,0,0,0
06533,1969,0,0,0
06533,1970,0,0,0
06533,1971,0,0,0
06533,1972,0,0,0
06533,1973,0,0,0
06533,1974,0,0,0
06533,1975,0,0,0
06533,1976,0,0,0
06533,1977,0,0,0
06533,1978,0,0,0
06533,1979,0,0,0
06533,1980,0,0,0
06533,1981,0,0,0
06533,1982,0,0,0
06533,1983,0,0,0
06533,1984,0,0,0
06533,1985,0,0,0
06533,1986,0,0,0
06533,1987,0,0,0
06533,1988,0,0,0
06533,1989,0,0,0
06533,1990,0,0,0
06533,1991,0,0,0
06533,1992,0,0,0
06533,1993,0,0,0
06533,1994,0,0,0
06533,1995,1,500,0.67710308217323
06533,1996,1,500,0.67710308217323
06533,1997,1,500,0.67710308217323
06533,1998,1,500,0.67710308217323
06533,1999,1,500,0.67710308217323
06533,2000,3,1700,2.302150479388982
06533,2001,3,1700,2.302150479388982
06533,2002,5,4700,6.364768972428362
06533,2003,6,6200,8.396078218948052
06533,2004,6,6200,8.396078218948052
06533,2005,6,6200,8.396078218948052
06533,2006,8,7900,10.698228698337035
06533,2007,8,7900,10.698228698337035
06533,2008,8,7900,10.698228698337035
06533,2009,8,7900,10.698228698337035
06533,2010,9,7900.3,10.698634960186338
06533,2011,12,13900.3,18.823871946265097
06533,2012,12,13900.3,18.823871946265097
06533,2013,12,13900.3,18.823871946265097
06533,2014,14,18700.3,25.324061535128106
06533,2015,15,21100.3,28.57415632955961
06533,2016,28,52300.3,70.82538865716917
06533,2017,32,63860.3,86.48001191701424
06533,2018,34,69860.3,94.605248903093
06533,2019,34,69860.3,94.605248903093
06533,2020,42,99810.3,135.1637235252695
06533,2021,42,99810.3,135.1637235252695
06533,2022,42,99810.3,135.1637235252695
06533,2023,42,99810.3,135.1637235252695
06534,1960,0,0,0
06534,1961,0,0,0
06534,1962,0,0,0
06534,1963,0,0,0
06534,1964,0,0,0
06534,1965,0,0,0
06534,1966,0,0,0
06534,1967,0,0,0
06534,1968,0,0,0
06534,1969,0,0,0
06534,1970,0,0,0
06534,1971,0,0,0
06534,1972,0,0,0
06534,1973,0,0,0
06534,1974,0,0,0
06534,1975,0,0,0
06534,1976,0,0,0
06534,1977,0,0,0
06534,1978,0,0,0
06534,1979,0,0,0
06534,1980,0,0,0
06534,1981,0,0,0
06534,1982,0,0,0
06534,1983,0,0,0
06534,1984,0,0,0
06534,1985,0,0,0
06534,1986,0,0,0
06534,1987,0,0,0
06534,1988,0,0,0
06534,1989,0,0,0
06534,1990,0,0,0
06534,1991,0,0,0
06534,1992,0,0,0
06534,1993,0,0,0
06534,1994,0,0,0
06534,1995,0,0,0
06534,1996,0,0,0
06534,1997,1,800,0.633728621561032
06534,1998,2,1800,1.4258893985123222
06534,1999,2,1800,1.4258893985123222
06534,2000,2,1800,1.4258893985123222
06534,2001,2,1800,1.4258893985123222
06534,2002,3,2800,2.2180501754636124
06534,2003,9,8500,6.733366604085965
06534,2004,9,8500,6.733366604085965
06534,2005,11,10600,8.3969042356836745
06534,2006,17,15700,12.436924198135255
06534,2007,22,19700,15.605567305940415
06534,2008,22,19700,15.605567305940415
06534,2009,22,19700,15.605567305940415
06534,2010,25,26600,21.071476666904317
06534,2011,26,29650,23.48756703660575
06534,2012,33,45750,36.24135554552152
06534,2013,36,53600,42.45981764458915
06534,2014,41,64650,51.21319422990091
06534,2015,53,99150,78.54274103472041
06534,2016,66,135100,107.02092096611929
06534,2017,92,207860,164.65853909709517
06534,2018,92,207860,164.65853909709517
06534,2019,92,207860,164.65853909709517
06534,2020,92,207860,164.65853909709517
06534,2021,92,207860,164.65853909709517
06534,2022,93,211160,167.27266966103443
06534,2023,93,211160,167.27266966103443
06535,1960,0,0,0
06535,1961,0,0,0
06535,1962,0,0,0
06535,1963,0,0,0
06535,1964,0,0,0
06535,1965,0,0,0
06535,1966,0,0,0
06535,1967,0,0,0
06535,1968,0,0,0
06535,1969,0,0,0
06535,1970,0,0,0
06535,1971,0,0,0
06535,1972,0,0,0
06535,1973,0,0,0
06535,1974,0,0,0
06535,1975,0,0,0
06535,1976,0,0,0
06535,1977,0,0,0
06535,1978,0,0,0
06535,1979,0,0,0
06535,1980,0,0,0
06535,1981,0,0,0
06535,1982,0,0,0
06535,1983,0,0,0
06535,1984,0,0,0
06535,1985,0,0,0
06535,1986,0,0,0
06535,1987,0,0,0
06535,1988,0,0,0
06535,1989,0,0,0
06535,1990,0,0,0
06535,1991,0,0,0
06535,1992,0,0,0
06535,1993,0,0,0
06535,1994,3,1150,0.7882597281532102
06535,1995,15,8200,5.6206345833533256
06535,1996,27,14200,9.733294034587466
06535,1997,38,20400,13.983042134196078
06535,1998,44,25800,17.684435640306802
06535,1999,47,28300,19.398043744987696
06535,2000,73,55500,38.0420999239158
06535,2001,83,65100,44.62235504589042
06535,2002,94,78200,53.601661514418296
06535,2003,109,93200,63.883310142503646
06535,2004,117,106400,72.93116093521876
06535,2005,120,108200,74.164958770589
06535,2006,120,108200,74.164958770589
06535,2007,122,111200,76.22128849620607
06535,2008,122,111200,76.22128849620607
06535,2009,131,129200,88.55926684990848
06535,2010,135,136000,93.22028089464051
06535,2011,148,165900,113.71503382662398
06535,2012,165,205000,140.51586458383312
06535,2013,180,239859.8,164.4102789068551
06535,2014,197,288069.8,197.45549759752143
06535,2015,204,306719.8,210.23901405844086
06535,2016,226,368309.8,252.45546332535932
06535,2017,240,413509.8,283.43749785798985
06535,2018,251,447459.8,306.70829591955635
06535,2019,253,454359.8,311.4378542884756
06535,2020,253,454359.8,311.4378542884756
06535,2021,253,454359.8,311.4378542884756
06535,2022,253,454359.8,311.4378542884756
06535,2023,263,493859.8,338.5128623424337
06611,1960,0,0,0
06611,1961,0,0,0
06611,1962,0,0,0
06611,1963,0,0,0
06611,1964,0,0,0
06611,1965,0,0,0
06611,1966,0,0,0
06611,1967,0,0,0
06611,1968,0,0,0
06611,1969,0,0,0
06611,1970,0,0,0
06611,1971,0,0,0
06611,1972,0,0,0
06611,1973,0,0,0
06611,1974,0,0,0
06611,1975,0,0,0
06611,1976,0,0,0
06611,1977,0,0,0
06611,1978,0,0,0
06611,1979,0,0,0
06611,1980,0,0,0
06611,1981,0,0,0
06611,1982,0,0,0
06611,1983,0,0,0
06611,1984,0,0,0
06611,1985,0,0,0
06611,1986,0,0,0
06611,1987,0,0,0
06611,1988,0,0,0
06611,1989,0,0,0
06611,1990,0,0,0
06611,1991,0,0,0
06611,1992,0,0,0
06611,1993,0,0,0
06611,1994,0,0,0
06611,1995,0,0,0
06611,1996,0,0,0
06611,1997,0,0,0
06611,1998,2,1000,9.364172675344133
06611,1999,2,1000,9.364172675344133
06611,2000,2,1000,9.364172675344133
06611,2001,2,1000,9.364172675344133
06611,2002,2,1000,9.364172675344133
06611,2003,2,1000,9.364172675344133
06611,2004,2,1000,9.364172675344133
06611,2005,2,1000,9.364172675344133
06611,2006,2,1000,9.364172675344133
06611,2007,2,1000,9.364172675344133
06611,2008,2,1000,9.364172675344133
06611,2009,2,1000,9.364172675344133
06611,2010,2,1000,9.364172675344133
06611,2011,2,1000,9.364172675344133
06611,2012,2,1000,9.364172675344133
06611,2013,2,1000,9.364172675344133
06611,2014,4,7150,66.95383462871055
06611,2015,4,7150,66.95383462871055
06611,2016,4,7150,66.95383462871055
06611,2017,4,7150,66.95383462871055
06611,2018,4,7150,66.95383462871055
06611,2019,4,7150,66.95383462871055
06611,2020,4,7150,66.95383462871055
06611,2021,4,7150,66.95383462871055
06611,2022,4,7150,66.95383462871055
06611,2023,4,7150,66.95383462871055
06631,1960,0,0,0
06631,1961,0,0,0
06631,1962,0,0,0
06631,1963,0,0,0
06631,1964,0,0,0
06631,1965,0,0,0
06631,1966,0,0,0
06631,1967,0,0,0
06631,1968,0,0,0
06631,1969,0,0,0
06631,1970,0,0,0
06631,1971,0,0,0
06631,1972,0,0,0
06631,1973,0,0,0
06631,1974,0,0,0
06631,1975,0,0,0
06631,1976,0,0,0
06631,1977,0,0,0
06631,1978,0,0,0
06631,1979,0,0,0
06631,1980,0,0,0
06631,1981,0,0,0
06631,1982,0,0,0
06631,1983,0,0,0
06631,1984,0,0,0
06631,1985,0,0,0
06631,1986,0,0,0
06631,1987,0,0,0
06631,1988,0,0,0
06631,1989,0,0,0
06631,1990,0,0,0
06631,1991,0,0,0
06631,1992,0,0,0
06631,1993,0,0,0
06631,1994,1,30,0.02173251619072456
06631,1995,1,30,0.02173251619072456
06631,1996,1,30,0.02173251619072456
06631,1997,1,30,0.02173251619072456
06631,1998,1,30,0.02173251619072456
06631,1999,1,30,0.02173251619072456
06631,2000,1,30,0.02173251619072456
06631,2001,1,30,0.02173251619072456
06631,2002,3,1730,1.2532417669984497
06631,2003,3,1730,1.2532417669984497
06631,2004,3,1730,1.2532417669984497
06631,2005,3,1730,1.2532417669984497
06631,2006,3,1730,1.2532417669984497
06631,2007,3,1730,1.2532417669984497
06631,2008,3,1730,1.2532417669984497
06631,2009,3,1730,1.2532417669984497
06631,2010,4,1742,1.2619347734747395
06631,2011,4,1742,1.2619347734747395
06631,2012,4,1742,1.2619347734747395
06631,2013,4,1742,1.2619347734747395
06631,2014,4,1742,1.2619347734747395
06631,2015,4,1742,1.2619347734747395
06631,2016,12,26192,18.973935468915258
06631,2017,12,26192,18.973935468915258
06631,2018,22,56192,40.70645165963982
06631,2019,22,56192,40.70645165963982
06631,2020,22,56192,40.70645165963982
06631,2021,22,56192,40.70645165963982
06631,2022,24,61242,44.36475855174512
06631,2023,24,61242,44.36475855174512
06632,1960,0,0,0
06632,1961,0,0,0
06632,1962,0,0,0
06632,1963,0,0,0
06632,1964,0,0,0
06632,1965,0,0,0
06632,1966,0,0,0
06632,1967,0,0,0
06632,1968,0,0,0
06632,1969,0,0,0
06632,1970,0,0,0
06632,1971,0,0,0
06632,1972,0,0,0
06632,1973,0,0,0
06632,1974,0,0,0
06632,1975,0,0,0
06632,1976,0,0,0
06632,1977,0,0,0
06632,1978,0,0,0
06632,1979,0,0,0
06632,1980,0,0,0
06632,1981,0,0,0
06632,1982,0,0,0
06632,1983,0,0,0
06632,1984,0,0,0
06632,1985,0,0,0
06632,1986,0,0,0
06632,1987,0,0,0
06632,1988,0,0,0
06632,1989,0,0,0
06632,1990,0,0,0
06632,1991,0,0,0
06632,1992,0,0,0
06632,1993,0,0,0
06632,1994,0,0,0
06632,1995,0,0,0
06632,1996,0,0,0
06632,1997,0,0,0
06632,1998,7,4200,3.8259380380225365
06632,1999,7,4200,3.8259380380225365
06632,2000,7,4200,3.8259380380225365
06632,2001,11,11400,10.384688960346885
06632,2002,15,16500,15.030470863659966
06632,2003,16,17500,15.94140849176057
06632,2004,17,19300,17.581096222341657
06632,2005,20,25300,23.04672199094528
06632,2006,20,25300,23.04672199094528
06632,2007,20,25300,23.04672199094528
06632,2008,20,25300,23.04672199094528
06632,2009,22,29300,26.690472503347696
06632,2010,22,29300,26.690472503347696
06632,2011,22,29300,26.690472503347696
06632,2012,22,29300,26.690472503347696
06632,2013,28,42100,38.35047414303543
06632,2014,34,58600,53.38094500669539
06632,2015,34,58600,53.38094500669539
06632,2016,41,81700,74.42360421581934
06632,2017,46,97160,88.50669994625468
06632,2018,52,117190,106.75278063710978
06632,2019,52,117190,106.75278063710978
06632,2020,52,117190,106.75278063710978
06632,2021,63,155340,141.50505114914782
06632,2022,64,159540,145.33098918717036
06632,2023,81,233940,213.1047487178553
06633,1960,0,0,0
06633,1961,0,0,0
06633,1962,0,0,0
06633,1963,0,0,0
06633,1964,0,0,0
06633,1965,0,0,0
06633,1966,0,0,0
06633,1967,0,0,0
06633,1968,0,0,0
06633,1969,0,0,0
06633,1970,0,0,0
06633,1971,0,0,0
06633,1972,0,0,0
06633,1973,0,0,0
06633,1974,0,0,0
06633,1975,0,0,0
06633,1976,0,0,0
06633,1977,0,0,0
06633,1978,0,0,0
06633,1979,0,0,0
06633,1980,0,0,0
06633,1981,0,0,0
06633,1982,0,0,0
06633,1983,0,0,0
06633,1984,0,0,0
06633,1985,0,0,0
06633,1986,0,0,0
06633,1987,0,0,0
06633,1988,0,0,0
06633,1989,0,0,0
06633,1990,0,0,0
06633,1991,0,0,0
06633,1992,0,0,0
06633,1993,0,0,0
06633,1994,0,0,0
06633,1995,0,0,0
06633,1996,10,5700,4.407227853680036
06633,1997,31,19100,14.768079299173452
06633,1998,50,32500,25.12893074466687
06633,1999,53,34300,26.52068690898688
06633,2000,54,34960,27.030997502570884
06633,2001,56,36280,28.05161868973889
06633,2002,56,36280,28.05161868973889
06633,2003,56,36280,28.05161868973889
06633,2004,58,37480,28.9794561326189
06633,2005,58,37480,28.9794561326189
06633,2006,61,39880,30.835131018378917
06633,2007,74,57480,44.44341351395236
06633,2008,74,57480,44.44341351395236
06633,2009,78,63480,49.082600728352396
06633,2010,78,63480,49.082600728352396
06633,2011,78,63480,49.082600728352396
06633,2012,79,63482,49.08414712409053
06633,2013,85,78867,60.97979633968129
06633,2014,90,93467,72.26848522805471
06633,2015,103,121475.5,93.92459774380862
06633,2016,117,163255.5,126.22880471341422
06633,2017,122,175635.5,135.80099433245962
06633,2018,132,203630.5,157.44666867698115
06633,2019,132,203630.5,157.44666867698115
06633,2020,135,213980.5,165.4492666218212
06633,2021,136,213984,165.45197281436293
06633,2022,137,216734,167.57826695429628
06633,2023,137,216734,167.57826695429628
06634,1960,0,0,0
06634,1961,0,0,0
06634,1962,0,0,0
06634,1963,0,0,0
06634,1964,0,0,0
06634,1965,0,0,0
06634,1966,0,0,0
06634,1967,0,0,0
06634,1968,0,0,0
06634,1969,0,0,0
06634,1970,0,0,0
06634,1971,0,0,0
06634,1972,0,0,0
06634,1973,0,0,0
06634,1974,0,0,0
06634,1975,0,0,0
06634,1976,0,0,0
06634,1977,0,0,0
06634,1978,0,0,0
06634,1979,0,0,0
06634,1980,0,0,0
06634,1981,0,0,0
06634,1982,0,0,0
06634,1983,0,0,0
06634,1984,0,0,0
06634,1985,0,0,0
06634,1986,0,0,0
06634,1987,0,0,0
06634,1988,0,0,0
06634,1989,0,0,0
06634,1990,0,0,0
06634,1991,0,0,0
06634,1992,0,0,0
06634,1993,0,0,0
06634,1994,1,150,0.09746588693957114
06634,1995,4,1850,1.202079272254711
06634,1996,5,2350,1.5269655620532814
06634,1997,7,3550,2.3066926575698505
06634,1998,9,4290,2.787524366471735
06634,1999,9,4290,2.787524366471735
06634,2000,9,4290,2.787524366471735
06634,2001,9,4290,2.787524366471735
06634,2002,10,5790,3.7621832358674463
06634,2003,11,7290,4.7368421052631575
06634,2004,15,15690,10.194931773879143
06634,2005,15,15690,10.194931773879143
06634,2006,16,17690,11.494476933073424
06634,2007,16,17690,11.494476933073424
06634,2008,16,17690,11.494476933073424
06634,2009,16,17690,11.494476933073424
06634,2010,16,17690,11.494476933073424
06634,2011,16,17690,11.494476933073424
06634,2012,17,17700,11.500974658869396
06634,2013,17,17700,11.500974658869396
06634,2014,25,36801,23.912280701754387
06634,2015,26,39101,25.40675763482781
06634,2016,29,48101,31.25471085120208
06634,2017,38,75101,48.798570500324885
06634,2018,38,75101,48.798570500324885
06634,2019,38,75101,48.798570500324885
06634,2020,38,75101,48.798570500324885
06634,2021,38,75101,48.798570500324885
06634,2022,41,88601,57.57050032488629
06634,2023,44,97002,63.02923976608187
06635,1960,0,0,0
06635,1961,0,0,0
06635,1962,0,0,0
06635,1963,0,0,0
06635,1964,0,0,0
06635,1965,0,0,0
06635,1966,0,0,0
06635,1967,0,0,0
06635,1968,0,0,0
06635,1969,0,0,0
06635,1970,0,0,0
06635,1971,0,0,0
06635,1972,0,0,0
06635,1973,0,0,0
06635,1974,0,0,0
06635,1975,0,0,0
06635,1976,0,0,0
06635,1977,0,0,0
06635,1978,0,0,0
06635,1979,0,0,0
06635,1980,0,0,0
06635,1981,0,0,0
06635,1982,0,0,0
06635,1983,0,0,0
06635,1984,0,0,0
06635,1985,0,0,0
06635,1986,0,0,0
06635,1987,0,0,0
06635,1988,0,0,0
06635,1989,0,0,0
06635,1990,0,0,0
06635,1991,0,0,0
06635,1992,0,0,0
06635,1993,2,300,0.16227619408232813
06635,1994,8,2450,1.3252555850056795
06635,1995,19,6450,3.4889381727700544
06635,1996,25,9750,5.273976307675664
06635,1997,33,14250,7.708119218910586
06635,1998,38,17550,9.493157353816194
06635,1999,38,17550,9.493157353816194
06635,2000,38,17550,9.493157353816194
06635,2001,39,19550,10.574998647698383
06635,2002,42,25550,13.820522529344945
06635,2003,49,36050,19.50018932222643
06635,2004,64,59950,32.42819278411857
06635,2005,64,59950,32.42819278411857
06635,2006,69,68450,37.026018283117864
06635,2007,69,68450,37.026018283117864
06635,2008,69,68450,37.026018283117864
06635,2009,75,82250,44.49072321090496
06635,2010,78,87100,47.114188348569265
06635,2011,89,109150,59.04148861362038
06635,2012,102,137850,74.56591118082977
06635,2013,111,155253.68,83.97992102558554
06635,2014,119,170611.18,92.28710986098339
06635,2015,120,173611.18,93.90987180180667
06635,2016,126,188011.18,101.69912911775842
06635,2017,136,212611.18,115.00577703250933
06635,2018,136,212611.18,115.00577703250933
06635,2019,138,219511.18,118.73812949640288
06635,2020,138,219511.18,118.73812949640288
06635,2021,140,223511.18,120.90181208416725
06635,2022,140,223511.18,120.90181208416725
06635,2023,140,223511.18,120.90181208416725
06636,1960,0,0,0
06636,1961,0,0,0
06636,1962,0,0,0
06636,1963,0,0,0
06636,1964,0,0,0
06636,1965,0,0,0
06636,1966,0,0,0
06636,1967,0,0,0
06636,1968,0,0,0
06636,1969,0,0,0
06636,1970,0,0,0
06636,1971,0,0,0
06636,1972,0,0,0
06636,1973,0,0,0
06636,1974,0,0,0
06636,1975,0,0,0
06636,1976,0,0,0
06636,1977,0,0,0
06636,1978,0,0,0
06636,1979,0,0,0
06636,1980,0,0,0
06636,1981,0,0,0
06636,1982,0,0,0
06636,1983,0,0,0
06636,1984,0,0,0
06636,1985,0,0,0
06636,1986,0,0,0
06636,1987,0,0,0
06636,1988,0,0,0
06636,1989,0,0,0
06636,1990,0,0,0
06636,1991,0,0,0
06636,1992,0,0,0
06636,1993,0,0,0
06636,1994,0,0,0
06636,1995,0,0,0
06636,1996,0,0,0
06636,1997,0,0,0
06636,1998,2,1200,1.1709144842121697
06636,1999,2,1200,1.1709144842121697
06636,2000,2,1200,1.1709144842121697
06636,2001,2,1200,1.1709144842121697
06636,2002,2,1200,1.1709144842121697
06636,2003,2,1200,1.1709144842121697
06636,2004,2,1200,1.1709144842121697
06636,2005,6,7200,7.025486905273019
06636,2006,6,7200,7.025486905273019
06636,2007,6,7200,7.025486905273019
06636,2008,6,7200,7.025486905273019
06636,2009,6,7200,7.025486905273019
06636,2010,6,7200,7.025486905273019
06636,2011,6,7200,7.025486905273019
06636,2012,6,7200,7.025486905273019
06636,2013,6,7200,7.025486905273019
06636,2014,11,19200,18.734631747394715
06636,2015,11,19200,18.734631747394715
06636,2016,19,43200,42.15292143163811
06636,2017,27,67200,65.57121111588151
06636,2018,32,82450,80.45158268607783
06636,2019,32,82450,80.45158268607783
06636,2020,33,82457.5,80.45890090160415
06636,2021,37,99257.5,96.85170368057453
06636,2022,38,103457.5,100.94990437531713
06636,2023,39,103458.5,100.9508801373873
07111,1960,0,0,0
07111,1961,0,0,0
07111,1962,0,0,0
07111,1963,0,0,0
07111,1964,0,0,0
07111,1965,0,0,0
07111,1966,0,0,0
07111,1967,0,0,0
07111,1968,0,0,0
07111,1969,0,0,0
07111,1970,0,0,0
07111,1971,0,0,0
07111,1972,0,0,0
07111,1973,0,0,0
07111,1974,0,0,0
07111,1975,0,0,0
07111,1976,0,0,0
07111,1977,0,0,0
07111,1978,0,0,0
07111,1979,0,0,0
07111,1980,0,0,0
07111,1981,0,0,0
07111,1982,0,0,0
07111,1983,0,0,0
07111,1984,0,0,0
07111,1985,0,0,0
07111,1986,0,0,0
07111,1987,0,0,0
07111,1988,0,0,0
07111,1989,0,0,0
07111,1990,0,0,0
07111,1991,0,0,0
07111,1992,0,0,0
07111,1993,0,0,0
07111,1994,0,0,0
07111,1995,0,0,0
07111,1996,0,0,0
07111,1997,0,0,0
07111,1998,0,0,0
07111,1999,0,0,0
07111,2000,0,0,0
07111,2001,0,0,0
07111,2002,0,0,0
07111,2003,0,0,0
07111,2004,0,0,0
07111,2005,0,0,0
07111,2006,0,0,0
07111,2007,0,0,0
07111,2008,0,0,0
07111,2009,0,0,0
07111,2010,0,0,0
07111,2011,0,0,0
07111,2012,0,0,0
07111,2013,0,0,0
07111,2014,0,0,0
07111,2015,0,0,0
07111,2016,0,0,0
07111,2017,1,1,0.009501187648456057
07111,2018,1,1,0.009501187648456057
07111,2019,1,1,0.009501187648456057
07111,2020,1,1,0.009501187648456057
07111,2021,1,1,0.009501187648456057
07111,2022,2,2,0.019002375296912115
07111,2023,2,2,0.019002375296912115
07131,1960,0,0,0
07131,1961,0,0,0
07131,1962,0,0,0
07131,1963,0,0,0
07131,1964,0,0,0
07131,1965,0,0,0
07131,1966,0,0,0
07131,1967,0,0,0
07131,1968,0,0,0
07131,1969,0,0,0
07131,1970,0,0,0
07131,1971,0,0,0
07131,1972,0,0,0
07131,1973,0,0,0
07131,1974,0,0,0
07131,1975,0,0,0
07131,1976,0,0,0
07131,1977,0,0,0
07131,1978,0,0,0
07131,1979,0,0,0
07131,1980,0,0,0
07131,1981,0,0,0
07131,1982,0,0,0
07131,1983,0,0,0
07131,1984,0,0,0
07131,1985,0,0,0
07131,1986,0,0,0
07131,1987,0,0,0
07131,1988,0,0,0
07131,1989,0,0,0
07131,1990,0,0,0
07131,1991,0,0,0
07131,1992,0,0,0
07131,1993,0,0,0
07131,1994,1,110,0.13976240391334732
07131,1995,1,110,0.13976240391334732
07131,1996,1,110,0.13976240391334732
07131,1997,1,110,0.13976240391334732
07131,1998,1,110,0.13976240391334732
07131,1999,1,110,0.13976240391334732
07131,2000,1,110,0.13976240391334732
07131,2001,3,1430,1.8169112508735152
07131,2002,4,2090,2.655485674353599
07131,2003,4,2090,2.655485674353599
07131,2004,4,2090,2.655485674353599
07131,2005,4,2090,2.655485674353599
07131,2006,4,2090,2.655485674353599
07131,2007,4,2090,2.655485674353599
07131,2008,4,2090,2.655485674353599
07131,2009,4,2090,2.655485674353599
07131,2010,4,2090,2.655485674353599
07131,2011,8,11090,14.090591449082016
07131,2012,9,13390,17.01289625817928
07131,2013,9,13390,17.01289625817928
07131,2014,9,13390,17.01289625817928
07131,2015,9,13390,17.01289625817928
07131,2016,9,13390,17.01289625817928
07131,2017,10,15690,19.93520106727654
07131,2018,10,15690,19.93520106727654
07131,2019,10,15690,19.93520106727654
07131,2020,10,15690,19.93520106727654
07131,2021,10,15690,19.93520106727654
07131,2022,10,15690,19.93520106727654
07131,2023,10,15690,19.93520106727654
07132,1960,0,0,0
07132,1961,0,0,0
07132,1962,0,0,0
07132,1963,0,0,0
07132,1964,0,0,0
07132,1965,0,0,0
07132,1966,0,0,0
07132,1967,0,0,0
07132,1968,0,0,0
07132,1969,0,0,0
07132,1970,0,0,0
07132,1971,0,0,0
07132,1972,0,0,0
07132,1973,0,0,0
07132,1974,0,0,0
07132,1975,0,0,0
07132,1976,0,0,0
07132,1977,0,0,0
07132,1978,0,0,0
07132,1979,0,0,0
07132,1980,0,0,0
07132,1981,0,0,0
07132,1982,0,0,0
07132,1983,0,0,0
07132,1984,0,0,0
07132,1985,0,0,0
07132,1986,0,0,0
07132,1987,0,0,0
07132,1988,0,0,0
07132,1989,0,0,0
07132,1990,0,0,0
07132,1991,0,0,0
07132,1992,0,0,0
07132,1993,0,0,0
07132,1994,0,0,0
07132,1995,0,0,0
07132,1996,0,0,0
07132,1997,0,0,0
07132,1998,0,0,0
07132,1999,0,0,0
07132,2000,0,0,0
07132,2001,0,0,0
07132,2002,0,0,0
07132,2003,0,0,0
07132,2004,0,0,0
07132,2005,0,0,0
07132,2006,7,16100,25.064607528723105
07132,2007,7,16100,25.064607528723105
07132,2008,7,16100,25.064607528723105
07132,2009,7,16100,25.064607528723105
07132,2010,7,16100,25.064607528723105
07132,2011,7,16100,25.064607528723105
07132,2012,7,16100,25.064607528723105
07132,2013,7,16100,25.064607528723105
07132,2014,7,16100,25.064607528723105
07132,2015,7,16100,25.064607528723105
07132,2016,7,16100,25.064607528723105
07132,2017,8,19300,30.04639287604695
07132,2018,8,19300,30.04639287604695
07132,2019,8,19300,30.04639287604695
07132,2020,8,19300,30.04639287604695
07132,2021,8,19300,30.04639287604695
07132,2022,8,19300,30.04639287604695
07132,2023,8,19300,30.04639287604695
07133,1960,0,0,0
07133,1961,0,0,0
07133,1962,0,0,0
07133,1963,0,0,0
07133,1964,0,0,0
07133,1965,0,0,0
07133,1966,0,0,0
07133,1967,0,0,0
07133,1968,0,0,0
07133,1969,0,0,0
07133,1970,0,0,0
07133,1971,0,0,0
07133,1972,0,0,0
07133,1973,0,0,0
07133,1974,0,0,0
07133,1975,0,0,0
07133,1976,0,0,0
07133,1977,0,0,0
07133,1978,0,0,0
07133,1979,0,0,0
07133,1980,0,0,0
07133,1981,0,0,0
07133,1982,0,0,0
07133,1983,0,0,0
07133,1984,0,0,0
07133,1985,0,0,0
07133,1986,0,0,0
07133,1987,0,0,0
07133,1988,0,0,0
07133,1989,0,0,0
07133,1990,0,0,0
07133,1991,0,0,0
07133,1992,0,0,0
07133,1993,0,0,0
07133,1994,0,0,0
07133,1995,0,0,0
07133,1996,0,0,0
07133,1997,0,0,0
07133,1998,0,0,0
07133,1999,3,2700,3.125397909456065
07133,2000,4,4500,5.208996515760108
07133,2001,10,9900,11.459792334672239
07133,2002,14,14450,16.726666589496347
07133,2003,14,14450,16.726666589496347
07133,2004,14,14450,16.726666589496347
07133,2005,15,16450,19.041776152056396
07133,2006,15,16450,19.041776152056396
07133,2007,15,16450,19.041776152056396
07133,2008,15,16450,19.041776152056396
07133,2009,15,16450,19.041776152056396
07133,2010,15,16450,19.041776152056396
07133,2011,16,18450,21.356885714616446
07133,2012,19,25500,29.517646922640616
07133,2013,35,71470,82.73044021808332
07133,2014,52,118640,137.33229925106207
07133,2015,55,126750,146.72006852724306
07133,2016,60,140930,163.1341953257938
07133,2017,60,140930,163.1341953257938
07133,2018,60,140930,163.1341953257938
07133,2019,60,140930,163.1341953257938
07133,2020,60,140930,163.1341953257938
07133,2021,60,140930,163.1341953257938
07133,2022,60,140930,163.1341953257938
07133,2023,66,162530,188.13737860144232
07134,1960,0,0,0
07134,1961,0,0,0
07134,1962,0,0,0
07134,1963,0,0,0
07134,1964,0,0,0
07134,1965,0,0,0
07134,1966,0,0,0
07134,1967,0,0,0
07134,1968,0,0,0
07134,1969,0,0,0
07134,1970,0,0,0
07134,1971,0,0,0
07134,1972,0,0,0
07134,1973,0,0,0
07134,1974,0,0,0
07134,1975,0,0,0
07134,1976,0,0,0
07134,1977,0,0,0
07134,1978,0,0,0
07134,1979,0,0,0
07134,1980,0,0,0
07134,1981,0,0,0
07134,1982,0,0,0
07134,1983,0,0,0
07134,1984,0,0,0
07134,1985,0,0,0
07134,1986,0,0,0
07134,1987,0,0,0
07134,1988,0,0,0
07134,1989,0,0,0
07134,1990,0,0,0
07134,1991,0,0,0
07134,1992,0,0,0
07134,1993,0,0,0
07134,1994,0,0,0
07134,1995,1,500,0.6436331805777251
07134,1996,6,3000,3.8617990834663507
07134,1997,6,3000,3.8617990834663507
07134,1998,6,3000,3.8617990834663507
07134,1999,6,3000,3.8617990834663507
07134,2000,7,4500,5.792698625199526
07134,2001,7,4500,5.792698625199526
07134,2002,9,7000,9.01086452808815
07134,2003,15,14600,18.794088872869573
07134,2004,21,25600,32.954018845579526
07134,2005,21,25600,32.954018845579526
07134,2006,29,41600,53.55028062406673
07134,2007,29,41600,53.55028062406673
07134,2008,31,45600,58.69934606868853
07134,2009,31,45600,58.69934606868853
07134,2010,32,48100,61.917511971577156
07134,2011,32,48100,61.917511971577156
07134,2012,34,50103.5,64.4965501261521
07134,2013,43,69267.6,89.16585139797127
07134,2014,62,119124.1,153.344446732918
07134,2015,62,119124.1,153.344446732918
07134,2016,66,131924.1,169.82145615570775
07134,2017,71,143724.1,185.01119921734204
07134,2018,72,147324.1,189.64535811750167
07134,2019,74,153274.1,197.3045929663766
07134,2020,74,153274.1,197.3045929663766
07134,2021,74,153274.1,197.3045929663766
07134,2022,74,153274.1,197.3045929663766
07134,2023,74,153274.1,197.3045929663766
07135,1960,0,0,0
07135,1961,0,0,0
07135,1962,0,0,0
07135,1963,0,0,0
07135,1964,0,0,0
07135,1965,0,0,0
07135,1966,0,0,0
07135,1967,0,0,0
07135,1968,0,0,0
07135,1969,0,0,0
07135,1970,0,0,0
07135,1971,0,0,0
07135,1972,0,0,0
07135,1973,0,0,0
07135,1974,0,0,0
07135,1975,0,0,0
07135,1976,0,0,0
07135,1977,0,0,0
07135,1978,0,0,0
07135,1979,0,0,0
07135,1980,0,0,0
07135,1981,0,0,0
07135,1982,0,0,0
07135,1983,0,0,0
07135,1984,0,0,0
07135,1985,0,0,0
07135,1986,0,0,0
07135,1987,0,0,0
07135,1988,0,0,0
07135,1989,0,0,0
07135,1990,0,0,0
07135,1991,0,0,0
07135,1992,0,0,0
07135,1993,0,0,0
07135,1994,0,0,0
07135,1995,0,0,0
07135,1996,4,2400,3.4659041677497617
07135,1997,6,3400,4.910030904312162
07135,1998,6,3400,4.910030904312162
07135,1999,6,3400,4.910030904312162
07135,2000,6,3400,4.910030904312162
07135,2001,10,5800,8.375935072061925
07135,2002,10,5800,8.375935072061925
07135,2003,14,11800,17.040695491436328
07135,2004,14,11800,17.040695491436328
07135,2005,17,17800,25.70545591081073
07135,2006,31,39400,56.89859342055858
07135,2007,31,39400,56.89859342055858
07135,2008,32,41400,59.78684689368339
07135,2009,48,71300,102.96623631689917
07135,2010,54,81700,117.98515437714813
07135,2011,59,91700,132.42642174277213
07135,2012,61,95700,138.20292868902175
07135,2013,64,99300,143.4017849406464
07135,2014,65,101600,146.72327643473992
07135,2015,66,103900,150.04476792883344
07135,2016,72,121390,175.3025445513098
07135,2017,73,123790,178.76844871905956
07135,2018,73,123790,178.76844871905956
07135,2019,73,123790,178.76844871905956
07135,2020,78,140290,202.59653987233918
07135,2021,78,140290,202.59653987233918
07135,2022,79,144490,208.66187216590126
07135,2023,80,150090,216.74898189065073
07137,1960,0,0,0
07137,1961,0,0,0
07137,1962,0,0,0
07137,1963,0,0,0
07137,1964,0,0,0
07137,1965,0,0,0
07137,1966,0,0,0
07137,1967,0,0,0
07137,1968,0,0,0
07137,1969,0,0,0
07137,1970,0,0,0
07137,1971,0,0,0
07137,1972,0,0,0
07137,1973,0,0,0
07137,1974,0,0,0
07137,1975,0,0,0
07137,1976,0,0,0
07137,1977,0,0,0
07137,1978,0,0,0
07137,1979,0,0,0
07137,1980,0,0,0
07137,1981,0,0,0
07137,1982,0,0,0
07137,1983,0,0,0
07137,1984,0,0,0
07137,1985,0,0,0
07137,1986,0,0,0
07137,1987,0,0,0
07137,1988,0,0,0
07137,1989,0,0,0
07137,1990,0,0,0
07137,1991,0,0,0
07137,1992,0,0,0
07137,1993,0,0,0
07137,1994,0,0,0
07137,1995,0,0,0
07137,1996,0,0,0
07137,1997,0,0,0
07137,1998,0,0,0
07137,1999,0,0,0
07137,2000,0,0,0
07137,2001,2,1320,1.6143629381405475
07137,2002,2,1320,1.6143629381405475
07137,2003,2,1320,1.6143629381405475
07137,2004,2,1320,1.6143629381405475
07137,2005,2,1320,1.6143629381405475
07137,2006,2,1320,1.6143629381405475
07137,2007,2,1320,1.6143629381405475
07137,2008,2,1320,1.6143629381405475
07137,2009,2,1320,1.6143629381405475
07137,2010,2,1320,1.6143629381405475
07137,2011,6,9320,11.398380745052956
07137,2012,12,21870,26.7470586796468
07137,2013,12,21870,26.7470586796468
07137,2014,12,21870,26.7470586796468
07137,2015,17,37120,45.397842624073576
07137,2016,19,42680,52.1977349998777
07137,2017,19,42680,52.1977349998777
07137,2018,19,42680,52.1977349998777
07137,2019,19,42680,52.1977349998777
07137,2020,19,42680,52.1977349998777
07137,2021,24,58280,71.2765697233569
07137,2022,24,58280,71.2765697233569
07137,2023,26,58282,71.27901572780863
07138,1960,0,0,0
07138,1961,0,0,0
07138,1962,0,0,0
07138,1963,0,0,0
07138,1964,0,0,0
07138,1965,0,0,0
07138,1966,0,0,0
07138,1967,0,0,0
07138,1968,0,0,0
07138,1969,0,0,0
07138,1970,0,0,0
07138,1971,0,0,0
07138,1972,0,0,0
07138,1973,0,0,0
07138,1974,0,0,0
07138,1975,0,0,0
07138,1976,0,0,0
07138,1977,0,0,0
07138,1978,0,0,0
07138,1979,0,0,0
07138,1980,0,0,0
07138,1981,0,0,0
07138,1982,0,0,0
07138,1983,0,0,0
07138,1984,0,0,0
07138,1985,0,0,0
07138,1986,0,0,0
07138,1987,0,0,0
07138,1988,0,0,0
07138,1989,0,0,0
07138,1990,0,0,0
07138,1991,0,0,0
07138,1992,0,0,0
07138,1993,0,0,0
07138,1994,0,0,0
07138,1995,0,0,0
07138,1996,0,0,0
07138,1997,0,0,0
07138,1998,0,0,0
07138,1999,0,0,0
07138,2000,0,0,0
07138,2001,0,0,0
07138,2002,0,0,0
07138,2003,0,0,0
07138,2004,0,0,0
07138,2005,0,0,0
07138,2006,0,0,0
07138,2007,0,0,0
07138,2008,0,0,0
07138,2009,0,0,0
07138,2010,0,0,0
07138,2011,0,0,0
07138,2012,0,0,0
07138,2013,1,6,0.0095687675427404955
07138,2014,1,6,0.0095687675427404955
07138,2015,1,6,0.0095687675427404955
07138,2016,1,6,0.0095687675427404955
07138,2017,1,6,0.0095687675427404955
07138,2018,1,6,0.0095687675427404955
07138,2019,1,6,0.0095687675427404955
07138,2020,1,6,0.0095687675427404955
07138,2021,1,6,0.0095687675427404955
07138,2022,1,6,0.0095687675427404955
07138,2023,2,6.6,0.010525644297014544
07140,1960,0,0,0
07140,1961,0,0,0
07140,1962,0,0,0
07140,1963,0,0,0
07140,1964,0,0,0
07140,1965,0,0,0
07140,1966,0,0,0
07140,1967,0,0,0
07140,1968,0,0,0
07140,1969,0,0,0
07140,1970,0,0,0
07140,1971,0,0,0
07140,1972,0,0,0
07140,1973,0,0,0
07140,1974,0,0,0
07140,1975,0,0,0
07140,1976,0,0,0
07140,1977,0,0,0
07140,1978,0,0,0
07140,1979,0,0,0
07140,1980,0,0,0
07140,1981,0,0,0
07140,1982,0,0,0
07140,1983,0,0,0
07140,1984,0,0,0
07140,1985,0,0,0
07140,1986,0,0,0
07140,1987,0,0,0
07140,1988,0,0,0
07140,1989,0,0,0
07140,1990,0,0,0
07140,1991,0,0,0
07140,1992,0,0,0
07140,1993,0,0,0
07140,1994,0,0,0
07140,1995,0,0,0
07140,1996,0,0,0
07140,1997,1,600,0.6054062780631034
07140,1998,1,600,0.6054062780631034
07140,1999,1,600,0.6054062780631034
07140,2000,1,600,0.6054062780631034
07140,2001,4,5100,5.145953363536379
07140,2002,12,16600,16.749573693079196
07140,2003,12,16600,16.749573693079196
07140,2004,12,16600,16.749573693079196
07140,2005,12,16600,16.749573693079196
07140,2006,19,32100,32.389235876376034
07140,2007,36,67000,67.60370105037988
07140,2008,47,89000,89.80193124602701
07140,2009,57,109150,110.1334920843129
07140,2010,69,135450,136.6704672727456
07140,2011,112,238320,240.4673736466647
07140,2012,141,336705,339.7388680920621
07140,2013,194,486975,491.36287043296636
07140,2014,227,573845,579.0156093918694
07140,2015,249,633885,639.5965976167173
07140,2016,255,651785,657.6578849122665
07140,2017,268,692885,699.1282149595891
07140,2018,273,707355,713.7285963655443
07140,2019,274,709655,716.0493204314529
07140,2020,274,709655,716.0493204314529
07140,2021,275,715355,721.8006800730524
07140,2022,276,719555,726.038524019494
07140,2023,281,733205,739.8115168454297
07141,1960,0,0,0
07141,1961,0,0,0
07141,1962,0,0,0
07141,1963,0,0,0
07141,1964,0,0,0
07141,1965,0,0,0
07141,1966,0,0,0
07141,1967,0,0,0
07141,1968,0,0,0
07141,1969,0,0,0
07141,1970,0,0,0
07141,1971,0,0,0
07141,1972,0,0,0
07141,1973,0,0,0
07141,1974,0,0,0
07141,1975,0,0,0
07141,1976,0,0,0
07141,1977,0,0,0
07141,1978,0,0,0
07141,1979,0,0,0
07141,1980,0,0,0
07141,1981,0,0,0
07141,1982,0,0,0
07141,1983,0,0,0
07141,1984,0,0,0
07141,1985,0,0,0
07141,1986,0,0,0
07141,1987,0,0,0
07141,1988,0,0,0
07141,1989,0,0,0
07141,1990,0,0,0
07141,1991,1,150,0.19177171495052292
07141,1992,1,150,0.19177171495052292
07141,1993,1,150,0.19177171495052292
07141,1994,1,150,0.19177171495052292
07141,1995,1,150,0.19177171495052292
07141,1996,1,150,0.19177171495052292
07141,1997,1,150,0.19177171495052292
07141,1998,1,150,0.19177171495052292
07141,1999,1,150,0.19177171495052292
07141,2000,3,1350,1.7259454345547063
07141,2001,10,8350,10.675292132245776
07141,2002,13,10150,12.976552711652051
07141,2003,13,10150,12.976552711652051
07141,2004,13,10150,12.976552711652051
07141,2005,13,10150,12.976552711652051
07141,2006,13,10150,12.976552711652051
07141,2007,13,10150,12.976552711652051
07141,2008,13,10150,12.976552711652051
07141,2009,13,10150,12.976552711652051
07141,2010,13,10150,12.976552711652051
07141,2011,13,10150,12.976552711652051
07141,2012,13,10150,12.976552711652051
07141,2013,14,10950,13.999335191388173
07141,2014,14,10950,13.999335191388173
07141,2015,14,10950,13.999335191388173
07141,2016,14,10950,13.999335191388173
07141,2017,15,10979.8,14.037433838758343
07141,2018,15,10979.8,14.037433838758343
07141,2019,15,10979.8,14.037433838758343
07141,2020,15,10979.8,14.037433838758343
07141,2021,15,10979.8,14.037433838758343
07141,2022,15,10979.8,14.037433838758343
07141,2023,15,10979.8,14.037433838758343
07143,1960,0,0,0
07143,1961,0,0,0
07143,1962,0,0,0
07143,1963,0,0,0
07143,1964,0,0,0
07143,1965,0,0,0
07143,1966,0,0,0
07143,1967,0,0,0
07143,1968,0,0,0
07143,1969,0,0,0
07143,1970,0,0,0
07143,1971,0,0,0
07143,1972,0,0,0
07143,1973,0,0,0
07143,1974,0,0,0
07143,1975,0,0,0
07143,1976,0,0,0
07143,1977,0,0,0
07143,1978,0,0,0
07143,1979,0,0,0
07143,1980,0,0,0
07143,1981,0,0,0
07143,1982,0,0,0
07143,1983,0,0,0
07143,1984,0,0,0
07143,1985,0,0,0
07143,1986,0,0,0
07143,1987,0,0,0
07143,1988,0,0,0
07143,1989,0,0,0
07143,1990,0,0,0
07143,1991,1,150,0.1516622179082747
07143,1992,1,150,0.1516622179082747
07143,1993,5,650,0.6572029442691903
07143,1994,7,1400,1.4155140338105638
07143,1995,10,2500,2.5277036318045782
07143,1996,16,5200,5.257623554153523
07143,1997,22,8200,8.290867912319017
07143,1998,26,10250,10.363584890398771
07143,1999,26,10250,10.363584890398771
07143,2000,27,10850,10.970233762031869
07143,2001,28,11850,11.981315214753701
07143,2002,30,13450,13.599045539108632
07143,2003,33,18000,18.199466148992965
07143,2004,47,38800,39.229960365607056
07143,2005,47,38800,39.229960365607056
07143,2006,59,62800,63.495915230931004
07143,2007,61,66800,67.54024104181833
07143,2008,61,66800,67.54024104181833
07143,2009,63,70800,71.58456685270566
07143,2010,70,84800,85.7397071908113
07143,2011,74,88000,88.97516783952115
07143,2012,74,88000,88.97516783952115
07143,2013,75,91200,92.21062848823101
07143,2014,85,116550,117.84154331472944
07143,2015,91,134900,136.39488797217504
07143,2016,94,142490,144.06899619833374
07143,2017,97,151490,153.16872927283023
07143,2018,99,157950,159.70031545741327
07143,2019,99,157950,159.70031545741327
07143,2020,99,157950,159.70031545741327
07143,2021,101,165650,167.48564264337136
07143,2022,101,165650,167.48564264337136
07143,2023,101,165650,167.48564264337136
07231,1960,0,0,0
07231,1961,0,0,0
07231,1962,0,0,0
07231,1963,0,0,0
07231,1964,0,0,0
07231,1965,0,0,0
07231,1966,0,0,0
07231,1967,0,0,0
07231,1968,0,0,0
07231,1969,0,0,0
07231,1970,0,0,0
07231,1971,0,0,0
07231,1972,0,0,0
07231,1973,0,0,0
07231,1974,0,0,0
07231,1975,0,0,0
07231,1976,0,0,0
07231,1977,0,0,0
07231,1978,0,0,0
07231,1979,0,0,0
07231,1980,0,0,0
07231,1981,0,0,0
07231,1982,0,0,0
07231,1983,0,0,0
07231,1984,0,0,0
07231,1985,0,0,0
07231,1986,0,0,0
07231,1987,0,0,0
07231,1988,0,0,0
07231,1989,0,0,0
07231,1990,0,0,0
07231,1991,0,0,0
07231,1992,0,0,0
07231,1993,0,0,0
07231,1994,0,0,0
07231,1995,0,0,0
07231,1996,0,0,0
07231,1997,0,0,0
07231,1998,0,0,0
07231,1999,1,1000,0.8562376915831834
07231,2000,1,1000,0.8562376915831834
07231,2001,2,2500,2.1405942289579585
07231,2002,2,2500,2.1405942289579585
07231,2003,2,2500,2.1405942289579585
07231,2004,2,2500,2.1405942289579585
07231,2005,4,7100,6.079287610240602
07231,2006,4,7100,6.079287610240602
07231,2007,4,7100,6.079287610240602
07231,2008,4,7100,6.079287610240602
07231,2009,4,7100,6.079287610240602
07231,2010,4,7100,6.079287610240602
07231,2011,6,11700,10.017980991523245
07231,2012,7,14000,11.987327682164567
07231,2013,7,14000,11.987327682164567
07231,2014,7,14000,11.987327682164567
07231,2015,13,32300,27.656477438136825
07231,2016,23,65050,55.69826183748608
07231,2017,34,96054,82.24505522733111
07231,2018,56,162054,138.75674287182122
07231,2019,62,187254,160.33393269971742
07231,2020,63,191454,163.93013100436679
07231,2021,63,191454,163.93013100436679
07231,2022,66,207054,177.28743899306446
07231,2023,66,207054,177.28743899306446
07232,1960,0,0,0
07232,1961,0,0,0
07232,1962,0,0,0
07232,1963,0,0,0
07232,1964,0,0,0
07232,1965,0,0,0
07232,1966,0,0,0
07232,1967,0,0,0
07232,1968,0,0,0
07232,1969,0,0,0
07232,1970,0,0,0
07232,1971,0,0,0
07232,1972,0,0,0
07232,1973,0,0,0
07232,1974,0,0,0
07232,1975,0,0,0
07232,1976,0,0,0
07232,1977,0,0,0
07232,1978,0,0,0
07232,1979,0,0,0
07232,1980,0,0,0
07232,1981,0,0,0
07232,1982,0,0,0
07232,1983,0,0,0
07232,1984,0,0,0
07232,1985,0,0,0
07232,1986,0,0,0
07232,1987,0,0,0
07232,1988,0,0,0
07232,1989,0,0,0
07232,1990,0,0,0
07232,1991,0,0,0
07232,1992,0,0,0
07232,1993,0,0,0
07232,1994,9,4250,2.6122178036472707
07232,1995,14,6520,4.007449430536519
07232,1996,14,6520,4.007449430536519
07232,1997,15,7030,4.320915566974191
07232,1998,25,12230,7.517040879672028
07232,1999,33,17930,11.020485933975426
07232,2000,52,39130,24.050842978051225
07232,2001,78,79530,48.88227809978057
07232,2002,89,92480,56.84185940736461
07232,2003,105,118080,72.57663017756934
07232,2004,120,146180,89.84799965580189
07232,2005,144,182480,112.15941289636564
07232,2006,162,219680,135.0240016718194
07232,2007,183,259680,159.60958100026428
07232,2008,189,271680,166.98525479879777
07232,2009,199,289480,177.92583759995574
07232,2010,217,324980,199.7455392539506
07232,2011,237,368580,226.54382072195554
07232,2012,245,386680,237.66879536807684
07232,2013,248,390983.5,240.31389638407592
07232,2014,252,398638.1,245.01871577226376
07232,2015,254,403338.1,247.90752134335602
07232,2016,254,403338.1,247.90752134335602
07232,2017,261,420718.1,258.5899555615653
07232,2018,265,434968.1,267.34856819732386
07232,2019,271,456568.1,280.6247810346841
07232,2020,271,456568.1,280.6247810346841
07232,2021,271,456568.1,280.6247810346841
07232,2022,271,456568.1,280.6247810346841
07232,2023,273,464968.1,285.7877526936575
07233,1960,0,0,0
07233,1961,0,0,0
07233,1962,0,0,0
07233,1963,0,0,0
07233,1964,0,0,0
07233,1965,0,0,0
07233,1966,0,0,0
07233,1967,0,0,0
07233,1968,0,0,0
07233,1969,0,0,0
07233,1970,0,0,0
07233,1971,0,0,0
07233,1972,0,0,0
07233,1973,0,0,0
07233,1974,0,0,0
07233,1975,0,0,0
07233,1976,0,0,0
07233,1977,0,0,0
07233,1978,0,0,0
07233,1979,0,0,0
07233,1980,0,0,0
07233,1981,0,0,0
07233,1982,0,0,0
07233,1983,0,0,0
07233,1984,0,0,0
07233,1985,0,0,0
07233,1986,0,0,0
07233,1987,0,0,0
07233,1988,0,0,0
07233,1989,0,0,0
07233,1990,0,0,0
07233,1991,3,900,0.987210144132681
07233,1992,3,900,0.987210144132681
07233,1993,4,1200,1.316280192176908
07233,1994,4,1200,1.316280192176908
07233,1995,4,1200,1.316280192176908
07233,1996,4,1200,1.316280192176908
07233,1997,9,4700,5.15543075269289
07233,1998,13,6700,7.349231072987737
07233,1999,17,10200,11.188381633503719
07233,2000,42,40200,44.09538643792642
07233,2001,49,47500,52.102757607002616
07233,2002,56,56600,62.084549064344166
07233,2003,61,62900,68.99502007327294
07233,2004,67,73900,81.06092183489459
07233,2005,76,87400,95.86907399688481
07233,2006,77,89400,98.06287431717965
07233,2007,77,89400,98.06287431717965
07233,2008,77,89400,98.06287431717965
07233,2009,78,90200,98.9403944452976
07233,2010,79,91000,99.81791457341554
07233,2011,79,91000,99.81791457341554
07233,2012,79,91000,99.81791457341554
07233,2013,80,93300,102.3407849417546
07233,2014,81,95300,104.53458526204945
07233,2015,81,95300,104.53458526204945
07233,2016,92,128650,141.11620560296603
07233,2017,109,180750,198.2647039466468
07233,2018,109,180750,198.2647039466468
07233,2019,109,180750,198.2647039466468
07233,2020,109,180750,198.2647039466468
07233,2021,109,180750,198.2647039466468
07233,2022,109,180750,198.2647039466468
07233,2023,109,180750,198.2647039466468
07235,1960,0,0,0
07235,1961,0,0,0
07235,1962,0,0,0
07235,1963,0,0,0
07235,1964,0,0,0
07235,1965,0,0,0
07235,1966,0,0,0
07235,1967,0,0,0
07235,1968,0,0,0
07235,1969,0,0,0
07235,1970,0,0,0
07235,1971,0,0,0
07235,1972,0,0,0
07235,1973,0,0,0
07235,1974,0,0,0
07235,1975,0,0,0
07235,1976,0,0,0
07235,1977,0,0,0
07235,1978,0,0,0
07235,1979,0,0,0
07235,1980,0,0,0
07235,1981,0,0,0
07235,1982,0,0,0
07235,1983,0,0,0
07235,1984,0,0,0
07235,1985,0,0,0
07235,1986,0,0,0
07235,1987,0,0,0
07235,1988,0,0,0
07235,1989,0,0,0
07235,1990,0,0,0
07235,1991,0,0,0
07235,1992,0,0,0
07235,1993,0,0,0
07235,1994,0,0,0
07235,1995,1,270,0.24496461622210125
07235,1996,1,270,0.24496461622210125
07235,1997,1,270,0.24496461622210125
07235,1998,1,270,0.24496461622210125
07235,1999,7,6790,6.160406459807657
07235,2000,10,10050,9.118127381600434
07235,2001,11,11550,10.479041916167665
07235,2002,28,31150,28.261658501179458
07235,2003,28,31150,28.261658501179458
07235,2004,31,36650,33.251678461259296
07235,2005,37,48650,44.138994737797134
07235,2006,46,65150,59.10905461803665
07235,2007,50,73150,66.36726546906188
07235,2008,50,73150,66.36726546906188
07235,2009,54,79650,72.26456178551986
07235,2010,59,86050,78.07113046634004
07235,2011,61,89850,81.51878062057702
07235,2012,67,102350,92.85973507530393
07235,2013,70,110000,99.8003992015968
07235,2014,73,116900,106.06060606060606
07235,2015,73,116900,106.06060606060606
07235,2016,74,119200,108.1473416802758
07235,2017,74,119200,108.1473416802758
07235,2018,75,121500,110.23407729994555
07235,2019,77,128400,116.49428415895481
07235,2020,82,144500,131.10143349664307
07235,2021,85,161000,146.0714933768826
07235,2022,85,161000,146.0714933768826
07235,2023,93,193400,175.46724732353474
07315,1960,0,0,0
07315,1961,0,0,0
07315,1962,0,0,0
07315,1963,0,0,0
07315,1964,0,0,0
07315,1965,0,0,0
07315,1966,0,0,0
07315,1967,0,0,0
07315,1968,0,0,0
07315,1969,0,0,0
07315,1970,0,0,0
07315,1971,0,0,0
07315,1972,0,0,0
07315,1973,0,0,0
07315,1974,0,0,0
07315,1975,0,0,0
07315,1976,0,0,0
07315,1977,0,0,0
07315,1978,0,0,0
07315,1979,0,0,0
07315,1980,0,0,0
07315,1981,0,0,0
07315,1982,0,0,0
07315,1983,0,0,0
07315,1984,0,0,0
07315,1985,0,0,0
07315,1986,0,0,0
07315,1987,0,0,0
07315,1988,0,0,0
07315,1989,0,0,0
07315,1990,0,0,0
07315,1991,0,0,0
07315,1992,0,0,0
07315,1993,0,0,0
07315,1994,0,0,0
07315,1995,0,0,0
07315,1996,0,0,0
07315,1997,0,0,0
07315,1998,0,0,0
07315,1999,0,0,0
07315,2000,3,1800,18.418090657935128
07315,2001,4,2400,24.55745421058017
07315,2002,4,2400,24.55745421058017
07315,2003,4,2400,24.55745421058017
07315,2004,4,2400,24.55745421058017
07315,2005,4,2400,24.55745421058017
07315,2006,6,6400,65.48654456154712
07315,2007,6,6400,65.48654456154712
07315,2008,6,6400,65.48654456154712
07315,2009,6,6400,65.48654456154712
07315,2010,6,6400,65.48654456154712
07315,2011,6,6400,65.48654456154712
07315,2012,6,6400,65.48654456154712
07315,2013,6,6400,65.48654456154712
07315,2014,6,6400,65.48654456154712
07315,2015,6,6400,65.48654456154712
07315,2016,6,6400,65.48654456154712
07315,2017,6,6400,65.48654456154712
07315,2018,6,6400,65.48654456154712
07315,2019,7,10600,108.4620894300624
07315,2020,7,10600,108.4620894300624
07315,2021,7,10600,108.4620894300624
07315,2022,8,15900,162.6931341450936
07315,2023,8,15900,162.6931341450936
07316,1960,0,0,0
07316,1961,0,0,0
07316,1962,0,0,0
07316,1963,0,0,0
07316,1964,0,0,0
07316,1965,0,0,0
07316,1966,0,0,0
07316,1967,0,0,0
07316,1968,0,0,0
07316,1969,0,0,0
07316,1970,0,0,0
07316,1971,0,0,0
07316,1972,0,0,0
07316,1973,0,0,0
07316,1974,0,0,0
07316,1975,0,0,0
07316,1976,0,0,0
07316,1977,0,0,0
07316,1978,0,0,0
07316,1979,0,0,0
07316,1980,0,0,0
07316,1981,0,0,0
07316,1982,0,0,0
07316,1983,0,0,0
07316,1984,0,0,0
07316,1985,0,0,0
07316,1986,0,0,0
07316,1987,0,0,0
07316,1988,0,0,0
07316,1989,0,0,0
07316,1990,0,0,0
07316,1991,0,0,0
07316,1992,0,0,0
07316,1993,0,0,0
07316,1994,0,0,0
07316,1995,0,0,0
07316,1996,0,0,0
07316,1997,0,0,0
07316,1998,0,0,0
07316,1999,0,0,0
07316,2000,0,0,0
07316,2001,0,0,0
07316,2002,0,0,0
07316,2003,0,0,0
07316,2004,0,0,0
07316,2005,2,3000,25.621316935690494
07316,2006,2,3000,25.621316935690494
07316,2007,2,3000,25.621316935690494
07316,2008,2,3000,25.621316935690494
07316,2009,2,3000,25.621316935690494
07316,2010,2,3000,25.621316935690494
07316,2011,2,3000,25.621316935690494
07316,2012,2,3000,25.621316935690494
07316,2013,2,3000,25.621316935690494
07316,2014,2,3000,25.621316935690494
07316,2015,2,3000,25.621316935690494
07316,2016,2,3000,25.621316935690494
07316,2017,2,3000,25.621316935690494
07316,2018,2,3000,25.621316935690494
07316,2019,2,3000,25.621316935690494
07316,2020,2,3000,25.621316935690494
07316,2021,2,3000,25.621316935690494
07316,2022,2,3000,25.621316935690494
07316,2023,2,3000,25.621316935690494
07317,1960,0,0,0
07317,1961,0,0,0
07317,1962,0,0,0
07317,1963,0,0,0
07317,1964,0,0,0
07317,1965,0,0,0
07317,1966,0,0,0
07317,1967,0,0,0
07317,1968,0,0,0
07317,1969,0,0,0
07317,1970,0,0,0
07317,1971,0,0,0
07317,1972,0,0,0
07317,1973,0,0,0
07317,1974,0,0,0
07317,1975,0,0,0
07317,1976,0,0,0
07317,1977,0,0,0
07317,1978,0,0,0
07317,1979,0,0,0
07317,1980,0,0,0
07317,1981,0,0,0
07317,1982,0,0,0
07317,1983,0,0,0
07317,1984,0,0,0
07317,1985,0,0,0
07317,1986,0,0,0
07317,1987,0,0,0
07317,1988,0,0,0
07317,1989,0,0,0
07317,1990,0,0,0
07317,1991,0,0,0
07317,1992,0,0,0
07317,1993,0,0,0
07317,1994,0,0,0
07317,1995,0,0,0
07317,1996,0,0,0
07317,1997,0,0,0
07317,1998,0,0,0
07317,1999,0,0,0
07317,2000,0,0,0
07317,2001,0,0,0
07317,2002,0,0,0
07317,2003,0,0,0
07317,2004,0,0,0
07317,2005,0,0,0
07317,2006,0,0,0
07317,2007,0,0,0
07317,2008,0,0,0
07317,2009,0,0,0
07317,2010,0,0,0
07317,2011,0,0,0
07317,2012,0,0,0
07317,2013,0,0,0
07317,2014,0,0,0
07317,2015,0,0,0
07317,2016,2,6600,107.57946210268949
07317,2017,2,6600,107.57946210268949
07317,2018,2,6600,107.57946210268949
07317,2019,2,6600,107.57946210268949
07317,2020,2,6600,107.57946210268949
07317,2021,2,6600,107.57946210268949
07317,2022,2,6600,107.57946210268949
07317,2023,2,6600,107.57946210268949
07319,1960,0,0,0
07319,1961,0,0,0
07319,1962,0,0,0
07319,1963,0,0,0
07319,1964,0,0,0
07319,1965,0,0,0
07319,1966,0,0,0
07319,1967,0,0,0
07319,1968,0,0,0
07319,1969,0,0,0
07319,1970,0,0,0
07319,1971,0,0,0
07319,1972,0,0,0
07319,1973,0,0,0
07319,1974,0,0,0
07319,1975,0,0,0
07319,1976,0,0,0
07319,1977,0,0,0
07319,1978,0,0,0
07319,1979,0,0,0
07319,1980,0,0,0
07319,1981,0,0,0
07319,1982,0,0,0
07319,1983,0,0,0
07319,1984,0,0,0
07319,1985,0,0,0
07319,1986,0,0,0
07319,1987,0,0,0
07319,1988,0,0,0
07319,1989,0,0,0
07319,1990,0,0,0
07319,1991,0,0,0
07319,1992,0,0,0
07319,1993,0,0,0
07319,1994,0,0,0
07319,1995,0,0,0
07319,1996,0,0,0
07319,1997,0,0,0
07319,1998,0,0,0
07319,1999,0,0,0
07319,2000,0,0,0
07319,2001,3,4500,41.38692173273245
07319,2002,3,4500,41.38692173273245
07319,2003,3,4500,41.38692173273245
07319,2004,3,4500,41.38692173273245
07319,2005,3,4500,41.38692173273245
07319,2006,4,6000,55.18256231030994
07319,2007,4,6000,55.18256231030994
07319,2008,4,6000,55.18256231030994
07319,2009,4,6000,55.18256231030994
07319,2010,4,6000,55.18256231030994
07319,2011,5,9000,82.7738434654649
07319,2012,11,27000,248.32153039639473
07319,2013,11,27000,248.32153039639473
07319,2014,11,27000,248.32153039639473
07319,2015,11,27000,248.32153039639473
07319,2016,11,27000,248.32153039639473
07319,2017,11,27000,248.32153039639473
07319,2018,11,27000,248.32153039639473
07319,2019,11,27000,248.32153039639473
07319,2020,11,27000,248.32153039639473
07319,2021,11,27000,248.32153039639473
07319,2022,11,27000,248.32153039639473
07319,2023,11,27000,248.32153039639473
07331,1960,0,0,0
07331,1961,0,0,0
07331,1962,0,0,0
07331,1963,0,0,0
07331,1964,0,0,0
07331,1965,0,0,0
07331,1966,0,0,0
07331,1967,0,0,0
07331,1968,0,0,0
07331,1969,0,0,0
07331,1970,0,0,0
07331,1971,0,0,0
07331,1972,0,0,0
07331,1973,0,0,0
07331,1974,0,0,0
07331,1975,0,0,0
07331,1976,0,0,0
07331,1977,0,0,0
07331,1978,0,0,0
07331,1979,0,0,0
07331,1980,0,0,0
07331,1981,0,0,0
07331,1982,0,0,0
07331,1983,0,0,0
07331,1984,0,0,0
07331,1985,0,0,0
07331,1986,0,0,0
07331,1987,0,0,0
07331,1988,0,0,0
07331,1989,0,0,0
07331,1990,0,0,0
07331,1991,0,0,0
07331,1992,0,0,0
07331,1993,0,0,0
07331,1994,0,0,0
07331,1995,0,0,0
07331,1996,0,0,0
07331,1997,0,0,0
07331,1998,1,1000,1.7004778342714302
07331,1999,8,5200,8.842484738211438
07331,2000,8,5200,8.842484738211438
07331,2001,11,10600,18.02506504327716
07331,2002,19,22600,38.43079905453432
07331,2003,19,22600,38.43079905453432
07331,2004,20,24400,41.491659156222894
07331,2005,26,29200,49.65395276072576
07331,2006,31,33200,56.45586409781148
07331,2007,31,33200,56.45586409781148
07331,2008,31,33200,56.45586409781148
07331,2009,39,49200,83.66350944615436
07331,2010,43,52400,89.10503851582294
07331,2011,53,76900,130.76674545547297
07331,2012,76,147190,250.2933324264118
07331,2013,117,264515,449.8018943323073
07331,2014,135,317670,540.1907936130052
07331,2015,144,346990,590.0488037138435
07331,2016,145,349990,595.1502372166578
07331,2017,149,364290,619.4670702467392
07331,2018,149,364290,619.4670702467392
07331,2019,151,368890,627.2892682843878
07331,2020,152,373090,634.4312751883278
07331,2021,152,373090,634.4312751883278
07331,2022,159,401190,682.214702331355
07331,2023,167,443870,754.7910962980596
07332,1960,0,0,0
07332,1961,0,0,0
07332,1962,0,0,0
07332,1963,0,0,0
07332,1964,0,0,0
07332,1965,0,0,0
07332,1966,0,0,0
07332,1967,0,0,0
07332,1968,0,0,0
07332,1969,0,0,0
07332,1970,0,0,0
07332,1971,0,0,0
07332,1972,0,0,0
07332,1973,0,0,0
07332,1974,0,0,0
07332,1975,0,0,0
07332,1976,0,0,0
07332,1977,0,0,0
07332,1978,0,0,0
07332,1979,0,0,0
07332,1980,0,0,0
07332,1981,0,0,0
07332,1982,0,0,0
07332,1983,0,0,0
07332,1984,0,0,0
07332,1985,0,0,0
07332,1986,0,0,0
07332,1987,0,0,0
07332,1988,0,0,0
07332,1989,0,0,0
07332,1990,0,0,0
07332,1991,0,0,0
07332,1992,0,0,0
07332,1993,0,0,0
07332,1994,0,0,0
07332,1995,0,0,0
07332,1996,0,0,0
07332,1997,0,0,0
07332,1998,0,0,0
07332,1999,0,0,0
07332,2000,0,0,0
07332,2001,2,3600,6.0543885908410555
07332,2002,2,3600,6.0543885908410555
07332,2003,5,9000,15.135971477102638
07332,2004,5,9000,15.135971477102638
07332,2005,5,9000,15.135971477102638
07332,2006,5,9000,15.135971477102638
07332,2007,5,9000,15.135971477102638
07332,2008,5,9000,15.135971477102638
07332,2009,5,9000,15.135971477102638
07332,2010,7,13000,21.863069911370477
07332,2011,7,13000,21.863069911370477
07332,2012,7,13000,21.863069911370477
07332,2013,7,13000,21.863069911370477
07332,2014,9,19100,32.12189502362893
07332,2015,9,19100,32.12189502362893
07332,2016,10,21450,36.07406535376129
07332,2017,12,27010,45.42473217739359
07332,2018,12,27010,45.42473217739359
07332,2019,12,27010,45.42473217739359
07332,2020,12,27010,45.42473217739359
07332,2021,12,27010,45.42473217739359
07332,2022,12,27010,45.42473217739359
07332,2023,12,27010,45.42473217739359
07333,1960,0,0,0
07333,1961,0,0,0
07333,1962,0,0,0
07333,1963,0,0,0
07333,1964,0,0,0
07333,1965,0,0,0
07333,1966,0,0,0
07333,1967,0,0,0
07333,1968,0,0,0
07333,1969,0,0,0
07333,1970,0,0,0
07333,1971,0,0,0
07333,1972,0,0,0
07333,1973,0,0,0
07333,1974,0,0,0
07333,1975,0,0,0
07333,1976,0,0,0
07333,1977,0,0,0
07333,1978,0,0,0
07333,1979,0,0,0
07333,1980,0,0,0
07333,1981,0,0,0
07333,1982,0,0,0
07333,1983,0,0,0
07333,1984,0,0,0
07333,1985,0,0,0
07333,1986,0,0,0
07333,1987,0,0,0
07333,1988,0,0,0
07333,1989,0,0,0
07333,1990,0,0,0
07333,1991,0,0,0
07333,1992,0,0,0
07333,1993,0,0,0
07333,1994,0,0,0
07333,1995,0,0,0
07333,1996,0,0,0
07333,1997,0,0,0
07333,1998,1,500,0.7746893495708221
07333,1999,2,1000,1.5493786991416443
07333,2000,5,5000,7.746893495708221
07333,2001,6,6500,10.070961544420689
07333,2002,7,8500,13.169718942703977
07333,2003,9,11800,18.282668649871404
07333,2004,10,13600,21.071550308326362
07333,2005,10,13600,21.071550308326362
07333,2006,10,13600,21.071550308326362
07333,2007,10,13600,21.071550308326362
07333,2008,10,13600,21.071550308326362
07333,2009,10,13600,21.071550308326362
07333,2010,11,21180,32.81584084782003
07333,2011,12,24230,37.54144588020204
07333,2012,18,43380,67.21204796876452
07333,2013,29,77145,119.52681974528215
07333,2014,59,165930,257.08840754857306
07333,2015,69,196115,303.8564035821636
07333,2016,72,205195,317.9247621703697
07333,2017,80,230545,357.20151219361037
07333,2018,87,251545,389.7384648755849
07333,2019,93,270895,419.71894270397576
07333,2020,94,273895,424.3670788014007
07333,2021,96,281095,435.5226054352205
07333,2022,98,289495,448.53738650801034
07333,2023,99,293095,454.11514982492025
07334,1960,0,0,0
07334,1961,0,0,0
07334,1962,0,0,0
07334,1963,0,0,0
07334,1964,0,0,0
07334,1965,0,0,0
07334,1966,0,0,0
07334,1967,0,0,0
07334,1968,0,0,0
07334,1969,0,0,0
07334,1970,0,0,0
07334,1971,0,0,0
07334,1972,0,0,0
07334,1973,0,0,0
07334,1974,0,0,0
07334,1975,0,0,0
07334,1976,0,0,0
07334,1977,0,0,0
07334,1978,0,0,0
07334,1979,0,0,0
07334,1980,0,0,0
07334,1981,0,0,0
07334,1982,0,0,0
07334,1983,0,0,0
07334,1984,0,0,0
07334,1985,0,0,0
07334,1986,0,0,0
07334,1987,0,0,0
07334,1988,0,0,0
07334,1989,0,0,0
07334,1990,0,0,0
07334,1991,0,0,0
07334,1992,0,0,0
07334,1993,0,0,0
07334,1994,0,0,0
07334,1995,0,0,0
07334,1996,0,0,0
07334,1997,0,0,0
07334,1998,0,0,0
07334,1999,0,0,0
07334,2000,0,0,0
07334,2001,0,0,0
07334,2002,0,0,0
07334,2003,3,4500,9.712509712509712
07334,2004,7,10500,22.66252266252266
07334,2005,9,13500,29.13752913752914
07334,2006,12,18000,38.85003885003885
07334,2007,12,18000,38.85003885003885
07334,2008,12,18000,38.85003885003885
07334,2009,13,20000,43.1667098333765
07334,2010,13,20000,43.1667098333765
07334,2011,13,20000,43.1667098333765
07334,2012,13,20000,43.1667098333765
07334,2013,13,20000,43.1667098333765
07334,2014,13,20000,43.1667098333765
07334,2015,13,20000,43.1667098333765
07334,2016,13,20000,43.1667098333765
07334,2017,22,48200,104.03177069843737
07334,2018,26,61400,132.52179918846585
07334,2019,30,75200,162.30682897349564
07334,2020,30,75200,162.30682897349564
07334,2021,30,75200,162.30682897349564
07334,2022,30,75200,162.30682897349564
07334,2023,30,75200,162.30682897349564
07335,1960,0,0,0
07335,1961,0,0,0
07335,1962,0,0,0
07335,1963,0,0,0
07335,1964,0,0,0
07335,1965,0,0,0
07335,1966,0,0,0
07335,1967,0,0,0
07335,1968,0,0,0
07335,1969,0,0,0
07335,1970,0,0,0
07335,1971,0,0,0
07335,1972,0,0,0
07335,1973,0,0,0
07335,1974,0,0,0
07335,1975,0,0,0
07335,1976,0,0,0
07335,1977,0,0,0
07335,1978,0,0,0
07335,1979,0,0,0
07335,1980,0,0,0
07335,1981,0,0,0
07335,1982,0,0,0
07335,1983,0,0,0
07335,1984,0,0,0
07335,1985,0,0,0
07335,1986,0,0,0
07335,1987,0,0,0
07335,1988,0,0,0
07335,1989,0,0,0
07335,1990,0,0,0
07335,1991,0,0,0
07335,1992,0,0,0
07335,1993,0,0,0
07335,1994,0,0,0
07335,1995,0,0,0
07335,1996,0,0,0
07335,1997,0,0,0
07335,1998,0,0,0
07335,1999,1,1000,1.562597662353897
07335,2000,4,3500,5.469091818238639
07335,2001,4,3500,5.469091818238639
07335,2002,7,9500,14.844677792362022
07335,2003,15,21750,33.98649915619726
07335,2004,19,29350,45.86224139008688
07335,2005,21,33350,52.112632039502465
07335,2006,27,45350,70.86380398774924
07335,2007,35,61350,95.86536658541158
07335,2008,35,61350,95.86536658541158
07335,2009,37,65350,102.11575723482717
07335,2010,37,65350,102.11575723482717
07335,2011,37,65350,102.11575723482717
07335,2012,37,65350,102.11575723482717
07335,2013,40,73150,114.30401900118757
07335,2014,45,88475,138.25082817676105
07335,2015,45,88475,138.25082817676105
07335,2016,45,88475,138.25082817676105
07335,2017,46,90775,141.844802800175
07335,2018,46,90775,141.844802800175
07335,2019,49,100675,157.31451965747857
07335,2020,50,103975,162.47109194324645
07335,2021,50,103975,162.47109194324645
07335,2022,51,107275,167.6276642290143
07335,2023,51,107275,167.6276642290143
07336,1960,0,0,0
07336,1961,0,0,0
07336,1962,0,0,0
07336,1963,0,0,0
07336,1964,0,0,0
07336,1965,0,0,0
07336,1966,0,0,0
07336,1967,0,0,0
07336,1968,0,0,0
07336,1969,0,0,0
07336,1970,0,0,0
07336,1971,0,0,0
07336,1972,0,0,0
07336,1973,0,0,0
07336,1974,0,0,0
07336,1975,0,0,0
07336,1976,0,0,0
07336,1977,0,0,0
07336,1978,0,0,0
07336,1979,0,0,0
07336,1980,0,0,0
07336,1981,0,0,0
07336,1982,0,0,0
07336,1983,0,0,0
07336,1984,0,0,0
07336,1985,0,0,0
07336,1986,0,0,0
07336,1987,0,0,0
07336,1988,0,0,0
07336,1989,0,0,0
07336,1990,0,0,0
07336,1991,0,0,0
07336,1992,0,0,0
07336,1993,0,0,0
07336,1994,0,0,0
07336,1995,0,0,0
07336,1996,0,0,0
07336,1997,0,0,0
07336,1998,0,0,0
07336,1999,0,0,0
07336,2000,0,0,0
07336,2001,0,0,0
07336,2002,5,4000,6.973379125189589
07336,2003,7,7350,12.81358414253587
07336,2004,13,14950,26.06300448039609
07336,2005,13,14950,26.06300448039609
07336,2006,13,14950,26.06300448039609
07336,2007,17,21750,37.91774899321839
07336,2008,17,21750,37.91774899321839
07336,2009,25,38950,67.90327923153362
07336,2010,25,38950,67.90327923153362
07336,2011,27,42950,74.87665835672321
07336,2012,29,49050,85.51106152263733
07336,2013,30,49055,85.51977824654382
07336,2014,35,63265,110.29270758877983
07336,2015,44,87715,152.9174874915012
07336,2016,45,91165,158.9320269869772
07336,2017,45,91165,158.9320269869772
07336,2018,48,101065,176.19114032182145
07336,2019,51,111415,194.2347588082495
07336,2020,60,141615,246.8837712034309
07336,2021,63,157515,274.6029532260595
07336,2022,63,157515,274.6029532260595
07336,2023,65,168515,293.7797458203309
07337,1960,0,0,0
07337,1961,0,0,0
07337,1962,0,0,0
07337,1963,0,0,0
07337,1964,0,0,0
07337,1965,0,0,0
07337,1966,0,0,0
07337,1967,0,0,0
07337,1968,0,0,0
07337,1969,0,0,0
07337,1970,0,0,0
07337,1971,0,0,0
07337,1972,0,0,0
07337,1973,0,0,0
07337,1974,0,0,0
07337,1975,0,0,0
07337,1976,0,0,0
07337,1977,0,0,0
07337,1978,0,0,0
07337,1979,0,0,0
07337,1980,0,0,0
07337,1981,0,0,0
07337,1982,0,0,0
07337,1983,0,0,0
07337,1984,0,0,0
07337,1985,0,0,0
07337,1986,0,0,0
07337,1987,0,0,0
07337,1988,0,0,0
07337,1989,0,0,0
07337,1990,0,0,0
07337,1991,0,0,0
07337,1992,0,0,0
07337,1993,0,0,0
07337,1994,0,0,0
07337,1995,0,0,0
07337,1996,0,0,0
07337,1997,0,0,0
07337,1998,0,0,0
07337,1999,0,0,0
07337,2000,0,0,0
07337,2001,0,0,0
07337,2002,0,0,0
07337,2003,0,0,0
07337,2004,0,0,0
07337,2005,4,6000,9.375732479099929
07337,2006,4,6000,9.375732479099929
07337,2007,4,6000,9.375732479099929
07337,2008,7,12000,18.751464958199858
07337,2009,7,12000,18.751464958199858
07337,2010,8,14050,21.954840221892333
07337,2011,10,18150,28.361590749277287
07337,2012,10,18150,28.361590749277287
07337,2013,10,18150,28.361590749277287
07337,2014,16,33330,52.082193921400105
07337,2015,16,33330,52.082193921400105
07337,2016,16,33330,52.082193921400105
07337,2017,20,46530,72.70880537541996
07337,2018,20,46530,72.70880537541996
07337,2019,20,46530,72.70880537541996
07337,2020,20,46530,72.70880537541996
07337,2021,20,46530,72.70880537541996
07337,2022,20,46530,72.70880537541996
07337,2023,20,46530,72.70880537541996
07338,1960,0,0,0
07338,1961,0,0,0
07338,1962,0,0,0
07338,1963,0,0,0
07338,1964,0,0,0
07338,1965,0,0,0
07338,1966,0,0,0
07338,1967,0,0,0
07338,1968,0,0,0
07338,1969,0,0,0
07338,1970,0,0,0
07338,1971,0,0,0
07338,1972,0,0,0
07338,1973,0,0,0
07338,1974,0,0,0
07338,1975,0,0,0
07338,1976,0,0,0
07338,1977,0,0,0
07338,1978,0,0,0
07338,1979,0,0,0
07338,1980,0,0,0
07338,1981,0,0,0
07338,1982,0,0,0
07338,1983,0,0,0
07338,1984,0,0,0
07338,1985,0,0,0
07338,1986,0,0,0
07338,1987,0,0,0
07338,1988,0,0,0
07338,1989,0,0,0
07338,1990,0,0,0
07338,1991,0,0,0
07338,1992,0,0,0
07338,1993,0,0,0
07338,1994,0,0,0
07338,1995,0,0,0
07338,1996,0,0,0
07338,1997,0,0,0
07338,1998,0,0,0
07338,1999,0,0,0
07338,2000,0,0,0
07338,2001,0,0,0
07338,2002,1,2000,6.557162060260319
07338,2003,1,2000,6.557162060260319
07338,2004,2,4000,13.114324120520639
07338,2005,6,10800,35.40867512540572
07338,2006,7,12800,41.96583718566605
07338,2007,7,12800,41.96583718566605
07338,2008,9,16800,55.08016130618668
07338,2009,9,16800,55.08016130618668
07338,2010,9,16800,55.08016130618668
07338,2011,13,25800,84.58739057735812
07338,2012,13,25800,84.58739057735812
07338,2013,14,28100,92.12812694665749
07338,2014,14,28100,92.12812694665749
07338,2015,14,28100,92.12812694665749
07338,2016,18,37700,123.60250483590703
07338,2017,18,37700,123.60250483590703
07338,2018,18,37700,123.60250483590703
07338,2019,18,37700,123.60250483590703
07338,2020,19,40100,131.4710993082194
07338,2021,19,40100,131.4710993082194
07338,2022,19,40100,131.4710993082194
07338,2023,19,40100,131.4710993082194
07339,1960,0,0,0
07339,1961,0,0,0
07339,1962,0,0,0
07339,1963,0,0,0
07339,1964,0,0,0
07339,1965,0,0,0
07339,1966,0,0,0
07339,1967,0,0,0
07339,1968,0,0,0
07339,1969,0,0,0
07339,1970,0,0,0
07339,1971,0,0,0
07339,1972,0,0,0
07339,1973,0,0,0
07339,1974,0,0,0
07339,1975,0,0,0
07339,1976,0,0,0
07339,1977,0,0,0
07339,1978,0,0,0
07339,1979,0,0,0
07339,1980,0,0,0
07339,1981,0,0,0
07339,1982,0,0,0
07339,1983,0,0,0
07339,1984,0,0,0
07339,1985,0,0,0
07339,1986,0,0,0
07339,1987,0,0,0
07339,1988,0,0,0
07339,1989,0,0,0
07339,1990,0,0,0
07339,1991,0,0,0
07339,1992,0,0,0
07339,1993,0,0,0
07339,1994,0,0,0
07339,1995,0,0,0
07339,1996,0,0,0
07339,1997,0,0,0
07339,1998,1,1000,1.6519641854164602
07339,1999,1,1000,1.6519641854164602
07339,2000,3,2200,3.634321207916212
07339,2001,3,2200,3.634321207916212
07339,2002,8,8000,13.215713483331681
07339,2003,8,8000,13.215713483331681
07339,2004,8,8000,13.215713483331681
07339,2005,10,11000,18.17160603958106
07339,2006,13,13400,22.136320084580564
07339,2007,14,14200,23.457891432913733
07339,2008,14,14200,23.457891432913733
07339,2009,14,14200,23.457891432913733
07339,2010,21,22200,36.67360491624542
07339,2011,25,31400,51.87167542207685
07339,2012,33,50550,83.50678957280206
07339,2013,38,65100,107.54286847061155
07339,2014,49,94560.5,156.21055935507317
07339,2015,52,96960.5,160.17527340007268
07339,2016,57,109260.5,180.49443288069514
07339,2017,60,116960.5,193.2145571084019
07339,2018,60,116960.5,193.2145571084019
07339,2019,60,116960.5,193.2145571084019
07339,2020,60,116960.5,193.2145571084019
07339,2021,60,116960.5,193.2145571084019
07339,2022,61,119310.5,197.09667294413057
07339,2023,62,119321.3,197.11451415733308
07340,1960,0,0,0
07340,1961,0,0,0
07340,1962,0,0,0
07340,1963,0,0,0
07340,1964,0,0,0
07340,1965,0,0,0
07340,1966,0,0,0
07340,1967,0,0,0
07340,1968,0,0,0
07340,1969,0,0,0
07340,1970,0,0,0
07340,1971,0,0,0
07340,1972,0,0,0
07340,1973,0,0,0
07340,1974,0,0,0
07340,1975,0,0,0
07340,1976,0,0,0
07340,1977,0,0,0
07340,1978,0,0,0
07340,1979,0,0,0
07340,1980,0,0,0
07340,1981,0,0,0
07340,1982,0,0,0
07340,1983,0,0,0
07340,1984,0,0,0
07340,1985,0,0,0
07340,1986,0,0,0
07340,1987,0,0,0
07340,1988,0,0,0
07340,1989,0,0,0
07340,1990,0,0,0
07340,1991,0,0,0
07340,1992,0,0,0
07340,1993,0,0,0
07340,1994,0,0,0
07340,1995,0,0,0
07340,1996,0,0,0
07340,1997,0,0,0
07340,1998,0,0,0
07340,1999,1,1000,1.0486687150662235
07340,2000,1,1000,1.0486687150662235
07340,2001,3,3310,3.4710934468691996
07340,2002,6,8810,9.238771379733429
07340,2003,7,10310,10.811774452332763
07340,2004,7,10310,10.811774452332763
07340,2005,7,10310,10.811774452332763
07340,2006,10,16910,17.732987971769838
07340,2007,14,22510,23.605532776140688
07340,2008,17,28510,29.89754506653803
07340,2009,23,41110,43.11077087637244
07340,2010,23,41110,43.11077087637244
07340,2011,23,41110,43.11077087637244
07340,2012,23,41110,43.11077087637244
07340,2013,27,50310,52.7585230549817
07340,2014,29,56910,59.679736574418776
07340,2015,29,56910,59.679736574418776
07340,2016,35,75910,79.60444216067702
07340,2017,37,82510,86.5256556801141
07340,2018,45,108460,113.73860883608259
07340,2019,45,108460,113.73860883608259
07340,2020,47,116860,122.54742604263886
07340,2021,47,116860,122.54742604263886
07340,2022,47,116860,122.54742604263886
07340,2023,47,116860,122.54742604263886
08111,1960,0,0,0
08111,1961,0,0,0
08111,1962,0,0,0
08111,1963,0,0,0
08111,1964,0,0,0
08111,1965,0,0,0
08111,1966,0,0,0
08111,1967,0,0,0
08111,1968,0,0,0
08111,1969,0,0,0
08111,1970,0,0,0
08111,1971,0,0,0
08111,1972,0,0,0
08111,1973,0,0,0
08111,1974,0,0,0
08111,1975,0,0,0
08111,1976,0,0,0
08111,1977,0,0,0
08111,1978,0,0,0
08111,1979,0,0,0
08111,1980,0,0,0
08111,1981,0,0,0
08111,1982,0,0,0
08111,1983,0,0,0
08111,1984,0,0,0
08111,1985,0,0,0
08111,1986,0,0,0
08111,1987,0,0,0
08111,1988,0,0,0
08111,1989,0,0,0
08111,1990,0,0,0
08111,1991,0,0,0
08111,1992,0,0,0
08111,1993,0,0,0
08111,1994,0,0,0
08111,1995,0,0,0
08111,1996,0,0,0
08111,1997,0,0,0
08111,1998,0,0,0
08111,1999,0,0,0
08111,2000,0,0,0
08111,2001,0,0,0
08111,2002,0,0,0
08111,2003,0,0,0
08111,2004,0,0,0
08111,2005,0,0,0
08111,2006,0,0,0
08111,2007,0,0,0
08111,2008,0,0,0
08111,2009,0,0,0
08111,2010,1,0.6,0.0028939372015627258
08111,2011,1,0.6,0.0028939372015627258
08111,2012,1,0.6,0.0028939372015627258
08111,2013,1,0.6,0.0028939372015627258
08111,2014,1,0.6,0.0028939372015627258
08111,2015,1,0.6,0.0028939372015627258
08111,2016,1,0.6,0.0028939372015627258
08111,2017,1,0.6,0.0028939372015627258
08111,2018,1,0.6,0.0028939372015627258
08111,2019,1,0.6,0.0028939372015627258
08111,2020,1,0.6,0.0028939372015627258
08111,2021,1,0.6,0.0028939372015627258
08111,2022,1,0.6,0.0028939372015627258
08111,2023,1,0.6,0.0028939372015627258
08116,1960,0,0,0
08116,1961,0,0,0
08116,1962,0,0,0
08116,1963,0,0,0
08116,1964,0,0,0
08116,1965,0,0,0
08116,1966,0,0,0
08116,1967,0,0,0
08116,1968,0,0,0
08116,1969,0,0,0
08116,1970,0,0,0
08116,1971,0,0,0
08116,1972,0,0,0
08116,1973,0,0,0
08116,1974,0,0,0
08116,1975,0,0,0
08116,1976,0,0,0
08116,1977,0,0,0
08116,1978,0,0,0
08116,1979,0,0,0
08116,1980,0,0,0
08116,1981,0,0,0
08116,1982,0,0,0
08116,1983,0,0,0
08116,1984,0,0,0
08116,1985,0,0,0
08116,1986,0,0,0
08116,1987,0,0,0
08116,1988,0,0,0
08116,1989,0,0,0
08116,1990,0,0,0
08116,1991,0,0,0
08116,1992,0,0,0
08116,1993,0,0,0
08116,1994,0,0,0
08116,1995,0,0,0
08116,1996,0,0,0
08116,1997,0,0,0
08116,1998,0,0,0
08116,1999,0,0,0
08116,2000,3,2250,3.5086624978558176
08116,2001,3,2250,3.5086624978558176
08116,2002,3,2250,3.5086624978558176
08116,2003,3,2250,3.5086624978558176
08116,2004,3,2250,3.5086624978558176
08116,2005,3,2250,3.5086624978558176
08116,2006,3,2250,3.5086624978558176
08116,2007,3,2250,3.5086624978558176
08116,2008,3,2250,3.5086624978558176
08116,2009,3,2250,3.5086624978558176
08116,2010,3,2250,3.5086624978558176
08116,2011,3,2250,3.5086624978558176
08116,2012,3,2250,3.5086624978558176
08116,2013,3,2250,3.5086624978558176
08116,2014,4,2251.5,3.511001606187721
08116,2015,4,2251.5,3.511001606187721
08116,2016,4,2251.5,3.511001606187721
08116,2017,4,2251.5,3.511001606187721
08116,2018,4,2251.5,3.511001606187721
08116,2019,4,2251.5,3.511001606187721
08116,2020,4,2251.5,3.511001606187721
08116,2021,4,2251.5,3.511001606187721
08116,2022,4,2251.5,3.511001606187721
08116,2023,5,2252.5,3.512561011742324
08117,1960,0,0,0
08117,1961,0,0,0
08117,1962,0,0,0
08117,1963,0,0,0
08117,1964,0,0,0
08117,1965,0,0,0
08117,1966,0,0,0
08117,1967,0,0,0
08117,1968,0,0,0
08117,1969,0,0,0
08117,1970,0,0,0
08117,1971,0,0,0
08117,1972,0,0,0
08117,1973,0,0,0
08117,1974,0,0,0
08117,1975,0,0,0
08117,1976,0,0,0
08117,1977,0,0,0
08117,1978,0,0,0
08117,1979,0,0,0
08117,1980,0,0,0
08117,1981,0,0,0
08117,1982,0,0,0
08117,1983,0,0,0
08117,1984,0,0,0
08117,1985,0,0,0
08117,1986,0,0,0
08117,1987,0,0,0
08117,1988,0,0,0
08117,1989,0,0,0
08117,1990,0,0,0
08117,1991,0,0,0
08117,1992,0,0,0
08117,1993,0,0,0
08117,1994,0,0,0
08117,1995,0,0,0
08117,1996,0,0,0
08117,1997,1,600,0.9341138373396437
08117,1998,1,600,0.9341138373396437
08117,1999,3,2100,3.269398430688753
08117,2000,6,4050,6.3052684020425955
08117,2001,12,11100,17.28110599078341
08117,2002,19,19500,30.35869971353842
08117,2003,19,19500,30.35869971353842
08117,2004,19,19500,30.35869971353842
08117,2005,19,19500,30.35869971353842
08117,2006,23,27500,42.813550878067005
08117,2007,24,29000,45.14883547141611
08117,2008,24,29000,45.14883547141611
08117,2009,24,29000,45.14883547141611
08117,2010,24,29000,45.14883547141611
08117,2011,24,29000,45.14883547141611
08117,2012,24,29000,45.14883547141611
08117,2013,24,29000,45.14883547141611
08117,2014,24,29000,45.14883547141611
08117,2015,24,29000,45.14883547141611
08117,2016,43,81430,126.77481629094531
08117,2017,45,86990,135.43093785029268
08117,2018,46,89770,139.75899862996636
08117,2019,46,89770,139.75899862996636
08117,2020,51,106270,165.44712915680657
08117,2021,51,106270,165.44712915680657
08117,2022,51,106270,165.44712915680657
08117,2023,54,118870,185.06351974093909
08118,1960,0,0,0
08118,1961,0,0,0
08118,1962,0,0,0
08118,1963,0,0,0
08118,1964,0,0,0
08118,1965,0,0,0
08118,1966,0,0,0
08118,1967,0,0,0
08118,1968,0,0,0
08118,1969,0,0,0
08118,1970,0,0,0
08118,1971,0,0,0
08118,1972,0,0,0
08118,1973,0,0,0
08118,1974,0,0,0
08118,1975,0,0,0
08118,1976,0,0,0
08118,1977,0,0,0
08118,1978,0,0,0
08118,1979,0,0,0
08118,1980,0,0,0
08118,1981,0,0,0
08118,1982,0,0,0
08118,1983,0,0,0
08118,1984,0,0,0
08118,1985,0,0,0
08118,1986,0,0,0
08118,1987,0,0,0
08118,1988,0,0,0
08118,1989,0,0,0
08118,1990,0,0,0
08118,1991,0,0,0
08118,1992,0,0,0
08118,1993,0,0,0
08118,1994,0,0,0
08118,1995,0,0,0
08118,1996,0,0,0
08118,1997,0,0,0
08118,1998,0,0,0
08118,1999,0,0,0
08118,2000,2,1000,1.4560915590372323
08118,2001,2,1000,1.4560915590372323
08118,2002,2,1000,1.4560915590372323
08118,2003,2,1000,1.4560915590372323
08118,2004,2,1000,1.4560915590372323
08118,2005,2,1000,1.4560915590372323
08118,2006,2,1000,1.4560915590372323
08118,2007,2,1000,1.4560915590372323
08118,2008,2,1000,1.4560915590372323
08118,2009,2,1000,1.4560915590372323
08118,2010,2,1000,1.4560915590372323
08118,2011,2,1000,1.4560915590372323
08118,2012,4,3001.5,4.370458814450252
08118,2013,4,3001.5,4.370458814450252
08118,2014,5,3002.5,4.37191490600929
08118,2015,5,3002.5,4.37191490600929
08118,2016,5,3002.5,4.37191490600929
08118,2017,5,3002.5,4.37191490600929
08118,2018,5,3002.5,4.37191490600929
08118,2019,5,3002.5,4.37191490600929
08118,2020,6,3004.5,4.374827089127365
08118,2021,6,3004.5,4.374827089127365
08118,2022,6,3004.5,4.374827089127365
08118,2023,6,3004.5,4.374827089127365
08119,1960,0,0,0
08119,1961,0,0,0
08119,1962,0,0,0
08119,1963,0,0,0
08119,1964,0,0,0
08119,1965,0,0,0
08119,1966,0,0,0
08119,1967,0,0,0
08119,1968,0,0,0
08119,1969,0,0,0
08119,1970,0,0,0
08119,1971,0,0,0
08119,1972,0,0,0
08119,1973,0,0,0
08119,1974,0,0,0
08119,1975,0,0,0
08119,1976,0,0,0
08119,1977,0,0,0
08119,1978,0,0,0
08119,1979,0,0,0
08119,1980,0,0,0
08119,1981,0,0,0
08119,1982,0,0,0
08119,1983,0,0,0
08119,1984,0,0,0
08119,1985,0,0,0
08119,1986,0,0,0
08119,1987,0,0,0
08119,1988,0,0,0
08119,1989,0,0,0
08119,1990,0,0,0
08119,1991,0,0,0
08119,1992,0,0,0
08119,1993,0,0,0
08119,1994,0,0,0
08119,1995,0,0,0
08119,1996,0,0,0
08119,1997,0,0,0
08119,1998,0,0,0
08119,1999,0,0,0
08119,2000,0,0,0
08119,2001,0,0,0
08119,2002,0,0,0
08119,2003,0,0,0
08119,2004,1,1000,1.1653789229567995
08119,2005,1,1000,1.1653789229567995
08119,2006,1,1000,1.1653789229567995
08119,2007,1,1000,1.1653789229567995
08119,2008,1,1000,1.1653789229567995
08119,2009,1,1000,1.1653789229567995
08119,2010,1,1000,1.1653789229567995
08119,2011,1,1000,1.1653789229567995
08119,2012,1,1000,1.1653789229567995
08119,2013,2,1005,1.1712058175715834
08119,2014,2,1005,1.1712058175715834
08119,2015,3,1011,1.1781980911093242
08119,2016,3,1011,1.1781980911093242
08119,2017,9,21711,25.30154179631507
08119,2018,9,21711,25.30154179631507
08119,2019,9,21711,25.30154179631507
08119,2020,9,21711,25.30154179631507
08119,2021,9,21711,25.30154179631507
08119,2022,9,21711,25.30154179631507
08119,2023,9,21711,25.30154179631507
08125,1960,0,0,0
08125,1961,0,0,0
08125,1962,0,0,0
08125,1963,0,0,0
08125,1964,0,0,0
08125,1965,0,0,0
08125,1966,0,0,0
08125,1967,0,0,0
08125,1968,0,0,0
08125,1969,0,0,0
08125,1970,0,0,0
08125,1971,0,0,0
08125,1972,0,0,0
08125,1973,0,0,0
08125,1974,0,0,0
08125,1975,0,0,0
08125,1976,0,0,0
08125,1977,0,0,0
08125,1978,0,0,0
08125,1979,0,0,0
08125,1980,0,0,0
08125,1981,0,0,0
08125,1982,0,0,0
08125,1983,0,0,0
08125,1984,0,0,0
08125,1985,0,0,0
08125,1986,0,0,0
08125,1987,0,0,0
08125,1988,0,0,0
08125,1989,0,0,0
08125,1990,0,0,0
08125,1991,0,0,0
08125,1992,0,0,0
08125,1993,0,0,0
08125,1994,0,0,0
08125,1995,0,0,0
08125,1996,0,0,0
08125,1997,0,0,0
08125,1998,0,0,0
08125,1999,0,0,0
08125,2000,0,0,0
08125,2001,1,1000,0.9091404985726493
08125,2002,1,1000,0.9091404985726493
08125,2003,1,1000,0.9091404985726493
08125,2004,1,1000,0.9091404985726493
08125,2005,1,1000,0.9091404985726493
08125,2006,1,1000,0.9091404985726493
08125,2007,1,1000,0.9091404985726493
08125,2008,1,1000,0.9091404985726493
08125,2009,1,1000,0.9091404985726493
08125,2010,1,1000,0.9091404985726493
08125,2011,2,3000,2.727421495717948
08125,2012,2,3000,2.727421495717948
08125,2013,2,3000,2.727421495717948
08125,2014,4,7700,7.000381839009401
08125,2015,17,46700,42.456861283342725
08125,2016,17,46700,42.456861283342725
08125,2017,21,58700,53.36654726621452
08125,2018,21,58700,53.36654726621452
08125,2019,22,58705.5,53.37154753895667
08125,2020,22,58705.5,53.37154753895667
08125,2021,22,58705.5,53.37154753895667
08125,2022,25,72205.5,65.64494426968743
08125,2023,25,72205.5,65.64494426968743
08126,1960,0,0,0
08126,1961,0,0,0
08126,1962,0,0,0
08126,1963,0,0,0
08126,1964,0,0,0
08126,1965,0,0,0
08126,1966,0,0,0
08126,1967,0,0,0
08126,1968,0,0,0
08126,1969,0,0,0
08126,1970,0,0,0
08126,1971,0,0,0
08126,1972,0,0,0
08126,1973,0,0,0
08126,1974,0,0,0
08126,1975,0,0,0
08126,1976,0,0,0
08126,1977,0,0,0
08126,1978,0,0,0
08126,1979,0,0,0
08126,1980,0,0,0
08126,1981,0,0,0
08126,1982,0,0,0
08126,1983,0,0,0
08126,1984,0,0,0
08126,1985,0,0,0
08126,1986,0,0,0
08126,1987,0,0,0
08126,1988,0,0,0
08126,1989,0,0,0
08126,1990,0,0,0
08126,1991,0,0,0
08126,1992,0,0,0
08126,1993,0,0,0
08126,1994,0,0,0
08126,1995,0,0,0
08126,1996,0,0,0
08126,1997,0,0,0
08126,1998,0,0,0
08126,1999,0,0,0
08126,2000,0,0,0
08126,2001,1,1000,1.287415513356936
08126,2002,1,1000,1.287415513356936
08126,2003,2,2500,3.21853878339234
08126,2004,2,2500,3.21853878339234
08126,2005,2,2500,3.21853878339234
08126,2006,3,4500,5.793369810106212
08126,2007,6,10650,13.710975217251368
08126,2008,7,12700,16.350177019633087
08126,2009,7,12700,16.350177019633087
08126,2010,7,12700,16.350177019633087
08126,2011,7,12700,16.350177019633087
08126,2012,7,12700,16.350177019633087
08126,2013,7,12700,16.350177019633087
08126,2014,7,12700,16.350177019633087
08126,2015,8,15700,20.212423559703893
08126,2016,13,32200,41.45477953009334
08126,2017,14,35800,46.08947537817831
08126,2018,16,43000,55.35886707434825
08126,2019,16,43000,55.35886707434825
08126,2020,16,43000,55.35886707434825
08126,2021,16,43000,55.35886707434825
08126,2022,19,55600,71.58030254264564
08126,2023,20,55601,71.581589958159
08127,1960,0,0,0
08127,1961,0,0,0
08127,1962,0,0,0
08127,1963,0,0,0
08127,1964,0,0,0
08127,1965,0,0,0
08127,1966,0,0,0
08127,1967,0,0,0
08127,1968,0,0,0
08127,1969,0,0,0
08127,1970,0,0,0
08127,1971,0,0,0
08127,1972,0,0,0
08127,1973,0,0,0
08127,1974,0,0,0
08127,1975,0,0,0
08127,1976,0,0,0
08127,1977,0,0,0
08127,1978,0,0,0
08127,1979,0,0,0
08127,1980,0,0,0
08127,1981,0,0,0
08127,1982,0,0,0
08127,1983,0,0,0
08127,1984,0,0,0
08127,1985,0,0,0
08127,1986,0,0,0
08127,1987,0,0,0
08127,1988,0,0,0
08127,1989,0,0,0
08127,1990,0,0,0
08127,1991,0,0,0
08127,1992,0,0,0
08127,1993,0,0,0
08127,1994,0,0,0
08127,1995,0,0,0
08127,1996,0,0,0
08127,1997,0,0,0
08127,1998,1,600,0.4042935980108755
08127,1999,2,1600,1.0781162613623347
08127,2000,2,1600,1.0781162613623347
08127,2001,5,3820,2.574002574002574
08127,2002,7,5620,3.7868833680352005
08127,2003,7,5620,3.7868833680352005
08127,2004,10,10120,6.819085353116767
08127,2005,12,12420,8.368877478825123
08127,2006,14,15920,10.72725680055523
08127,2007,16,19970,13.45623858712864
08127,2008,16,19970,13.45623858712864
08127,2009,19,25970,17.499174567237397
08127,2010,20,25980,17.50591279387091
08127,2011,22,27580,18.584029055233245
08127,2012,25,27620,18.6109819617673
08127,2013,25,27620,18.6109819617673
08127,2014,27,30680,20.67287931162277
08127,2015,35,56830,38.293341958263426
08127,2016,51,108180,72.89413572136085
08127,2017,94,251700,169.60116436556228
08127,2018,99,268050,180.61816491135863
08127,2019,100,271350,182.84177970041844
08127,2020,102,277450,186.95209794686235
08127,2021,107,297250,200.29378668122123
08127,2022,108,301450,203.1238418672974
08127,2023,109,301451,203.12451568996073
08128,1960,0,0,0
08128,1961,0,0,0
08128,1962,0,0,0
08128,1963,0,0,0
08128,1964,0,0,0
08128,1965,0,0,0
08128,1966,0,0,0
08128,1967,0,0,0
08128,1968,0,0,0
08128,1969,0,0,0
08128,1970,0,0,0
08128,1971,0,0,0
08128,1972,0,0,0
08128,1973,0,0,0
08128,1974,0,0,0
08128,1975,0,0,0
08128,1976,0,0,0
08128,1977,0,0,0
08128,1978,0,0,0
08128,1979,0,0,0
08128,1980,0,0,0
08128,1981,0,0,0
08128,1982,0,0,0
08128,1983,0,0,0
08128,1984,0,0,0
08128,1985,0,0,0
08128,1986,0,0,0
08128,1987,0,0,0
08128,1988,0,0,0
08128,1989,0,0,0
08128,1990,0,0,0
08128,1991,0,0,0
08128,1992,0,0,0
08128,1993,0,0,0
08128,1994,0,0,0
08128,1995,0,0,0
08128,1996,0,0,0
08128,1997,1,500,0.3834003005858357
08128,1998,1,500,0.3834003005858357
08128,1999,4,2300,1.7636413826948443
08128,2000,5,3300,2.5304419838665155
08128,2001,13,9500,7.284605711130878
08128,2002,49,44590,34.191638806244825
08128,2003,55,50990,39.09916265374353
08128,2004,65,65390,50.14109131061559
08128,2005,68,69890,53.591694015888116
08128,2006,68,69890,53.591694015888116
08128,2007,79,91890,70.46130724166488
08128,2008,79,91890,70.46130724166488
08128,2009,80,92690,71.07474772260223
08128,2010,85,101840,78.09097322332302
08128,2011,85,101840,78.09097322332302
08128,2012,86,104140,79.85461460601786
08128,2013,87,104147.5,79.86036561052664
08128,2014,87,104147.5,79.86036561052664
08128,2015,106,150997.5,115.78497377541945
08128,2016,128,206917.5,158.66446339293933
08128,2017,140,241817.5,185.42580437383066
08128,2018,148,267317.5,204.97921970370825
08128,2019,149,267326.5,204.9861209091188
08128,2020,151,274226.5,210.27704505720334
08128,2021,151,274226.5,210.27704505720334
08128,2022,151,274226.5,210.27704505720334
08128,2023,151,274226.5,210.27704505720334
08135,1960,0,0,0
08135,1961,0,0,0
08135,1962,0,0,0
08135,1963,0,0,0
08135,1964,0,0,0
08135,1965,0,0,0
08135,1966,0,0,0
08135,1967,0,0,0
08135,1968,0,0,0
08135,1969,0,0,0
08135,1970,0,0,0
08135,1971,0,0,0
08135,1972,0,0,0
08135,1973,0,0,0
08135,1974,0,0,0
08135,1975,0,0,0
08135,1976,0,0,0
08135,1977,0,0,0
08135,1978,0,0,0
08135,1979,0,0,0
08135,1980,0,0,0
08135,1981,0,0,0
08135,1982,0,0,0
08135,1983,0,0,0
08135,1984,0,0,0
08135,1985,0,0,0
08135,1986,0,0,0
08135,1987,0,0,0
08135,1988,0,0,0
08135,1989,0,0,0
08135,1990,0,0,0
08135,1991,0,0,0
08135,1992,0,0,0
08135,1993,0,0,0
08135,1994,0,0,0
08135,1995,0,0,0
08135,1996,1,80,0.12756729174639622
08135,1997,1,80,0.12756729174639622
08135,1998,1,80,0.12756729174639622
08135,1999,1,80,0.12756729174639622
08135,2000,1,80,0.12756729174639622
08135,2001,1,80,0.12756729174639622
08135,2002,4,4580,7.303227452481184
08135,2003,6,7580,12.087000892971043
08135,2004,6,7580,12.087000892971043
08135,2005,6,7580,12.087000892971043
08135,2006,6,7580,12.087000892971043
08135,2007,9,13580,21.65454777395076
08135,2008,9,13580,21.65454777395076
08135,2009,18,30380,48.443679040693965
08135,2010,18,30380,48.443679040693965
08135,2011,18,30380,48.443679040693965
08135,2012,19,30381.7,48.44638984564358
08135,2013,20,32781.7,52.27340859803546
08135,2014,21,32782.043,52.273955542798824
08135,2015,21,32782.043,52.273955542798824
08135,2016,37,75362.043,120.17164657481823
08135,2017,37,75362.043,120.17164657481823
08135,2018,41,89762.043,143.13375908916953
08135,2019,41,89762.043,143.13375908916953
08135,2020,41,89762.043,143.13375908916953
08135,2021,53,139462.043,222.3849390866182
08135,2022,53,139462.043,222.3849390866182
08135,2023,53,139462.043,222.3849390866182
08136,1960,0,0,0
08136,1961,0,0,0
08136,1962,0,0,0
08136,1963,0,0,0
08136,1964,0,0,0
08136,1965,0,0,0
08136,1966,0,0,0
08136,1967,0,0,0
08136,1968,0,0,0
08136,1969,0,0,0
08136,1970,0,0,0
08136,1971,0,0,0
08136,1972,0,0,0
08136,1973,0,0,0
08136,1974,0,0,0
08136,1975,0,0,0
08136,1976,0,0,0
08136,1977,0,0,0
08136,1978,0,0,0
08136,1979,0,0,0
08136,1980,0,0,0
08136,1981,0,0,0
08136,1982,0,0,0
08136,1983,0,0,0
08136,1984,0,0,0
08136,1985,0,0,0
08136,1986,0,0,0
08136,1987,0,0,0
08136,1988,0,0,0
08136,1989,0,0,0
08136,1990,0,0,0
08136,1991,0,0,0
08136,1992,0,0,0
08136,1993,0,0,0
08136,1994,0,0,0
08136,1995,0,0,0
08136,1996,0,0,0
08136,1997,0,0,0
08136,1998,1,95,0.06285604642084439
08136,1999,1,95,0.06285604642084439
08136,2000,2,695,0.45984160276301944
08136,2001,3,1695,1.1214841966666445
08136,2002,3,1695,1.1214841966666445
08136,2003,4,2695,1.7831267905702697
08136,2004,7,7295,4.826682722526945
08136,2005,7,7295,4.826682722526945
08136,2006,17,26095,17.265563487915095
08136,2007,23,38095,25.205274614758597
08136,2008,23,38095,25.205274614758597
08136,2009,26,44095,29.17513017818035
08136,2010,26,44095,29.17513017818035
08136,2011,26,44095,29.17513017818035
08136,2012,26,44095,29.17513017818035
08136,2013,26,44095,29.17513017818035
08136,2014,29,49595,32.81416444465029
08136,2015,33,59195,39.16593334612509
08136,2016,52,108995,72.11573452252561
08136,2017,78,191965,127.01222053870939
08136,2018,78,191965,127.01222053870939
08136,2019,79,195565,129.39413387676245
08136,2020,79,195565,129.39413387676245
08136,2021,79,195565,129.39413387676245
08136,2022,81,202765,134.15796055286853
08136,2023,81,202765,134.15796055286853
08211,1960,0,0,0
08211,1961,0,0,0
08211,1962,0,0,0
08211,1963,0,0,0
08211,1964,0,0,0
08211,1965,0,0,0
08211,1966,0,0,0
08211,1967,0,0,0
08211,1968,0,0,0
08211,1969,0,0,0
08211,1970,0,0,0
08211,1971,0,0,0
08211,1972,0,0,0
08211,1973,0,0,0
08211,1974,0,0,0
08211,1975,0,0,0
08211,1976,0,0,0
08211,1977,0,0,0
08211,1978,0,0,0
08211,1979,0,0,0
08211,1980,0,0,0
08211,1981,0,0,0
08211,1982,0,0,0
08211,1983,0,0,0
08211,1984,0,0,0
08211,1985,0,0,0
08211,1986,0,0,0
08211,1987,0,0,0
08211,1988,0,0,0
08211,1989,0,0,0
08211,1990,0,0,0
08211,1991,0,0,0
08211,1992,0,0,0
08211,1993,0,0,0
08211,1994,0,0,0
08211,1995,0,0,0
08211,1996,0,0,0
08211,1997,0,0,0
08211,1998,0,0,0
08211,1999,0,0,0
08211,2000,0,0,0
08211,2001,0,0,0
08211,2002,0,0,0
08211,2003,0,0,0
08211,2004,0,0,0
08211,2005,0,0,0
08211,2006,0,0,0
08211,2007,0,0,0
08211,2008,0,0,0
08211,2009,0,0,0
08211,2010,0,0,0
08211,2011,0,0,0
08211,2012,0,0,0
08211,2013,0,0,0
08211,2014,0,0,0
08211,2015,0,0,0
08211,2016,0,0,0
08211,2017,0,0,0
08211,2018,0,0,0
08211,2019,0,0,0
08211,2020,0,0,0
08211,2021,0,0,0
08211,2022,0,0,0
08211,2023,1,1,0.007133176403452458
08212,1960,0,0,0
08212,1961,0,0,0
08212,1962,0,0,0
08212,1963,0,0,0
08212,1964,0,0,0
08212,1965,0,0,0
08212,1966,0,0,0
08212,1967,0,0,0
08212,1968,0,0,0
08212,1969,0,0,0
08212,1970,0,0,0
08212,1971,0,0,0
08212,1972,0,0,0
08212,1973,0,0,0
08212,1974,0,0,0
08212,1975,0,0,0
08212,1976,0,0,0
08212,1977,0,0,0
08212,1978,0,0,0
08212,1979,0,0,0
08212,1980,0,0,0
08212,1981,0,0,0
08212,1982,0,0,0
08212,1983,0,0,0
08212,1984,0,0,0
08212,1985,0,0,0
08212,1986,0,0,0
08212,1987,0,0,0
08212,1988,0,0,0
08212,1989,0,0,0
08212,1990,0,0,0
08212,1991,0,0,0
08212,1992,0,0,0
08212,1993,0,0,0
08212,1994,0,0,0
08212,1995,0,0,0
08212,1996,0,0,0
08212,1997,0,0,0
08212,1998,0,0,0
08212,1999,0,0,0
08212,2000,1,110,0.6342982354976359
08212,2001,1,110,0.6342982354976359
08212,2002,2,1610,9.283819628647215
08212,2003,2,1610,9.283819628647215
08212,2004,2,1610,9.283819628647215
08212,2005,2,1610,9.283819628647215
08212,2006,2,1610,9.283819628647215
08212,2007,2,1610,9.283819628647215
08212,2008,2,1610,9.283819628647215
08212,2009,2,1610,9.283819628647215
08212,2010,2,1610,9.283819628647215
08212,2011,2,1610,9.283819628647215
08212,2012,2,1610,9.283819628647215
08212,2013,2,1610,9.283819628647215
08212,2014,2,1610,9.283819628647215
08212,2015,2,1610,9.283819628647215
08212,2016,2,1610,9.283819628647215
08212,2017,2,1610,9.283819628647215
08212,2018,3,3110,17.933341021796796
08212,2019,3,3110,17.933341021796796
08212,2020,3,3110,17.933341021796796
08212,2021,3,3110,17.933341021796796
08212,2022,3,3110,17.933341021796796
08212,2023,3,3110,17.933341021796796
08215,1960,0,0,0
08215,1961,0,0,0
08215,1962,0,0,0
08215,1963,0,0,0
08215,1964,0,0,0
08215,1965,0,0,0
08215,1966,0,0,0
08215,1967,0,0,0
08215,1968,0,0,0
08215,1969,0,0,0
08215,1970,0,0,0
08215,1971,0,0,0
08215,1972,0,0,0
08215,1973,0,0,0
08215,1974,0,0,0
08215,1975,0,0,0
08215,1976,0,0,0
08215,1977,0,0,0
08215,1978,0,0,0
08215,1979,0,0,0
08215,1980,0,0,0
08215,1981,0,0,0
08215,1982,0,0,0
08215,1983,0,0,0
08215,1984,0,0,0
08215,1985,0,0,0
08215,1986,0,0,0
08215,1987,0,0,0
08215,1988,0,0,0
08215,1989,0,0,0
08215,1990,0,0,0
08215,1991,0,0,0
08215,1992,0,0,0
08215,1993,0,0,0
08215,1994,0,0,0
08215,1995,0,0,0
08215,1996,0,0,0
08215,1997,0,0,0
08215,1998,0,0,0
08215,1999,0,0,0
08215,2000,0,0,0
08215,2001,0,0,0
08215,2002,0,0,0
08215,2003,0,0,0
08215,2004,0,0,0
08215,2005,0,0,0
08215,2006,0,0,0
08215,2007,0,0,0
08215,2008,0,0,0
08215,2009,0,0,0
08215,2010,0,0,0
08215,2011,0,0,0
08215,2012,0,0,0
08215,2013,0,0,0
08215,2014,0,0,0
08215,2015,0,0,0
08215,2016,0,0,0
08215,2017,1,2000,1.8433689410767118
08215,2018,1,2000,1.8433689410767118
08215,2019,1,2000,1.8433689410767118
08215,2020,1,2000,1.8433689410767118
08215,2021,2,2095,1.9309289657778557
08215,2022,2,2095,1.9309289657778557
08215,2023,2,2095,1.9309289657778557
08216,1960,0,0,0
08216,1961,0,0,0
08216,1962,0,0,0
08216,1963,0,0,0
08216,1964,0,0,0
08216,1965,0,0,0
08216,1966,0,0,0
08216,1967,0,0,0
08216,1968,0,0,0
08216,1969,0,0,0
08216,1970,0,0,0
08216,1971,0,0,0
08216,1972,0,0,0
08216,1973,0,0,0
08216,1974,0,0,0
08216,1975,0,0,0
08216,1976,0,0,0
08216,1977,0,0,0
08216,1978,0,0,0
08216,1979,0,0,0
08216,1980,0,0,0
08216,1981,0,0,0
08216,1982,0,0,0
08216,1983,0,0,0
08216,1984,0,0,0
08216,1985,0,0,0
08216,1986,0,0,0
08216,1987,0,0,0
08216,1988,0,0,0
08216,1989,0,0,0
08216,1990,0,0,0
08216,1991,0,0,0
08216,1992,0,0,0
08216,1993,0,0,0
08216,1994,0,0,0
08216,1995,0,0,0
08216,1996,0,0,0
08216,1997,0,0,0
08216,1998,0,0,0
08216,1999,0,0,0
08216,2000,0,0,0
08216,2001,0,0,0
08216,2002,0,0,0
08216,2003,0,0,0
08216,2004,0,0,0
08216,2005,0,0,0
08216,2006,0,0,0
08216,2007,0,0,0
08216,2008,0,0,0
08216,2009,0,0,0
08216,2010,0,0,0
08216,2011,0,0,0
08216,2012,0,0,0
08216,2013,0,0,0
08216,2014,0,0,0
08216,2015,0,0,0
08216,2016,0,0,0
08216,2017,0,0,0
08216,2018,0,0,0
08216,2019,0,0,0
08216,2020,0,0,0
08216,2021,1,5.5,0.00744813390390553
08216,2022,1,5.5,0.00744813390390553
08216,2023,2,6.5,0.00880234006825199
08222,1960,0,0,0
08222,1961,0,0,0
08222,1962,0,0,0
08222,1963,0,0,0
08222,1964,0,0,0
08222,1965,0,0,0
08222,1966,0,0,0
08222,1967,0,0,0
08222,1968,0,0,0
08222,1969,0,0,0
08222,1970,0,0,0
08222,1971,0,0,0
08222,1972,0,0,0
08222,1973,0,0,0
08222,1974,0,0,0
08222,1975,0,0,0
08222,1976,0,0,0
08222,1977,0,0,0
08222,1978,0,0,0
08222,1979,0,0,0
08222,1980,0,0,0
08222,1981,0,0,0
08222,1982,0,0,0
08222,1983,0,0,0
08222,1984,0,0,0
08222,1985,0,0,0
08222,1986,0,0,0
08222,1987,0,0,0
08222,1988,0,0,0
08222,1989,0,0,0
08222,1990,0,0,0
08222,1991,0,0,0
08222,1992,0,0,0
08222,1993,0,0,0
08222,1994,0,0,0
08222,1995,0,0,0
08222,1996,0,0,0
08222,1997,0,0,0
08222,1998,0,0,0
08222,1999,0,0,0
08222,2000,0,0,0
08222,2001,0,0,0
08222,2002,0,0,0
08222,2003,0,0,0
08222,2004,0,0,0
08222,2005,0,0,0
08222,2006,0,0,0
08222,2007,0,0,0
08222,2008,0,0,0
08222,2009,1,9.8,0.06760019314340898
08222,2010,1,9.8,0.06760019314340898
08222,2011,1,9.8,0.06760019314340898
08222,2012,1,9.8,0.06760019314340898
08222,2013,1,9.8,0.06760019314340898
08222,2014,1,9.8,0.06760019314340898
08222,2015,1,9.8,0.06760019314340898
08222,2016,1,9.8,0.06760019314340898
08222,2017,1,9.8,0.06760019314340898
08222,2018,1,9.8,0.06760019314340898
08222,2019,1,9.8,0.06760019314340898
08222,2020,1,9.8,0.06760019314340898
08222,2021,1,9.8,0.06760019314340898
08222,2022,1,9.8,0.06760019314340898
08222,2023,1,9.8,0.06760019314340898
08225,1960,0,0,0
08225,1961,0,0,0
08225,1962,0,0,0
08225,1963,0,0,0
08225,1964,0,0,0
08225,1965,0,0,0
08225,1966,0,0,0
08225,1967,0,0,0
08225,1968,0,0,0
08225,1969,0,0,0
08225,1970,0,0,0
08225,1971,0,0,0
08225,1972,0,0,0
08225,1973,0,0,0
08225,1974,0,0,0
08225,1975,0,0,0
08225,1976,0,0,0
08225,1977,0,0,0
08225,1978,0,0,0
08225,1979,0,0,0
08225,1980,0,0,0
08225,1981,0,0,0
08225,1982,0,0,0
08225,1983,0,0,0
08225,1984,0,0,0
08225,1985,0,0,0
08225,1986,0,0,0
08225,1987,0,0,0
08225,1988,0,0,0
08225,1989,0,0,0
08225,1990,0,0,0
08225,1991,0,0,0
08225,1992,0,0,0
08225,1993,0,0,0
08225,1994,0,0,0
08225,1995,0,0,0
08225,1996,0,0,0
08225,1997,0,0,0
08225,1998,0,0,0
08225,1999,0,0,0
08225,2000,2,2100,1.8650917003419334
08225,2001,2,2100,1.8650917003419334
08225,2002,4,5100,4.529508415116124
08225,2003,5,6100,5.417647320040854
08225,2004,9,13100,11.634619654513966
08225,2005,9,13100,11.634619654513966
08225,2006,9,13100,11.634619654513966
08225,2007,13,20750,18.42888227718815
08225,2008,13,20750,18.42888227718815
08225,2009,13,20750,18.42888227718815
08225,2010,16,26900,23.89093654247524
08225,2011,18,31000,27.532306052666637
08225,2012,20,35600,31.617745015320395
08225,2013,25,51450,45.69474665837737
08225,2014,25,51450,45.69474665837737
08225,2015,30,63970,56.81424574803499
08225,2016,32,69530,61.75229805941649
08225,2017,32,69530,61.75229805941649
08225,2018,36,86330,76.67303166215196
08225,2019,36,86330,76.67303166215196
08225,2020,36,86330,76.67303166215196
08225,2021,38,93330,82.89000399662507
08225,2022,38,93330,82.89000399662507
08225,2023,42,107130,95.14632088458634
08226,1960,0,0,0
08226,1961,0,0,0
08226,1962,0,0,0
08226,1963,0,0,0
08226,1964,0,0,0
08226,1965,0,0,0
08226,1966,0,0,0
08226,1967,0,0,0
08226,1968,0,0,0
08226,1969,0,0,0
08226,1970,0,0,0
08226,1971,0,0,0
08226,1972,0,0,0
08226,1973,0,0,0
08226,1974,0,0,0
08226,1975,0,0,0
08226,1976,0,0,0
08226,1977,0,0,0
08226,1978,0,0,0
08226,1979,0,0,0
08226,1980,0,0,0
08226,1981,0,0,0
08226,1982,0,0,0
08226,1983,0,0,0
08226,1984,0,0,0
08226,1985,0,0,0
08226,1986,0,0,0
08226,1987,0,0,0
08226,1988,0,0,0
08226,1989,0,0,0
08226,1990,0,0,0
08226,1991,0,0,0
08226,1992,0,0,0
08226,1993,0,0,0
08226,1994,0,0,0
08226,1995,0,0,0
08226,1996,0,0,0
08226,1997,0,0,0
08226,1998,0,0,0
08226,1999,0,0,0
08226,2000,0,0,0
08226,2001,0,0,0
08226,2002,0,0,0
08226,2003,0,0,0
08226,2004,0,0,0
08226,2005,0,0,0
08226,2006,0,0,0
08226,2007,0,0,0
08226,2008,0,0,0
08226,2009,0,0,0
08226,2010,0,0,0
08226,2011,0,0,0
08226,2012,0,0,0
08226,2013,1,4.5,0.004239124291124216
08226,2014,1,4.5,0.004239124291124216
08226,2015,1,4.5,0.004239124291124216
08226,2016,1,4.5,0.004239124291124216
08226,2017,1,4.5,0.004239124291124216
08226,2018,1,4.5,0.004239124291124216
08226,2019,1,4.5,0.004239124291124216
08226,2020,1,4.5,0.004239124291124216
08226,2021,2,10,0.009420276202498258
08226,2022,2,10,0.009420276202498258
08226,2023,2,10,0.009420276202498258
08231,1960,0,0,0
08231,1961,0,0,0
08231,1962,0,0,0
08231,1963,0,0,0
08231,1964,0,0,0
08231,1965,0,0,0
08231,1966,0,0,0
08231,1967,0,0,0
08231,1968,0,0,0
08231,1969,0,0,0
08231,1970,0,0,0
08231,1971,0,0,0
08231,1972,0,0,0
08231,1973,0,0,0
08231,1974,0,0,0
08231,1975,0,0,0
08231,1976,0,0,0
08231,1977,0,0,0
08231,1978,0,0,0
08231,1979,0,0,0
08231,1980,0,0,0
08231,1981,0,0,0
08231,1982,0,0,0
08231,1983,0,0,0
08231,1984,0,0,0
08231,1985,0,0,0
08231,1986,0,0,0
08231,1987,0,0,0
08231,1988,0,0,0
08231,1989,0,0,0
08231,1990,0,0,0
08231,1991,0,0,0
08231,1992,0,0,0
08231,1993,0,0,0
08231,1994,0,0,0
08231,1995,0,0,0
08231,1996,0,0,0
08231,1997,0,0,0
08231,1998,0,0,0
08231,1999,0,0,0
08231,2000,0,0,0
08231,2001,0,0,0
08231,2002,0,0,0
08231,2003,0,0,0
08231,2004,0,0,0
08231,2005,0,0,0
08231,2006,0,0,0
08231,2007,0,0,0
08231,2008,0,0,0
08231,2009,0,0,0
08231,2010,0,0,0
08231,2011,0,0,0
08231,2012,0,0,0
08231,2013,0,0,0
08231,2014,0,0,0
08231,2015,1,5,0.05102561485865905
08231,2016,1,5,0.05102561485865905
08231,2017,1,5,0.05102561485865905
08231,2018,1,5,0.05102561485865905
08231,2019,1,5,0.05102561485865905
08231,2020,1,5,0.05102561485865905
08231,2021,1,5,0.05102561485865905
08231,2022,1,5,0.05102561485865905
08231,2023,1,5,0.05102561485865905
08235,1960,0,0,0
08235,1961,0,0,0
08235,1962,0,0,0
08235,1963,0,0,0
08235,1964,0,0,0
08235,1965,0,0,0
08235,1966,0,0,0
08235,1967,0,0,0
08235,1968,0,0,0
08235,1969,0,0,0
08235,1970,0,0,0
08235,1971,0,0,0
08235,1972,0,0,0
08235,1973,0,0,0
08235,1974,0,0,0
08235,1975,0,0,0
08235,1976,0,0,0
08235,1977,0,0,0
08235,1978,0,0,0
08235,1979,0,0,0
08235,1980,0,0,0
08235,1981,0,0,0
08235,1982,0,0,0
08235,1983,0,0,0
08235,1984,0,0,0
08235,1985,0,0,0
08235,1986,0,0,0
08235,1987,0,0,0
08235,1988,0,0,0
08235,1989,0,0,0
08235,1990,0,0,0
08235,1991,0,0,0
08235,1992,0,0,0
08235,1993,1,110,0.13796217328048963
08235,1994,1,110,0.13796217328048963
08235,1995,1,110,0.13796217328048963
08235,1996,1,110,0.13796217328048963
08235,1997,1,110,0.13796217328048963
08235,1998,1,110,0.13796217328048963
08235,1999,1,110,0.13796217328048963
08235,2000,1,110,0.13796217328048963
08235,2001,1,110,0.13796217328048963
08235,2002,1,110,0.13796217328048963
08235,2003,1,110,0.13796217328048963
08235,2004,1,110,0.13796217328048963
08235,2005,1,110,0.13796217328048963
08235,2006,5,8110,10.171574775497918
08235,2007,15,28110,35.25560628104149
08235,2008,15,28110,35.25560628104149
08235,2009,15,28110,35.25560628104149
08235,2010,15,28110,35.25560628104149
08235,2011,15,28110,35.25560628104149
08235,2012,15,28110,35.25560628104149
08235,2013,15,28110,35.25560628104149
08235,2014,15,28110,35.25560628104149
08235,2015,15,28110,35.25560628104149
08235,2016,15,28110,35.25560628104149
08235,2017,18,37110,46.54342045853609
08235,2018,26,61110,76.64425826518837
08235,2019,26,61110,76.64425826518837
08235,2020,26,61110,76.64425826518837
08235,2021,26,61110,76.64425826518837
08235,2022,26,61110,76.64425826518837
08235,2023,26,61110,76.64425826518837
08237,1960,0,0,0
08237,1961,0,0,0
08237,1962,0,0,0
08237,1963,0,0,0
08237,1964,0,0,0
08237,1965,0,0,0
08237,1966,0,0,0
08237,1967,0,0,0
08237,1968,0,0,0
08237,1969,0,0,0
08237,1970,0,0,0
08237,1971,0,0,0
08237,1972,0,0,0
08237,1973,0,0,0
08237,1974,0,0,0
08237,1975,0,0,0
08237,1976,0,0,0
08237,1977,0,0,0
08237,1978,0,0,0
08237,1979,0,0,0
08237,1980,0,0,0
08237,1981,0,0,0
08237,1982,0,0,0
08237,1983,0,0,0
08237,1984,0,0,0
08237,1985,0,0,0
08237,1986,0,0,0
08237,1987,0,0,0
08237,1988,0,0,0
08237,1989,0,0,0
08237,1990,0,0,0
08237,1991,0,0,0
08237,1992,0,0,0
08237,1993,0,0,0
08237,1994,0,0,0
08237,1995,0,0,0
08237,1996,0,0,0
08237,1997,0,0,0
08237,1998,1,600,0.6893303155983962
08237,1999,1,600,0.6893303155983962
08237,2000,2,1200,1.3786606311967924
08237,2001,5,3750,4.308314472489976
08237,2002,6,5250,6.0316402614859665
08237,2003,8,8250,9.478291839477947
08237,2004,8,8250,9.478291839477947
08237,2005,8,8250,9.478291839477947
08237,2006,11,14250,16.37159499546191
08237,2007,11,14250,16.37159499546191
08237,2008,11,14250,16.37159499546191
08237,2009,11,14250,16.37159499546191
08237,2010,11,14250,16.37159499546191
08237,2011,11,14250,16.37159499546191
08237,2012,12,16250,18.66936271412323
08237,2013,13,18550,21.31179559058375
08237,2014,13,18550,21.31179559058375
08237,2015,14,20900,24.0116726600108
08237,2016,14,20900,24.0116726600108
08237,2017,14,20900,24.0116726600108
08237,2018,14,20900,24.0116726600108
08237,2019,14,20900,24.0116726600108
08237,2020,14,20900,24.0116726600108
08237,2021,14,20900,24.0116726600108
08237,2022,14,20900,24.0116726600108
08237,2023,14,20900,24.0116726600108
08311,1960,0,0,0
08311,1961,0,0,0
08311,1962,0,0,0
08311,1963,0,0,0
08311,1964,0,0,0
08311,1965,0,0,0
08311,1966,0,0,0
08311,1967,0,0,0
08311,1968,0,0,0
08311,1969,0,0,0
08311,1970,0,0,0
08311,1971,0,0,0
08311,1972,0,0,0
08311,1973,0,0,0
08311,1974,0,0,0
08311,1975,0,0,0
08311,1976,0,0,0
08311,1977,0,0,0
08311,1978,0,0,0
08311,1979,0,0,0
08311,1980,0,0,0
08311,1981,0,0,0
08311,1982,0,0,0
08311,1983,0,0,0
08311,1984,0,0,0
08311,1985,0,0,0
08311,1986,0,0,0
08311,1987,0,0,0
08311,1988,0,0,0
08311,1989,0,0,0
08311,1990,0,0,0
08311,1991,0,0,0
08311,1992,0,0,0
08311,1993,0,0,0
08311,1994,0,0,0
08311,1995,0,0,0
08311,1996,0,0,0
08311,1997,0,0,0
08311,1998,0,0,0
08311,1999,0,0,0
08311,2000,0,0,0
08311,2001,0,0,0
08311,2002,0,0,0
08311,2003,4,7200,47.04652378463147
08311,2004,4,7200,47.04652378463147
08311,2005,4,7200,47.04652378463147
08311,2006,4,7200,47.04652378463147
08311,2007,4,7200,47.04652378463147
08311,2008,4,7200,47.04652378463147
08311,2009,4,7200,47.04652378463147
08311,2010,4,7200,47.04652378463147
08311,2011,4,7200,47.04652378463147
08311,2012,4,7200,47.04652378463147
08311,2013,4,7200,47.04652378463147
08311,2014,4,7200,47.04652378463147
08311,2015,4,7200,47.04652378463147
08311,2016,4,7200,47.04652378463147
08311,2017,4,7200,47.04652378463147
08311,2018,4,7200,47.04652378463147
08311,2019,4,7200,47.04652378463147
08311,2020,4,7200,47.04652378463147
08311,2021,4,7200,47.04652378463147
08311,2022,4,7200,47.04652378463147
08311,2023,4,7200,47.04652378463147
08315,1960,0,0,0
08315,1961,0,0,0
08315,1962,0,0,0
08315,1963,0,0,0
08315,1964,0,0,0
08315,1965,0,0,0
08315,1966,0,0,0
08315,1967,0,0,0
08315,1968,0,0,0
08315,1969,0,0,0
08315,1970,0,0,0
08315,1971,0,0,0
08315,1972,0,0,0
08315,1973,0,0,0
08315,1974,0,0,0
08315,1975,0,0,0
08315,1976,0,0,0
08315,1977,0,0,0
08315,1978,0,0,0
08315,1979,0,0,0
08315,1980,0,0,0
08315,1981,0,0,0
08315,1982,0,0,0
08315,1983,0,0,0
08315,1984,0,0,0
08315,1985,0,0,0
08315,1986,0,0,0
08315,1987,0,0,0
08315,1988,0,0,0
08315,1989,0,0,0
08315,1990,0,0,0
08315,1991,0,0,0
08315,1992,1,280,0.20314438487154746
08315,1993,1,280,0.20314438487154746
08315,1994,1,280,0.20314438487154746
08315,1995,1,280,0.20314438487154746
08315,1996,1,280,0.20314438487154746
08315,1997,1,280,0.20314438487154746
08315,1998,2,780,0.5659022149993108
08315,1999,2,780,0.5659022149993108
08315,2000,2,780,0.5659022149993108
08315,2001,3,1380,1.0012116111526268
08315,2002,3,1380,1.0012116111526268
08315,2003,5,4680,3.3954132899958647
08315,2004,5,4680,3.3954132899958647
08315,2005,6,5480,3.975825818200286
08315,2006,8,9480,6.877888459222393
08315,2007,8,9480,6.877888459222393
08315,2008,8,9480,6.877888459222393
08315,2009,8,9480,6.877888459222393
08315,2010,9,11780,8.546574477810104
08315,2011,9,11780,8.546574477810104
08315,2012,9,11780,8.546574477810104
08315,2013,11,17880,12.972220005368817
08315,2014,12,17880.8,12.972800417897021
08315,2015,12,17880.8,12.972800417897021
08315,2016,13,17885.8,12.976427996198298
08315,2017,14,17891.8,12.980781090159832
08315,2018,14,17891.8,12.980781090159832
08315,2019,14,17891.8,12.980781090159832
08315,2020,14,17891.8,12.980781090159832
08315,2021,14,17891.8,12.980781090159832
08315,2022,15,17892.8,12.981506605820087
08315,2023,17,24792.8,17.98756466158322
08316,1960,0,0,0
08316,1961,0,0,0
08316,1962,0,0,0
08316,1963,0,0,0
08316,1964,0,0,0
08316,1965,0,0,0
08316,1966,0,0,0
08316,1967,0,0,0
08316,1968,0,0,0
08316,1969,0,0,0
08316,1970,0,0,0
08316,1971,0,0,0
08316,1972,0,0,0
08316,1973,0,0,0
08316,1974,0,0,0
08316,1975,0,0,0
08316,1976,0,0,0
08316,1977,0,0,0
08316,1978,0,0,0
08316,1979,0,0,0
08316,1980,0,0,0
08316,1981,0,0,0
08316,1982,0,0,0
08316,1983,0,0,0
08316,1984,0,0,0
08316,1985,0,0,0
08316,1986,0,0,0
08316,1987,0,0,0
08316,1988,0,0,0
08316,1989,0,0,0
08316,1990,0,0,0
08316,1991,0,0,0
08316,1992,0,0,0
08316,1993,0,0,0
08316,1994,0,0,0
08316,1995,0,0,0
08316,1996,0,0,0
08316,1997,0,0,0
08316,1998,0,0,0
08316,1999,1,500,0.7354996248951914
08316,2000,5,4100,6.031096924140569
08316,2001,8,9200,13.533193098071521
08316,2002,11,13400,19.71138994719113
08316,2003,14,16400,24.124387696562277
08316,2004,15,18400,27.066386196143043
08316,2005,15,18400,27.066386196143043
08316,2006,15,18400,27.066386196143043
08316,2007,15,18400,27.066386196143043
08316,2008,15,18400,27.066386196143043
08316,2009,15,18400,27.066386196143043
08316,2010,15,18400,27.066386196143043
08316,2011,16,20700,30.449684470660923
08316,2012,16,20700,30.449684470660923
08316,2013,17,20703.5,30.454832968035188
08316,2014,18,23753.5,34.94138067989586
08316,2015,19,23768.5,34.96344566864271
08316,2016,19,23768.5,34.96344566864271
08316,2017,19,23768.5,34.96344566864271
08316,2018,19,23768.5,34.96344566864271
08316,2019,19,23768.5,34.96344566864271
08316,2020,21,28468.5,41.87714214265751
08316,2021,22,32668.5,48.05533899177712
08316,2022,22,32668.5,48.05533899177712
08316,2023,22,32668.5,48.05533899177712
08317,1960,0,0,0
08317,1961,0,0,0
08317,1962,0,0,0
08317,1963,0,0,0
08317,1964,0,0,0
08317,1965,0,0,0
08317,1966,0,0,0
08317,1967,0,0,0
08317,1968,0,0,0
08317,1969,0,0,0
08317,1970,0,0,0
08317,1971,0,0,0
08317,1972,0,0,0
08317,1973,0,0,0
08317,1974,0,0,0
08317,1975,0,0,0
08317,1976,0,0,0
08317,1977,0,0,0
08317,1978,0,0,0
08317,1979,0,0,0
08317,1980,0,0,0
08317,1981,0,0,0
08317,1982,0,0,0
08317,1983,0,0,0
08317,1984,0,0,0
08317,1985,0,0,0
08317,1986,0,0,0
08317,1987,0,0,0
08317,1988,0,0,0
08317,1989,0,0,0
08317,1990,0,0,0
08317,1991,0,0,0
08317,1992,0,0,0
08317,1993,0,0,0
08317,1994,0,0,0
08317,1995,0,0,0
08317,1996,0,0,0
08317,1997,1,600,0.32252862441541685
08317,1998,1,600,0.32252862441541685
08317,1999,1,600,0.32252862441541685
08317,2000,1,600,0.32252862441541685
08317,2001,1,600,0.32252862441541685
08317,2002,4,3600,1.9351717464925013
08317,2003,4,3600,1.9351717464925013
08317,2004,4,3600,1.9351717464925013
08317,2005,5,5100,2.7414933075310435
08317,2006,5,5100,2.7414933075310435
08317,2007,5,5100,2.7414933075310435
08317,2008,5,5100,2.7414933075310435
08317,2009,7,9100,4.8916841369671555
08317,2010,7,9100,4.8916841369671555
08317,2011,9,11102.4,5.968069666182874
08317,2012,9,11102.4,5.968069666182874
08317,2013,10,14102.4,7.580712788259958
08317,2014,11,14108.9,7.584206848357792
08317,2015,15,25558.9,13.739128097618664
08317,2016,31,69028.7,37.10621942697414
08317,2017,35,81028.7,43.55679191528248
08317,2018,37,87028.7,46.78207815943665
08317,2019,37,87028.7,46.78207815943665
08317,2020,39,90081.7,48.423211310003765
08317,2021,45,115281.7,61.969413535451274
08317,2022,46,115283.7,61.97048863086599
08317,2023,46,115283.7,61.97048863086599
08325,1960,0,0,0
08325,1961,0,0,0
08325,1962,0,0,0
08325,1963,0,0,0
08325,1964,0,0,0
08325,1965,0,0,0
08325,1966,0,0,0
08325,1967,0,0,0
08325,1968,0,0,0
08325,1969,0,0,0
08325,1970,0,0,0
08325,1971,0,0,0
08325,1972,0,0,0
08325,1973,0,0,0
08325,1974,0,0,0
08325,1975,0,0,0
08325,1976,0,0,0
08325,1977,0,0,0
08325,1978,0,0,0
08325,1979,0,0,0
08325,1980,0,0,0
08325,1981,0,0,0
08325,1982,0,0,0
08325,1983,0,0,0
08325,1984,0,0,0
08325,1985,0,0,0
08325,1986,0,0,0
08325,1987,0,0,0
08325,1988,0,0,0
08325,1989,1,30,0.03898990161548159
08325,1990,1,30,0.03898990161548159
08325,1991,1,30,0.03898990161548159
08325,1992,1,30,0.03898990161548159
08325,1993,1,30,0.03898990161548159
08325,1994,1,30,0.03898990161548159
08325,1995,1,30,0.03898990161548159
08325,1996,1,30,0.03898990161548159
08325,1997,1,30,0.03898990161548159
08325,1998,1,30,0.03898990161548159
08325,1999,2,630,0.8187879339251134
08325,2000,6,5030,6.537306837529081
08325,2001,10,8630,11.216095031386871
08325,2002,12,11280,14.660203007421078
08325,2003,15,14880,19.33899120127887
08325,2004,17,17880,23.23798136282703
08325,2005,18,19880,25.83730813719247
08325,2006,18,19880,25.83730813719247
08325,2007,18,19880,25.83730813719247
08325,2008,18,19880,25.83730813719247
08325,2009,18,19880,25.83730813719247
08325,2010,18,19880,25.83730813719247
08325,2011,19,22180,28.826533927712724
08325,2012,19,22180,28.826533927712724
08325,2013,19,22180,28.826533927712724
08325,2014,19,22180,28.826533927712724
08325,2015,19,22180,28.826533927712724
08325,2016,21,28180,36.62451425080904
08325,2017,23,30581.5,39.74565587512834
08325,2018,23,30581.5,39.74565587512834
08325,2019,23,30581.5,39.74565587512834
08325,2020,23,30581.5,39.74565587512834
08325,2021,25,38981.5,50.66282832746319
08325,2022,25,38981.5,50.66282832746319
08325,2023,26,39581.5,51.442626359772824
08326,1960,0,0,0
08326,1961,0,0,0
08326,1962,0,0,0
08326,1963,0,0,0
08326,1964,0,0,0
08326,1965,0,0,0
08326,1966,0,0,0
08326,1967,0,0,0
08326,1968,0,0,0
08326,1969,0,0,0
08326,1970,0,0,0
08326,1971,0,0,0
08326,1972,0,0,0
08326,1973,0,0,0
08326,1974,0,0,0
08326,1975,0,0,0
08326,1976,0,0,0
08326,1977,0,0,0
08326,1978,0,0,0
08326,1979,0,0,0
08326,1980,0,0,0
08326,1981,0,0,0
08326,1982,0,0,0
08326,1983,0,0,0
08326,1984,0,0,0
08326,1985,0,0,0
08326,1986,0,0,0
08326,1987,0,0,0
08326,1988,0,0,0
08326,1989,0,0,0
08326,1990,0,0,0
08326,1991,1,95,0.09265219341876842
08326,1992,1,95,0.09265219341876842
08326,1993,1,95,0.09265219341876842
08326,1994,1,95,0.09265219341876842
08326,1995,1,95,0.09265219341876842
08326,1996,2,345,0.33647375504710636
08326,1997,2,345,0.33647375504710636
08326,1998,2,345,0.33647375504710636
08326,1999,2,345,0.33647375504710636
08326,2000,4,2245,2.1895176234224745
08326,2001,5,3745,3.6524469931925023
08326,2002,7,5845,5.700548110870541
08326,2003,7,5845,5.700548110870541
08326,2004,7,5845,5.700548110870541
08326,2005,7,5845,5.700548110870541
08326,2006,9,9845,9.601693096923947
08326,2007,9,9845,9.601693096923947
08326,2008,9,9845,9.601693096923947
08326,2009,9,9845,9.601693096923947
08326,2010,9,9845,9.601693096923947
08326,2011,9,9845,9.601693096923947
08326,2012,9,9845,9.601693096923947
08326,2013,9,9845,9.601693096923947
08326,2014,9,9845,9.601693096923947
08326,2015,9,9845,9.601693096923947
08326,2016,9,9845,9.601693096923947
08326,2017,10,12245,11.942380088555993
08326,2018,10,12245,11.942380088555993
08326,2019,10,12245,11.942380088555993
08326,2020,10,12245,11.942380088555993
08326,2021,10,12245,11.942380088555993
08326,2022,10,12245,11.942380088555993
08326,2023,10,12245,11.942380088555993
08327,1960,0,0,0
08327,1961,0,0,0
08327,1962,0,0,0
08327,1963,0,0,0
08327,1964,0,0,0
08327,1965,0,0,0
08327,1966,0,0,0
08327,1967,0,0,0
08327,1968,0,0,0
08327,1969,0,0,0
08327,1970,0,0,0
08327,1971,0,0,0
08327,1972,0,0,0
08327,1973,0,0,0
08327,1974,0,0,0
08327,1975,0,0,0
08327,1976,0,0,0
08327,1977,0,0,0
08327,1978,0,0,0
08327,1979,0,0,0
08327,1980,0,0,0
08327,1981,0,0,0
08327,1982,0,0,0
08327,1983,0,0,0
08327,1984,0,0,0
08327,1985,0,0,0
08327,1986,0,0,0
08327,1987,0,0,0
08327,1988,0,0,0
08327,1989,0,0,0
08327,1990,0,0,0
08327,1991,0,0,0
08327,1992,0,0,0
08327,1993,0,0,0
08327,1994,0,0,0
08327,1995,0,0,0
08327,1996,2,1000,1.36171139888612
08327,1997,4,2200,2.995765077549464
08327,1998,5,2800,3.812791916881136
08327,1999,5,2800,3.812791916881136
08327,2000,6,3300,4.493647616324196
08327,2001,6,3300,4.493647616324196
08327,2002,6,3300,4.493647616324196
08327,2003,6,3300,4.493647616324196
08327,2004,6,3300,4.493647616324196
08327,2005,6,3300,4.493647616324196
08327,2006,6,3300,4.493647616324196
08327,2007,6,3300,4.493647616324196
08327,2008,6,3300,4.493647616324196
08327,2009,6,3300,4.493647616324196
08327,2010,6,3300,4.493647616324196
08327,2011,6,3300,4.493647616324196
08327,2012,6,3300,4.493647616324196
08327,2013,6,3300,4.493647616324196
08327,2014,6,3300,4.493647616324196
08327,2015,6,3300,4.493647616324196
08327,2016,6,3300,4.493647616324196
08327,2017,11,19800,26.961885697945178
08327,2018,11,19800,26.961885697945178
08327,2019,11,19800,26.961885697945178
08327,2020,11,19800,26.961885697945178
08327,2021,11,19800,26.961885697945178
08327,2022,11,19800,26.961885697945178
08327,2023,16,40800,55.5578250745537
08335,1960,0,0,0
08335,1961,0,0,0
08335,1962,0,0,0
08335,1963,0,0,0
08335,1964,0,0,0
08335,1965,0,0,0
08335,1966,0,0,0
08335,1967,0,0,0
08335,1968,0,0,0
08335,1969,0,0,0
08335,1970,0,0,0
08335,1971,0,0,0
08335,1972,0,0,0
08335,1973,0,0,0
08335,1974,0,0,0
08335,1975,0,0,0
08335,1976,0,0,0
08335,1977,0,0,0
08335,1978,0,0,0
08335,1979,0,0,0
08335,1980,0,0,0
08335,1981,0,0,0
08335,1982,0,0,0
08335,1983,0,0,0
08335,1984,0,0,0
08335,1985,0,0,0
08335,1986,0,0,0
08335,1987,0,0,0
08335,1988,0,0,0
08335,1989,0,0,0
08335,1990,0,0,0
08335,1991,0,0,0
08335,1992,0,0,0
08335,1993,0,0,0
08335,1994,0,0,0
08335,1995,0,0,0
08335,1996,0,0,0
08335,1997,0,0,0
08335,1998,0,0,0
08335,1999,0,0,0
08335,2000,0,0,0
08335,2001,0,0,0
08335,2002,0,0,0
08335,2003,0,0,0
08335,2004,0,0,0
08335,2005,0,0,0
08335,2006,0,0,0
08335,2007,0,0,0
08335,2008,0,0,0
08335,2009,0,0,0
08335,2010,0,0,0
08335,2011,0,0,0
08335,2012,0,0,0
08335,2013,0,0,0
08335,2014,0,0,0
08335,2015,0,0,0
08335,2016,0,0,0
08335,2017,3,9900,12.103133366749391
08335,2018,3,9900,12.103133366749391
08335,2019,4,9902.8,12.10655647517635
08335,2020,4,9902.8,12.10655647517635
08335,2021,4,9902.8,12.10655647517635
08335,2022,4,9902.8,12.10655647517635
08335,2023,4,9902.8,12.10655647517635
08336,1960,0,0,0
08336,1961,0,0,0
08336,1962,0,0,0
08336,1963,0,0,0
08336,1964,0,0,0
08336,1965,0,0,0
08336,1966,0,0,0
08336,1967,0,0,0
08336,1968,0,0,0
08336,1969,0,0,0
08336,1970,0,0,0
08336,1971,0,0,0
08336,1972,0,0,0
08336,1973,0,0,0
08336,1974,0,0,0
08336,1975,0,0,0
08336,1976,0,0,0
08336,1977,0,0,0
08336,1978,0,0,0
08336,1979,0,0,0
08336,1980,0,0,0
08336,1981,0,0,0
08336,1982,0,0,0
08336,1983,0,0,0
08336,1984,0,0,0
08336,1985,0,0,0
08336,1986,0,0,0
08336,1987,0,0,0
08336,1988,0,0,0
08336,1989,0,0,0
08336,1990,0,0,0
08336,1991,0,0,0
08336,1992,0,0,0
08336,1993,0,0,0
08336,1994,0,0,0
08336,1995,0,0,0
08336,1996,0,0,0
08336,1997,0,0,0
08336,1998,0,0,0
08336,1999,0,0,0
08336,2000,0,0,0
08336,2001,0,0,0
08336,2002,0,0,0
08336,2003,0,0,0
08336,2004,0,0,0
08336,2005,1,2000,2.479328597815712
08336,2006,1,2000,2.479328597815712
08336,2007,1,2000,2.479328597815712
08336,2008,1,2000,2.479328597815712
08336,2009,1,2000,2.479328597815712
08336,2010,1,2000,2.479328597815712
08336,2011,1,2000,2.479328597815712
08336,2012,1,2000,2.479328597815712
08336,2013,1,2000,2.479328597815712
08336,2014,1,2000,2.479328597815712
08336,2015,1,2000,2.479328597815712
08336,2016,5,14000,17.355300184709982
08336,2017,9,26900,33.346969640621325
08336,2018,9,26900,33.346969640621325
08336,2019,10,26900.8,33.347961372060446
08336,2020,11,26901.8,33.349201036359354
08336,2021,11,26901.8,33.349201036359354
08336,2022,11,26901.8,33.349201036359354
08336,2023,11,26901.8,33.349201036359354
08337,1960,0,0,0
08337,1961,0,0,0
08337,1962,0,0,0
08337,1963,0,0,0
08337,1964,0,0,0
08337,1965,0,0,0
08337,1966,0,0,0
08337,1967,0,0,0
08337,1968,0,0,0
08337,1969,0,0,0
08337,1970,0,0,0
08337,1971,0,0,0
08337,1972,0,0,0
08337,1973,0,0,0
08337,1974,0,0,0
08337,1975,0,0,0
08337,1976,0,0,0
08337,1977,0,0,0
08337,1978,0,0,0
08337,1979,0,0,0
08337,1980,0,0,0
08337,1981,0,0,0
08337,1982,0,0,0
08337,1983,0,0,0
08337,1984,0,0,0
08337,1985,0,0,0
08337,1986,0,0,0
08337,1987,0,0,0
08337,1988,0,0,0
08337,1989,0,0,0
08337,1990,0,0,0
08337,1991,0,0,0
08337,1992,0,0,0
08337,1993,0,0,0
08337,1994,0,0,0
08337,1995,0,0,0
08337,1996,1,5,0.00442020209163963
08337,1997,1,5,0.00442020209163963
08337,1998,1,5,0.00442020209163963
08337,1999,1,5,0.00442020209163963
08337,2000,1,5,0.00442020209163963
08337,2001,1,5,0.00442020209163963
08337,2002,1,5,0.00442020209163963
08337,2003,1,5,0.00442020209163963
08337,2004,1,5,0.00442020209163963
08337,2005,1,5,0.00442020209163963
08337,2006,1,5,0.00442020209163963
08337,2007,1,5,0.00442020209163963
08337,2008,1,5,0.00442020209163963
08337,2009,2,8,0.007072323346623407
08337,2010,2,8,0.007072323346623407
08337,2011,2,8,0.007072323346623407
08337,2012,2,8,0.007072323346623407
08337,2013,3,18,0.015912727529902665
08337,2014,4,19.2,0.016973576031896177
08337,2015,4,19.2,0.016973576031896177
08337,2016,4,19.2,0.016973576031896177
08337,2017,4,19.2,0.016973576031896177
08337,2018,4,19.2,0.016973576031896177
08337,2019,4,19.2,0.016973576031896177
08337,2020,5,20.3,0.017946020492056895
08337,2021,5,20.3,0.017946020492056895
08337,2022,5,20.3,0.017946020492056895
08337,2023,5,20.3,0.017946020492056895
08415,1960,0,0,0
08415,1961,0,0,0
08415,1962,0,0,0
08415,1963,0,0,0
08415,1964,0,0,0
08415,1965,0,0,0
08415,1966,0,0,0
08415,1967,0,0,0
08415,1968,0,0,0
08415,1969,0,0,0
08415,1970,0,0,0
08415,1971,0,0,0
08415,1972,0,0,0
08415,1973,0,0,0
08415,1974,0,0,0
08415,1975,0,0,0
08415,1976,0,0,0
08415,1977,0,0,0
08415,1978,0,0,0
08415,1979,0,0,0
08415,1980,0,0,0
08415,1981,0,0,0
08415,1982,0,0,0
08415,1983,0,0,0
08415,1984,0,0,0
08415,1985,0,0,0
08415,1986,0,0,0
08415,1987,0,0,0
08415,1988,0,0,0
08415,1989,0,0,0
08415,1990,0,0,0
08415,1991,0,0,0
08415,1992,0,0,0
08415,1993,0,0,0
08415,1994,0,0,0
08415,1995,0,0,0
08415,1996,0,0,0
08415,1997,0,0,0
08415,1998,0,0,0
08415,1999,0,0,0
08415,2000,5,3750,3.432588537900354
08415,2001,6,5250,4.805623953060496
08415,2002,7,6750,6.178659368220638
08415,2003,7,6750,6.178659368220638
08415,2004,7,6750,6.178659368220638
08415,2005,7,6750,6.178659368220638
08415,2006,8,7550,6.910944922972713
08415,2007,8,7550,6.910944922972713
08415,2008,8,7550,6.910944922972713
08415,2009,8,7550,6.910944922972713
08415,2010,8,7550,6.910944922972713
08415,2011,8,7550,6.910944922972713
08415,2012,8,7550,6.910944922972713
08415,2013,8,7550,6.910944922972713
08415,2014,8,7550,6.910944922972713
08415,2015,8,7550,6.910944922972713
08415,2016,8,7550,6.910944922972713
08415,2017,8,7550,6.910944922972713
08415,2018,8,7550,6.910944922972713
08415,2019,8,7550,6.910944922972713
08415,2020,8,7550,6.910944922972713
08415,2021,8,7550,6.910944922972713
08415,2022,9,7550.6,6.911494137138777
08415,2023,9,7550.6,6.911494137138777
08416,1960,0,0,0
08416,1961,0,0,0
08416,1962,0,0,0
08416,1963,0,0,0
08416,1964,0,0,0
08416,1965,0,0,0
08416,1966,0,0,0
08416,1967,0,0,0
08416,1968,0,0,0
08416,1969,0,0,0
08416,1970,0,0,0
08416,1971,0,0,0
08416,1972,0,0,0
08416,1973,0,0,0
08416,1974,0,0,0
08416,1975,0,0,0
08416,1976,0,0,0
08416,1977,0,0,0
08416,1978,0,0,0
08416,1979,0,0,0
08416,1980,0,0,0
08416,1981,0,0,0
08416,1982,0,0,0
08416,1983,0,0,0
08416,1984,0,0,0
08416,1985,0,0,0
08416,1986,0,0,0
08416,1987,0,0,0
08416,1988,0,0,0
08416,1989,0,0,0
08416,1990,0,0,0
08416,1991,0,0,0
08416,1992,0,0,0
08416,1993,0,0,0
08416,1994,0,0,0
08416,1995,0,0,0
08416,1996,0,0,0
08416,1997,0,0,0
08416,1998,0,0,0
08416,1999,0,0,0
08416,2000,0,0,0
08416,2001,0,0,0
08416,2002,0,0,0
08416,2003,0,0,0
08416,2004,0,0,0
08416,2005,0,0,0
08416,2006,0,0,0
08416,2007,0,0,0
08416,2008,0,0,0
08416,2009,0,0,0
08416,2010,0,0,0
08416,2011,0,0,0
08416,2012,0,0,0
08416,2013,0,0,0
08416,2014,0,0,0
08416,2015,0,0,0
08416,2016,0,0,0
08416,2017,0,0,0
08416,2018,0,0,0
08416,2019,0,0,0
08416,2020,0,0,0
08416,2021,0,0,0
08416,2022,0,0,0
08416,2023,1,0.6,0.0011557798624621963
08417,1960,0,0,0
08417,1961,0,0,0
08417,1962,0,0,0
08417,1963,0,0,0
08417,1964,0,0,0
08417,1965,0,0,0
08417,1966,0,0,0
08417,1967,0,0,0
08417,1968,0,0,0
08417,1969,0,0,0
08417,1970,0,0,0
08417,1971,0,0,0
08417,1972,0,0,0
08417,1973,0,0,0
08417,1974,0,0,0
08417,1975,0,0,0
08417,1976,0,0,0
08417,1977,0,0,0
08417,1978,0,0,0
08417,1979,0,0,0
08417,1980,0,0,0
08417,1981,0,0,0
08417,1982,0,0,0
08417,1983,0,0,0
08417,1984,0,0,0
08417,1985,0,0,0
08417,1986,0,0,0
08417,1987,0,0,0
08417,1988,0,0,0
08417,1989,0,0,0
08417,1990,0,0,0
08417,1991,0,0,0
08417,1992,0,0,0
08417,1993,0,0,0
08417,1994,0,0,0
08417,1995,0,0,0
08417,1996,3,1800,1.9617245738698288
08417,1997,3,1800,1.9617245738698288
08417,1998,3,1800,1.9617245738698288
08417,1999,3,1800,1.9617245738698288
08417,2000,3,1800,1.9617245738698288
08417,2001,3,1800,1.9617245738698288
08417,2002,3,1800,1.9617245738698288
08417,2003,3,1800,1.9617245738698288
08417,2004,3,1800,1.9617245738698288
08417,2005,3,1800,1.9617245738698288
08417,2006,3,1800,1.9617245738698288
08417,2007,3,1800,1.9617245738698288
08417,2008,3,1800,1.9617245738698288
08417,2009,3,1800,1.9617245738698288
08417,2010,3,1800,1.9617245738698288
08417,2011,3,1800,1.9617245738698288
08417,2012,3,1800,1.9617245738698288
08417,2013,3,1800,1.9617245738698288
08417,2014,4,1809.9,1.972514059026113
08417,2015,4,1809.9,1.972514059026113
08417,2016,5,1815.4,1.9785082174462707
08417,2017,5,1815.4,1.9785082174462707
08417,2018,5,1815.4,1.9785082174462707
08417,2019,5,1815.4,1.9785082174462707
08417,2020,5,1815.4,1.9785082174462707
08417,2021,5,1815.4,1.9785082174462707
08417,2022,5,1815.4,1.9785082174462707
08417,2023,6,6015.4,6.5558655564758705
08421,1960,0,0,0
08421,1961,0,0,0
08421,1962,0,0,0
08421,1963,0,0,0
08421,1964,0,0,0
08421,1965,0,0,0
08421,1966,0,0,0
08421,1967,0,0,0
08421,1968,0,0,0
08421,1969,0,0,0
08421,1970,0,0,0
08421,1971,0,0,0
08421,1972,0,0,0
08421,1973,0,0,0
08421,1974,0,0,0
08421,1975,0,0,0
08421,1976,0,0,0
08421,1977,0,0,0
08421,1978,0,0,0
08421,1979,0,0,0
08421,1980,0,0,0
08421,1981,0,0,0
08421,1982,0,0,0
08421,1983,0,0,0
08421,1984,0,0,0
08421,1985,0,0,0
08421,1986,0,0,0
08421,1987,0,0,0
08421,1988,0,0,0
08421,1989,0,0,0
08421,1990,0,0,0
08421,1991,0,0,0
08421,1992,0,0,0
08421,1993,0,0,0
08421,1994,0,0,0
08421,1995,0,0,0
08421,1996,0,0,0
08421,1997,0,0,0
08421,1998,0,0,0
08421,1999,0,0,0
08421,2000,0,0,0
08421,2001,0,0,0
08421,2002,0,0,0
08421,2003,0,0,0
08421,2004,0,0,0
08421,2005,0,0,0
08421,2006,8,12000,101.11223458038423
08421,2007,8,12000,101.11223458038423
08421,2008,8,12000,101.11223458038423
08421,2009,8,12000,101.11223458038423
08421,2010,8,12000,101.11223458038423
08421,2011,8,12000,101.11223458038423
08421,2012,8,12000,101.11223458038423
08421,2013,10,16800,141.5571284125379
08421,2014,10,16800,141.5571284125379
08421,2015,10,16800,141.5571284125379
08421,2016,10,16800,141.5571284125379
08421,2017,13,24000,202.22446916076845
08421,2018,13,24000,202.22446916076845
08421,2019,13,24000,202.22446916076845
08421,2020,13,24000,202.22446916076845
08421,2021,13,24000,202.22446916076845
08421,2022,13,24000,202.22446916076845
08421,2023,13,24000,202.22446916076845
08425,1960,0,0,0
08425,1961,0,0,0
08425,1962,0,0,0
08425,1963,0,0,0
08425,1964,0,0,0
08425,1965,0,0,0
08425,1966,0,0,0
08425,1967,0,0,0
08425,1968,0,0,0
08425,1969,0,0,0
08425,1970,0,0,0
08425,1971,0,0,0
08425,1972,0,0,0
08425,1973,0,0,0
08425,1974,0,0,0
08425,1975,0,0,0
08425,1976,0,0,0
08425,1977,0,0,0
08425,1978,0,0,0
08425,1979,0,0,0
08425,1980,0,0,0
08425,1981,0,0,0
08425,1982,0,0,0
08425,1983,0,0,0
08425,1984,0,0,0
08425,1985,0,0,0
08425,1986,0,0,0
08425,1987,0,0,0
08425,1988,0,0,0
08425,1989,0,0,0
08425,1990,0,0,0
08425,1991,0,0,0
08425,1992,0,0,0
08425,1993,0,0,0
08425,1994,0,0,0
08425,1995,0,0,0
08425,1996,0,0,0
08425,1997,0,0,0
08425,1998,4,2400,1.7666153857478304
08425,1999,6,3900,2.8707500018402246
08425,2000,11,7650,5.631086542071209
08425,2001,12,8950,6.588003209351284
08425,2002,20,16290,11.9909019307634
08425,2003,20,16290,11.9909019307634
08425,2004,20,16290,11.9909019307634
08425,2005,20,16290,11.9909019307634
08425,2006,20,16290,11.9909019307634
08425,2007,20,16290,11.9909019307634
08425,2008,23,22440,16.517853856742214
08425,2009,24,24440,17.990033344865406
08425,2010,24,24440,17.990033344865406
08425,2011,24,24440,17.990033344865406
08425,2012,29,32441,23.879487387102238
08425,2013,30,34841,25.646102772850067
08425,2014,30,34841,25.646102772850067
08425,2015,30,34841,25.646102772850067
08425,2016,30,34841,25.646102772850067
08425,2017,31,37241,27.412718158597897
08425,2018,31,37241,27.412718158597897
08425,2019,31,37241,27.412718158597897
08425,2020,31,37241,27.412718158597897
08425,2021,31,37241,27.412718158597897
08425,2022,31,37241,27.412718158597897
08425,2023,32,37242,27.41345424834196
08426,1960,0,0,0
08426,1961,0,0,0
08426,1962,0,0,0
08426,1963,0,0,0
08426,1964,0,0,0
08426,1965,0,0,0
08426,1966,0,0,0
08426,1967,0,0,0
08426,1968,0,0,0
08426,1969,0,0,0
08426,1970,0,0,0
08426,1971,0,0,0
08426,1972,0,0,0
08426,1973,0,0,0
08426,1974,0,0,0
08426,1975,0,0,0
08426,1976,0,0,0
08426,1977,0,0,0
08426,1978,0,0,0
08426,1979,0,0,0
08426,1980,0,0,0
08426,1981,0,0,0
08426,1982,0,0,0
08426,1983,0,0,0
08426,1984,0,0,0
08426,1985,0,0,0
08426,1986,0,0,0
08426,1987,0,0,0
08426,1988,0,0,0
08426,1989,0,0,0
08426,1990,0,0,0
08426,1991,0,0,0
08426,1992,0,0,0
08426,1993,0,0,0
08426,1994,0,0,0
08426,1995,0,0,0
08426,1996,0,0,0
08426,1997,0,0,0
08426,1998,0,0,0
08426,1999,0,0,0
08426,2000,0,0,0
08426,2001,1,900,0.6385242993969493
08426,2002,1,900,0.6385242993969493
08426,2003,1,900,0.6385242993969493
08426,2004,3,3500,2.483150053210358
08426,2005,4,3580,2.5399077687123093
08426,2006,4,3580,2.5399077687123093
08426,2007,4,3580,2.5399077687123093
08426,2008,4,3580,2.5399077687123093
08426,2009,4,3580,2.5399077687123093
08426,2010,4,3580,2.5399077687123093
08426,2011,4,3580,2.5399077687123093
08426,2012,4,3580,2.5399077687123093
08426,2013,4,3580,2.5399077687123093
08426,2014,5,3730,2.6463284852784676
08426,2015,5,3730,2.6463284852784676
08426,2016,6,3737.5,2.6516495211067754
08426,2017,6,3737.5,2.6516495211067754
08426,2018,6,3737.5,2.6516495211067754
08426,2019,6,3737.5,2.6516495211067754
08426,2020,6,3737.5,2.6516495211067754
08426,2021,6,3737.5,2.6516495211067754
08426,2022,7,3738.5,2.6523589925505497
08426,2023,7,3738.5,2.6523589925505497
08436,1960,0,0,0
08436,1961,0,0,0
08436,1962,0,0,0
08436,1963,0,0,0
08436,1964,0,0,0
08436,1965,0,0,0
08436,1966,0,0,0
08436,1967,0,0,0
08436,1968,0,0,0
08436,1969,0,0,0
08436,1970,0,0,0
08436,1971,0,0,0
08436,1972,0,0,0
08436,1973,0,0,0
08436,1974,0,0,0
08436,1975,0,0,0
08436,1976,0,0,0
08436,1977,0,0,0
08436,1978,0,0,0
08436,1979,0,0,0
08436,1980,0,0,0
08436,1981,0,0,0
08436,1982,0,0,0
08436,1983,0,0,0
08436,1984,0,0,0
08436,1985,0,0,0
08436,1986,0,0,0
08436,1987,0,0,0
08436,1988,0,0,0
08436,1989,0,0,0
08436,1990,0,0,0
08436,1991,0,0,0
08436,1992,0,0,0
08436,1993,0,0,0
08436,1994,0,0,0
08436,1995,0,0,0
08436,1996,0,0,0
08436,1997,0,0,0
08436,1998,0,0,0
08436,1999,0,0,0
08436,2000,0,0,0
08436,2001,2,3000,1.838156451622786
08436,2002,2,3000,1.838156451622786
08436,2003,2,3000,1.838156451622786
08436,2004,2,3000,1.838156451622786
08436,2005,2,3000,1.838156451622786
08436,2006,2,3000,1.838156451622786
08436,2007,2,3000,1.838156451622786
08436,2008,2,3000,1.838156451622786
08436,2009,2,3000,1.838156451622786
08436,2010,2,3000,1.838156451622786
08436,2011,2,3000,1.838156451622786
08436,2012,3,3001,1.8387691704399935
08436,2013,3,3001,1.8387691704399935
08436,2014,3,3001,1.8387691704399935
08436,2015,3,3001,1.8387691704399935
08436,2016,4,3004.5,1.84091368630022
08436,2017,4,3004.5,1.84091368630022
08436,2018,4,3004.5,1.84091368630022
08436,2019,4,3004.5,1.84091368630022
08436,2020,4,3004.5,1.84091368630022
08436,2021,5,3008,1.8430582021604467
08436,2022,6,3012.6,1.8458767087196015
08436,2023,7,3015.6,1.8477148651712243
08437,1960,0,0,0
08437,1961,0,0,0
08437,1962,0,0,0
08437,1963,0,0,0
08437,1964,0,0,0
08437,1965,0,0,0
08437,1966,0,0,0
08437,1967,0,0,0
08437,1968,0,0,0
08437,1969,0,0,0
08437,1970,0,0,0
08437,1971,0,0,0
08437,1972,0,0,0
08437,1973,0,0,0
08437,1974,0,0,0
08437,1975,0,0,0
08437,1976,0,0,0
08437,1977,0,0,0
08437,1978,0,0,0
08437,1979,0,0,0
08437,1980,0,0,0
08437,1981,0,0,0
08437,1982,0,0,0
08437,1983,0,0,0
08437,1984,0,0,0
08437,1985,0,0,0
08437,1986,0,0,0
08437,1987,0,0,0
08437,1988,0,0,0
08437,1989,0,0,0
08437,1990,0,0,0
08437,1991,0,0,0
08437,1992,0,0,0
08437,1993,0,0,0
08437,1994,0,0,0
08437,1995,0,0,0
08437,1996,0,0,0
08437,1997,3,3000,2.4912184549463143
08437,1998,3,3000,2.4912184549463143
08437,1999,3,3000,2.4912184549463143
08437,2000,3,3000,2.4912184549463143
08437,2001,3,3000,2.4912184549463143
08437,2002,4,3850,3.19706368384777
08437,2003,4,3850,3.19706368384777
08437,2004,4,3850,3.19706368384777
08437,2005,4,3850,3.19706368384777
08437,2006,4,3850,3.19706368384777
08437,2007,4,3850,3.19706368384777
08437,2008,4,3850,3.19706368384777
08437,2009,4,3850,3.19706368384777
08437,2010,4,3850,3.19706368384777
08437,2011,4,3850,3.19706368384777
08437,2012,4,3850,3.19706368384777
08437,2013,4,3850,3.19706368384777
08437,2014,4,3850,3.19706368384777
08437,2015,4,3850,3.19706368384777
08437,2016,4,3850,3.19706368384777
08437,2017,7,12850,10.670719048686713
08437,2018,7,12850,10.670719048686713
08437,2019,10,23650,19.639105486493445
08437,2020,10,23650,19.639105486493445
08437,2021,10,23650,19.639105486493445
08437,2022,11,23651,19.63993589264509
08437,2023,11,23651,19.63993589264509
09162,1960,0,0,0
09162,1961,0,0,0
09162,1962,0,0,0
09162,1963,0,0,0
09162,1964,0,0,0
09162,1965,0,0,0
09162,1966,0,0,0
09162,1967,0,0,0
09162,1968,0,0,0
09162,1969,0,0,0
09162,1970,0,0,0
09162,1971,0,0,0
09162,1972,0,0,0
09162,1973,0,0,0
09162,1974,0,0,0
09162,1975,0,0,0
09162,1976,0,0,0
09162,1977,0,0,0
09162,1978,0,0,0
09162,1979,0,0,0
09162,1980,0,0,0
09162,1981,0,0,0
09162,1982,0,0,0
09162,1983,0,0,0
09162,1984,0,0,0
09162,1985,0,0,0
09162,1986,0,0,0
09162,1987,0,0,0
09162,1988,0,0,0
09162,1989,0,0,0
09162,1990,0,0,0
09162,1991,0,0,0
09162,1992,0,0,0
09162,1993,0,0,0
09162,1994,0,0,0
09162,1995,0,0,0
09162,1996,0,0,0
09162,1997,0,0,0
09162,1998,0,0,0
09162,1999,1,1500,4.82780817508851
09162,2000,1,1500,4.82780817508851
09162,2001,1,1500,4.82780817508851
09162,2002,1,1500,4.82780817508851
09162,2003,1,1500,4.82780817508851
09162,2004,1,1500,4.82780817508851
09162,2005,1,1500,4.82780817508851
09162,2006,1,1500,4.82780817508851
09162,2007,1,1500,4.82780817508851
09162,2008,1,1500,4.82780817508851
09162,2009,1,1500,4.82780817508851
09162,2010,1,1500,4.82780817508851
09162,2011,2,1501,4.8310267138719025
09162,2012,2,1501,4.8310267138719025
09162,2013,2,1501,4.8310267138719025
09162,2014,2,1501,4.8310267138719025
09162,2015,2,1501,4.8310267138719025
09162,2016,2,1501,4.8310267138719025
09162,2017,2,1501,4.8310267138719025
09162,2018,2,1501,4.8310267138719025
09162,2019,2,1501,4.8310267138719025
09162,2020,2,1501,4.8310267138719025
09162,2021,3,5001,16.095912455745093
09162,2022,3,5001,16.095912455745093
09162,2023,3,5001,16.095912455745093
09163,1960,0,0,0
09163,1961,0,0,0
09163,1962,0,0,0
09163,1963,0,0,0
09163,1964,0,0,0
09163,1965,0,0,0
09163,1966,0,0,0
09163,1967,0,0,0
09163,1968,0,0,0
09163,1969,0,0,0
09163,1970,0,0,0
09163,1971,0,0,0
09163,1972,0,0,0
09163,1973,0,0,0
09163,1974,0,0,0
09163,1975,0,0,0
09163,1976,0,0,0
09163,1977,0,0,0
09163,1978,0,0,0
09163,1979,0,0,0
09163,1980,0,0,0
09163,1981,0,0,0
09163,1982,0,0,0
09163,1983,0,0,0
09163,1984,0,0,0
09163,1985,0,0,0
09163,1986,0,0,0
09163,1987,0,0,0
09163,1988,0,0,0
09163,1989,0,0,0
09163,1990,0,0,0
09163,1991,0,0,0
09163,1992,0,0,0
09163,1993,0,0,0
09163,1994,0,0,0
09163,1995,0,0,0
09163,1996,0,0,0
09163,1997,0,0,0
09163,1998,0,0,0
09163,1999,0,0,0
09163,2000,0,0,0
09163,2001,0,0,0
09163,2002,0,0,0
09163,2003,0,0,0
09163,2004,0,0,0
09163,2005,0,0,0
09163,2006,0,0,0
09163,2007,0,0,0
09163,2008,0,0,0
09163,2009,0,0,0
09163,2010,0,0,0
09163,2011,0,0,0
09163,2012,1,20,0.537345513164965
09163,2013,1,20,0.537345513164965
09163,2014,1,20,0.537345513164965
09163,2015,1,20,0.537345513164965
09163,2016,1,20,0.537345513164965
09163,2017,1,20,0.537345513164965
09163,2018,1,20,0.537345513164965
09163,2019,1,20,0.537345513164965
09163,2020,1,20,0.537345513164965
09163,2021,1,20,0.537345513164965
09163,2022,1,20,0.537345513164965
09163,2023,1,20,0.537345513164965
09173,1960,0,0,0
09173,1961,0,0,0
09173,1962,0,0,0
09173,1963,0,0,0
09173,1964,0,0,0
09173,1965,0,0,0
09173,1966,0,0,0
09173,1967,0,0,0
09173,1968,0,0,0
09173,1969,0,0,0
09173,1970,0,0,0
09173,1971,0,0,0
09173,1972,0,0,0
09173,1973,0,0,0
09173,1974,0,0,0
09173,1975,0,0,0
09173,1976,0,0,0
09173,1977,0,0,0
09173,1978,0,0,0
09173,1979,0,0,0
09173,1980,0,0,0
09173,1981,0,0,0
09173,1982,0,0,0
09173,1983,0,0,0
09173,1984,0,0,0
09173,1985,0,0,0
09173,1986,0,0,0
09173,1987,0,0,0
09173,1988,0,0,0
09173,1989,0,0,0
09173,1990,0,0,0
09173,1991,0,0,0
09173,1992,0,0,0
09173,1993,0,0,0
09173,1994,0,0,0
09173,1995,0,0,0
09173,1996,0,0,0
09173,1997,0,0,0
09173,1998,0,0,0
09173,1999,0,0,0
09173,2000,0,0,0
09173,2001,0,0,0
09173,2002,0,0,0
09173,2003,0,0,0
09173,2004,0,0,0
09173,2005,0,0,0
09173,2006,0,0,0
09173,2007,0,0,0
09173,2008,0,0,0
09173,2009,0,0,0
09173,2010,0,0,0
09173,2011,0,0,0
09173,2012,0,0,0
09173,2013,0,0,0
09173,2014,0,0,0
09173,2015,0,0,0
09173,2016,0,0,0
09173,2017,0,0,0
09173,2018,1,9.9,0.00891361892928529
09173,2019,1,9.9,0.00891361892928529
09173,2020,1,9.9,0.00891361892928529
09173,2021,1,9.9,0.00891361892928529
09173,2022,1,9.9,0.00891361892928529
09173,2023,1,9.9,0.00891361892928529
09174,1960,0,0,0
09174,1961,0,0,0
09174,1962,0,0,0
09174,1963,0,0,0
09174,1964,0,0,0
09174,1965,0,0,0
09174,1966,0,0,0
09174,1967,0,0,0
09174,1968,0,0,0
09174,1969,0,0,0
09174,1970,0,0,0
09174,1971,0,0,0
09174,1972,0,0,0
09174,1973,0,0,0
09174,1974,0,0,0
09174,1975,0,0,0
09174,1976,0,0,0
09174,1977,0,0,0
09174,1978,0,0,0
09174,1979,0,0,0
09174,1980,0,0,0
09174,1981,0,0,0
09174,1982,0,0,0
09174,1983,0,0,0
09174,1984,0,0,0
09174,1985,0,0,0
09174,1986,0,0,0
09174,1987,0,0,0
09174,1988,0,0,0
09174,1989,0,0,0
09174,1990,0,0,0
09174,1991,0,0,0
09174,1992,0,0,0
09174,1993,0,0,0
09174,1994,0,0,0
09174,1995,0,0,0
09174,1996,0,0,0
09174,1997,0,0,0
09174,1998,0,0,0
09174,1999,0,0,0
09174,2000,0,0,0
09174,2001,0,0,0
09174,2002,0,0,0
09174,2003,0,0,0
09174,2004,0,0,0
09174,2005,0,0,0
09174,2006,0,0,0
09174,2007,0,0,0
09174,2008,0,0,0
09174,2009,0,0,0
09174,2010,0,0,0
09174,2011,0,0,0
09174,2012,0,0,0
09174,2013,1,3118,5.3837520504187175
09174,2014,6,15118,26.103772770439438
09174,2015,6,15118,26.103772770439438
09174,2016,8,18128,31.30104463437797
09174,2017,8,18128,31.30104463437797
09174,2018,8,18128,31.30104463437797
09174,2019,9,20528,35.445048778382116
09174,2020,9,20528,35.445048778382116
09174,2021,9,20528,35.445048778382116
09174,2022,9,20528,35.445048778382116
09174,2023,9,20528,35.445048778382116
09175,1960,0,0,0
09175,1961,0,0,0
09175,1962,0,0,0
09175,1963,0,0,0
09175,1964,0,0,0
09175,1965,0,0,0
09175,1966,0,0,0
09175,1967,0,0,0
09175,1968,0,0,0
09175,1969,0,0,0
09175,1970,0,0,0
09175,1971,0,0,0
09175,1972,0,0,0
09175,1973,0,0,0
09175,1974,0,0,0
09175,1975,0,0,0
09175,1976,0,0,0
09175,1977,0,0,0
09175,1978,0,0,0
09175,1979,0,0,0
09175,1980,0,0,0
09175,1981,0,0,0
09175,1982,0,0,0
09175,1983,0,0,0
09175,1984,0,0,0
09175,1985,0,0,0
09175,1986,0,0,0
09175,1987,0,0,0
09175,1988,0,0,0
09175,1989,0,0,0
09175,1990,0,0,0
09175,1991,0,0,0
09175,1992,0,0,0
09175,1993,0,0,0
09175,1994,0,0,0
09175,1995,0,0,0
09175,1996,0,0,0
09175,1997,0,0,0
09175,1998,0,0,0
09175,1999,0,0,0
09175,2000,0,0,0
09175,2001,1,5,0.009100837277029487
09175,2002,1,5,0.009100837277029487
09175,2003,1,5,0.009100837277029487
09175,2004,1,5,0.009100837277029487
09175,2005,1,5,0.009100837277029487
09175,2006,1,5,0.009100837277029487
09175,2007,1,5,0.009100837277029487
09175,2008,1,5,0.009100837277029487
09175,2009,1,5,0.009100837277029487
09175,2010,1,5,0.009100837277029487
09175,2011,3,13.399999999999999,0.024390243902439022
09175,2012,3,13.399999999999999,0.024390243902439022
09175,2013,3,13.399999999999999,0.024390243902439022
09175,2014,4,13.899999999999999,0.02530032763014197
09175,2015,4,13.899999999999999,0.02530032763014197
09175,2016,5,2313.9,4.211685475063706
09175,2017,5,2313.9,4.211685475063706
09175,2018,5,2313.9,4.211685475063706
09175,2019,5,2313.9,4.211685475063706
09175,2020,5,2313.9,4.211685475063706
09175,2021,5,2313.9,4.211685475063706
09175,2022,5,2313.9,4.211685475063706
09175,2023,6,2314.9,4.213505642519112
09176,1960,0,0,0
09176,1961,0,0,0
09176,1962,0,0,0
09176,1963,0,0,0
09176,1964,0,0,0
09176,1965,0,0,0
09176,1966,0,0,0
09176,1967,0,0,0
09176,1968,0,0,0
09176,1969,0,0,0
09176,1970,0,0,0
09176,1971,0,0,0
09176,1972,0,0,0
09176,1973,0,0,0
09176,1974,0,0,0
09176,1975,0,0,0
09176,1976,0,0,0
09176,1977,0,0,0
09176,1978,0,0,0
09176,1979,0,0,0
09176,1980,0,0,0
09176,1981,0,0,0
09176,1982,0,0,0
09176,1983,0,0,0
09176,1984,0,0,0
09176,1985,0,0,0
09176,1986,0,0,0
09176,1987,0,0,0
09176,1988,0,0,0
09176,1989,0,0,0
09176,1990,0,0,0
09176,1991,0,0,0
09176,1992,0,0,0
09176,1993,0,0,0
09176,1994,0,0,0
09176,1995,0,0,0
09176,1996,0,0,0
09176,1997,0,0,0
09176,1998,0,0,0
09176,1999,1,1500,1.235747709747578
09176,2000,1,1500,1.235747709747578
09176,2001,4,3700,3.048177684044026
09176,2002,5,4300,3.542476767943057
09176,2003,5,4300,3.542476767943057
09176,2004,8,9800,8.073551703684176
09176,2005,10,12908,10.634020958281159
09176,2006,10,12908,10.634020958281159
09176,2007,10,12908,10.634020958281159
09176,2008,10,12908,10.634020958281159
09176,2009,10,12908,10.634020958281159
09176,2010,10,12908,10.634020958281159
09176,2011,12,14409.47,11.870979700784288
09176,2012,18,28443.47,23.43263527318263
09176,2013,28,51993.47,42.83387431621961
09176,2014,33,65743.47,54.161561655572406
09176,2015,43,92313.47,76.0507727542345
09176,2016,46,100653.47,82.92153002043104
09176,2017,53,120153.47,98.98625024714956
09176,2018,53,120153.47,98.98625024714956
09176,2019,53,120153.47,98.98625024714956
09176,2020,53,120153.47,98.98625024714956
09176,2021,53,120153.47,98.98625024714956
09176,2022,53,120153.47,98.98625024714956
09176,2023,53,120153.47,98.98625024714956
09177,1960,0,0,0
09177,1961,0,0,0
09177,1962,0,0,0
09177,1963,0,0,0
09177,1964,0,0,0
09177,1965,0,0,0
09177,1966,0,0,0
09177,1967,0,0,0
09177,1968,0,0,0
09177,1969,0,0,0
09177,1970,0,0,0
09177,1971,0,0,0
09177,1972,0,0,0
09177,1973,0,0,0
09177,1974,0,0,0
09177,1975,0,0,0
09177,1976,0,0,0
09177,1977,0,0,0
09177,1978,0,0,0
09177,1979,0,0,0
09177,1980,0,0,0
09177,1981,0,0,0
09177,1982,0,0,0
09177,1983,0,0,0
09177,1984,0,0,0
09177,1985,0,0,0
09177,1986,0,0,0
09177,1987,0,0,0
09177,1988,0,0,0
09177,1989,0,0,0
09177,1990,0,0,0
09177,1991,0,0,0
09177,1992,0,0,0
09177,1993,0,0,0
09177,1994,0,0,0
09177,1995,0,0,0
09177,1996,0,0,0
09177,1997,0,0,0
09177,1998,0,0,0
09177,1999,0,0,0
09177,2000,0,0,0
09177,2001,0,0,0
09177,2002,0,0,0
09177,2003,0,0,0
09177,2004,0,0,0
09177,2005,0,0,0
09177,2006,0,0,0
09177,2007,0,0,0
09177,2008,0,0,0
09177,2009,0,0,0
09177,2010,0,0,0
09177,2011,1,4.6,0.005282923523939683
09177,2012,7,55.50000000000001,0.06373962077796792
09177,2013,10,81.60000000000001,0.09371446946814742
09177,2014,11,91.4,0.10496939349741022
09177,2015,12,91.88000000000001,0.10552065508251698
09177,2016,12,91.88000000000001,0.10552065508251698
09177,2017,12,91.88000000000001,0.10552065508251698
09177,2018,12,91.88000000000001,0.10552065508251698
09177,2019,13,96.28,0.11057388627932883
09177,2020,13,96.28,0.11057388627932883
09177,2021,13,96.28,0.11057388627932883
09177,2022,13,96.28,0.11057388627932883
09177,2023,13,96.28,0.11057388627932883
09178,1960,0,0,0
09178,1961,0,0,0
09178,1962,0,0,0
09178,1963,0,0,0
09178,1964,0,0,0
09178,1965,0,0,0
09178,1966,0,0,0
09178,1967,0,0,0
09178,1968,0,0,0
09178,1969,0,0,0
09178,1970,0,0,0
09178,1971,0,0,0
09178,1972,0,0,0
09178,1973,0,0,0
09178,1974,0,0,0
09178,1975,0,0,0
09178,1976,0,0,0
09178,1977,0,0,0
09178,1978,0,0,0
09178,1979,0,0,0
09178,1980,0,0,0
09178,1981,0,0,0
09178,1982,0,0,0
09178,1983,0,0,0
09178,1984,0,0,0
09178,1985,0,0,0
09178,1986,0,0,0
09178,1987,0,0,0
09178,1988,0,0,0
09178,1989,0,0,0
09178,1990,0,0,0
09178,1991,0,0,0
09178,1992,0,0,0
09178,1993,0,0,0
09178,1994,0,0,0
09178,1995,0,0,0
09178,1996,0,0,0
09178,1997,0,0,0
09178,1998,0,0,0
09178,1999,0,0,0
09178,2000,0,0,0
09178,2001,0,0,0
09178,2002,0,0,0
09178,2003,0,0,0
09178,2004,0,0,0
09178,2005,0,0,0
09178,2006,0,0,0
09178,2007,0,0,0
09178,2008,0,0,0
09178,2009,0,0,0
09178,2010,1,30,0.037507970443719285
09178,2011,1,30,0.037507970443719285
09178,2012,1,30,0.037507970443719285
09178,2013,2,2330,2.9131190377955316
09178,2014,2,2330,2.9131190377955316
09178,2015,3,5330,6.66391608216746
09178,2016,3,5330,6.66391608216746
09178,2017,3,5330,6.66391608216746
09178,2018,3,5330,6.66391608216746
09178,2019,3,5330,6.66391608216746
09178,2020,3,5330,6.66391608216746
09178,2021,3,5330,6.66391608216746
09178,2022,3,5330,6.66391608216746
09178,2023,3,5330,6.66391608216746
09179,1960,0,0,0
09179,1961,0,0,0
09179,1962,0,0,0
09179,1963,0,0,0
09179,1964,0,0,0
09179,1965,0,0,0
09179,1966,0,0,0
09179,1967,0,0,0
09179,1968,0,0,0
09179,1969,0,0,0
09179,1970,0,0,0
09179,1971,0,0,0
09179,1972,0,0,0
09179,1973,0,0,0
09179,1974,0,0,0
09179,1975,0,0,0
09179,1976,0,0,0
09179,1977,0,0,0
09179,1978,0,0,0
09179,1979,0,0,0
09179,1980,0,0,0
09179,1981,0,0,0
09179,1982,0,0,0
09179,1983,0,0,0
09179,1984,0,0,0
09179,1985,0,0,0
09179,1986,0,0,0
09179,1987,0,0,0
09179,1988,0,0,0
09179,1989,0,0,0
09179,1990,0,0,0
09179,1991,0,0,0
09179,1992,0,0,0
09179,1993,0,0,0
09179,1994,0,0,0
09179,1995,0,0,0
09179,1996,0,0,0
09179,1997,0,0,0
09179,1998,0,0,0
09179,1999,0,0,0
09179,2000,0,0,0
09179,2001,0,0,0
09179,2002,0,0,0
09179,2003,0,0,0
09179,2004,0,0,0
09179,2005,0,0,0
09179,2006,0,0,0
09179,2007,0,0,0
09179,2008,0,0,0
09179,2009,0,0,0
09179,2010,0,0,0
09179,2011,1,6,0.013798813302056023
09179,2012,1,6,0.013798813302056023
09179,2013,1,6,0.013798813302056023
09179,2014,2,3056,7.0281955751805345
09179,2015,3,6106,14.042592337059013
09179,2016,3,6106,14.042592337059013
09179,2017,3,6106,14.042592337059013
09179,2018,3,6106,14.042592337059013
09179,2019,3,6106,14.042592337059013
09179,2020,3,6106,14.042592337059013
09179,2021,3,6106,14.042592337059013
09179,2022,3,6106,14.042592337059013
09179,2023,3,6106,14.042592337059013
09181,1960,0,0,0
09181,1961,0,0,0
09181,1962,0,0,0
09181,1963,0,0,0
09181,1964,0,0,0
09181,1965,0,0,0
09181,1966,0,0,0
09181,1967,0,0,0
09181,1968,0,0,0
09181,1969,0,0,0
09181,1970,0,0,0
09181,1971,0,0,0
09181,1972,0,0,0
09181,1973,0,0,0
09181,1974,0,0,0
09181,1975,0,0,0
09181,1976,0,0,0
09181,1977,0,0,0
09181,1978,0,0,0
09181,1979,0,0,0
09181,1980,0,0,0
09181,1981,0,0,0
09181,1982,0,0,0
09181,1983,0,0,0
09181,1984,0,0,0
09181,1985,0,0,0
09181,1986,0,0,0
09181,1987,0,0,0
09181,1988,0,0,0
09181,1989,0,0,0
09181,1990,0,0,0
09181,1991,0,0,0
09181,1992,0,0,0
09181,1993,0,0,0
09181,1994,0,0,0
09181,1995,0,0,0
09181,1996,0,0,0
09181,1997,0,0,0
09181,1998,0,0,0
09181,1999,0,0,0
09181,2000,0,0,0
09181,2001,0,0,0
09181,2002,0,0,0
09181,2003,1,2000,2.486479766270902
09181,2004,2,4000,4.972959532541804
09181,2005,2,4000,4.972959532541804
09181,2006,2,4000,4.972959532541804
09181,2007,2,4000,4.972959532541804
09181,2008,2,4000,4.972959532541804
09181,2009,2,4000,4.972959532541804
09181,2010,2,4000,4.972959532541804
09181,2011,2,4000,4.972959532541804
09181,2012,3,4003.8,4.977683844097719
09181,2013,4,4007.3,4.9820351836886925
09181,2014,4,4007.3,4.9820351836886925
09181,2015,4,4007.3,4.9820351836886925
09181,2016,8,16007.3,19.900913781314102
09181,2017,8,16007.3,19.900913781314102
09181,2018,8,16007.3,19.900913781314102
09181,2019,8,16007.3,19.900913781314102
09181,2020,8,16007.3,19.900913781314102
09181,2021,8,16007.3,19.900913781314102
09181,2022,8,16007.3,19.900913781314102
09181,2023,8,16007.3,19.900913781314102
09182,1960,0,0,0
09182,1961,0,0,0
09182,1962,0,0,0
09182,1963,0,0,0
09182,1964,0,0,0
09182,1965,0,0,0
09182,1966,0,0,0
09182,1967,0,0,0
09182,1968,0,0,0
09182,1969,0,0,0
09182,1970,0,0,0
09182,1971,0,0,0
09182,1972,0,0,0
09182,1973,0,0,0
09182,1974,0,0,0
09182,1975,0,0,0
09182,1976,0,0,0
09182,1977,0,0,0
09182,1978,0,0,0
09182,1979,0,0,0
09182,1980,0,0,0
09182,1981,0,0,0
09182,1982,0,0,0
09182,1983,0,0,0
09182,1984,0,0,0
09182,1985,0,0,0
09182,1986,0,0,0
09182,1987,0,0,0
09182,1988,0,0,0
09182,1989,0,0,0
09182,1990,0,0,0
09182,1991,0,0,0
09182,1992,0,0,0
09182,1993,0,0,0
09182,1994,0,0,0
09182,1995,0,0,0
09182,1996,0,0,0
09182,1997,0,0,0
09182,1998,0,0,0
09182,1999,0,0,0
09182,2000,0,0,0
09182,2001,0,0,0
09182,2002,0,0,0
09182,2003,0,0,0
09182,2004,0,0,0
09182,2005,0,0,0
09182,2006,0,0,0
09182,2007,0,0,0
09182,2008,0,0,0
09182,2009,0,0,0
09182,2010,0,0,0
09182,2011,0,0,0
09182,2012,0,0,0
09182,2013,0,0,0
09182,2014,1,7.5,0.008658408469077937
09182,2015,1,7.5,0.008658408469077937
09182,2016,1,7.5,0.008658408469077937
09182,2017,1,7.5,0.008658408469077937
09182,2018,1,7.5,0.008658408469077937
09182,2019,1,7.5,0.008658408469077937
09182,2020,1,7.5,0.008658408469077937
09182,2021,1,7.5,0.008658408469077937
09182,2022,1,7.5,0.008658408469077937
09182,2023,1,7.5,0.008658408469077937
09183,1960,0,0,0
09183,1961,0,0,0
09183,1962,0,0,0
09183,1963,0,0,0
09183,1964,0,0,0
09183,1965,0,0,0
09183,1966,0,0,0
09183,1967,0,0,0
09183,1968,0,0,0
09183,1969,0,0,0
09183,1970,0,0,0
09183,1971,0,0,0
09183,1972,0,0,0
09183,1973,0,0,0
09183,1974,0,0,0
09183,1975,0,0,0
09183,1976,0,0,0
09183,1977,0,0,0
09183,1978,0,0,0
09183,1979,0,0,0
09183,1980,0,0,0
09183,1981,0,0,0
09183,1982,0,0,0
09183,1983,0,0,0
09183,1984,0,0,0
09183,1985,0,0,0
09183,1986,0,0,0
09183,1987,0,0,0
09183,1988,0,0,0
09183,1989,0,0,0
09183,1990,0,0,0
09183,1991,0,0,0
09183,1992,0,0,0
09183,1993,0,0,0
09183,1994,0,0,0
09183,1995,0,0,0
09183,1996,0,0,0
09183,1997,0,0,0
09183,1998,0,0,0
09183,1999,0,0,0
09183,2000,0,0,0
09183,2001,0,0,0
09183,2002,0,0,0
09183,2003,0,0,0
09183,2004,0,0,0
09183,2005,0,0,0
09183,2006,0,0,0
09183,2007,0,0,0
09183,2008,0,0,0
09183,2009,0,0,0
09183,2010,0,0,0
09183,2011,0,0,0
09183,2012,1,4.5,0.0055876327062767735
09183,2013,1,4.5,0.0055876327062767735
09183,2014,1,4.5,0.0055876327062767735
09183,2015,1,4.5,0.0055876327062767735
09183,2016,1,4.5,0.0055876327062767735
09183,2017,1,4.5,0.0055876327062767735
09183,2018,1,4.5,0.0055876327062767735
09183,2019,1,4.5,0.0055876327062767735
09183,2020,1,4.5,0.0055876327062767735
09183,2021,1,4.5,0.0055876327062767735
09183,2022,1,4.5,0.0055876327062767735
09183,2023,1,4.5,0.0055876327062767735
09184,1960,0,0,0
09184,1961,0,0,0
09184,1962,0,0,0
09184,1963,0,0,0
09184,1964,0,0,0
09184,1965,0,0,0
09184,1966,0,0,0
09184,1967,0,0,0
09184,1968,0,0,0
09184,1969,0,0,0
09184,1970,0,0,0
09184,1971,0,0,0
09184,1972,0,0,0
09184,1973,0,0,0
09184,1974,0,0,0
09184,1975,0,0,0
09184,1976,0,0,0
09184,1977,0,0,0
09184,1978,0,0,0
09184,1979,0,0,0
09184,1980,0,0,0
09184,1981,0,0,0
09184,1982,0,0,0
09184,1983,0,0,0
09184,1984,0,0,0
09184,1985,0,0,0
09184,1986,0,0,0
09184,1987,0,0,0
09184,1988,0,0,0
09184,1989,0,0,0
09184,1990,0,0,0
09184,1991,0,0,0
09184,1992,0,0,0
09184,1993,0,0,0
09184,1994,0,0,0
09184,1995,0,0,0
09184,1996,0,0,0
09184,1997,0,0,0
09184,1998,0,0,0
09184,1999,0,0,0
09184,2000,0,0,0
09184,2001,0,0,0
09184,2002,0,0,0
09184,2003,0,0,0
09184,2004,0,0,0
09184,2005,0,0,0
09184,2006,0,0,0
09184,2007,0,0,0
09184,2008,0,0,0
09184,2009,0,0,0
09184,2010,0,0,0
09184,2011,0,0,0
09184,2012,0,0,0
09184,2013,0,0,0
09184,2014,0,0,0
09184,2015,0,0,0
09184,2016,2,6,0.009032607713846988
09184,2017,2,6,0.009032607713846988
09184,2018,2,6,0.009032607713846988
09184,2019,2,6,0.009032607713846988
09184,2020,3,9,0.013548911570770482
09184,2021,3,9,0.013548911570770482
09184,2022,3,9,0.013548911570770482
09184,2023,4,39,0.05871195014000542
09185,1960,0,0,0
09185,1961,0,0,0
09185,1962,0,0,0
09185,1963,0,0,0
09185,1964,0,0,0
09185,1965,0,0,0
09185,1966,0,0,0
09185,1967,0,0,0
09185,1968,0,0,0
09185,1969,0,0,0
09185,1970,0,0,0
09185,1971,0,0,0
09185,1972,0,0,0
09185,1973,0,0,0
09185,1974,0,0,0
09185,1975,0,0,0
09185,1976,0,0,0
09185,1977,0,0,0
09185,1978,0,0,0
09185,1979,0,0,0
09185,1980,0,0,0
09185,1981,0,0,0
09185,1982,0,0,0
09185,1983,0,0,0
09185,1984,0,0,0
09185,1985,0,0,0
09185,1986,0,0,0
09185,1987,0,0,0
09185,1988,0,0,0
09185,1989,0,0,0
09185,1990,0,0,0
09185,1991,0,0,0
09185,1992,0,0,0
09185,1993,1,80,0.1081475673556568
09185,1994,1,80,0.1081475673556568
09185,1995,1,80,0.1081475673556568
09185,1996,1,80,0.1081475673556568
09185,1997,1,80,0.1081475673556568
09185,1998,1,80,0.1081475673556568
09185,1999,1,80,0.1081475673556568
09185,2000,1,80,0.1081475673556568
09185,2001,1,80,0.1081475673556568
09185,2002,2,1380,1.8655455368850797
09185,2003,2,1380,1.8655455368850797
09185,2004,2,1380,1.8655455368850797
09185,2005,2,1380,1.8655455368850797
09185,2006,3,2630,3.555351276817217
09185,2007,4,3880,5.245157016749355
09185,2008,4,3880,5.245157016749355
09185,2009,5,5880,7.948846200640774
09185,2010,5,5880,7.948846200640774
09185,2011,5,5880,7.948846200640774
09185,2012,5,5880,7.948846200640774
09185,2013,5,5880,7.948846200640774
09185,2014,5,5880,7.948846200640774
09185,2015,5,5880,7.948846200640774
09185,2016,5,5880,7.948846200640774
09185,2017,5,5880,7.948846200640774
09185,2018,5,5880,7.948846200640774
09185,2019,5,5880,7.948846200640774
09185,2020,5,5880,7.948846200640774
09185,2021,5,5880,7.948846200640774
09185,2022,5,5880,7.948846200640774
09185,2023,5,5880,7.948846200640774
09186,1960,0,0,0
09186,1961,0,0,0
09186,1962,0,0,0
09186,1963,0,0,0
09186,1964,0,0,0
09186,1965,0,0,0
09186,1966,0,0,0
09186,1967,0,0,0
09186,1968,0,0,0
09186,1969,0,0,0
09186,1970,0,0,0
09186,1971,0,0,0
09186,1972,0,0,0
09186,1973,0,0,0
09186,1974,0,0,0
09186,1975,0,0,0
09186,1976,0,0,0
09186,1977,0,0,0
09186,1978,0,0,0
09186,1979,0,0,0
09186,1980,0,0,0
09186,1981,0,0,0
09186,1982,0,0,0
09186,1983,0,0,0
09186,1984,0,0,0
09186,1985,0,0,0
09186,1986,0,0,0
09186,1987,0,0,0
09186,1988,0,0,0
09186,1989,0,0,0
09186,1990,0,0,0
09186,1991,0,0,0
09186,1992,0,0,0
09186,1993,0,0,0
09186,1994,0,0,0
09186,1995,0,0,0
09186,1996,0,0,0
09186,1997,0,0,0
09186,1998,0,0,0
09186,1999,0,0,0
09186,2000,0,0,0
09186,2001,0,0,0
09186,2002,2,3600,4.730368968779565
09186,2003,2,3600,4.730368968779565
09186,2004,2,3600,4.730368968779565
09186,2005,2,3600,4.730368968779565
09186,2006,2,3600,4.730368968779565
09186,2007,2,3600,4.730368968779565
09186,2008,2,3600,4.730368968779565
09186,2009,3,3601,4.731682960159781
09186,2010,3,3601,4.731682960159781
09186,2011,3,3601,4.731682960159781
09186,2012,3,3601,4.731682960159781
09186,2013,3,3601,4.731682960159781
09186,2014,8,15802.8,20.76474298328603
09186,2015,12,25352.8,33.31336066435404
09186,2016,13,28352.8,37.25533480500368
09186,2017,13,28352.8,37.25533480500368
09186,2018,13,28352.8,37.25533480500368
09186,2019,13,28352.8,37.25533480500368
09186,2020,13,28352.8,37.25533480500368
09186,2021,13,28352.8,37.25533480500368
09186,2022,13,28352.8,37.25533480500368
09186,2023,13,28352.8,37.25533480500368
09187,1960,0,0,0
09187,1961,0,0,0
09187,1962,0,0,0
09187,1963,0,0,0
09187,1964,0,0,0
09187,1965,0,0,0
09187,1966,0,0,0
09187,1967,0,0,0
09187,1968,0,0,0
09187,1969,0,0,0
09187,1970,0,0,0
09187,1971,0,0,0
09187,1972,0,0,0
09187,1973,0,0,0
09187,1974,0,0,0
09187,1975,0,0,0
09187,1976,0,0,0
09187,1977,0,0,0
09187,1978,0,0,0
09187,1979,0,0,0
09187,1980,0,0,0
09187,1981,0,0,0
09187,1982,0,0,0
09187,1983,0,0,0
09187,1984,0,0,0
09187,1985,0,0,0
09187,1986,0,0,0
09187,1987,0,0,0
09187,1988,0,0,0
09187,1989,0,0,0
09187,1990,0,0,0
09187,1991,0,0,0
09187,1992,0,0,0
09187,1993,0,0,0
09187,1994,0,0,0
09187,1995,0,0,0
09187,1996,0,0,0
09187,1997,0,0,0
09187,1998,0,0,0
09187,1999,0,0,0
09187,2000,0,0,0
09187,2001,0,0,0
09187,2002,0,0,0
09187,2003,0,0,0
09187,2004,0,0,0
09187,2005,0,0,0
09187,2006,0,0,0
09187,2007,0,0,0
09187,2008,0,0,0
09187,2009,0,0,0
09187,2010,0,0,0
09187,2011,1,5.5,0.0038209303618073694
09187,2012,1,5.5,0.0038209303618073694
09187,2013,1,5.5,0.0038209303618073694
09187,2014,1,5.5,0.0038209303618073694
09187,2015,1,5.5,0.0038209303618073694
09187,2016,1,5.5,0.0038209303618073694
09187,2017,1,5.5,0.0038209303618073694
09187,2018,1,5.5,0.0038209303618073694
09187,2019,1,5.5,0.0038209303618073694
09187,2020,1,5.5,0.0038209303618073694
09187,2021,1,5.5,0.0038209303618073694
09187,2022,1,5.5,0.0038209303618073694
09187,2023,1,5.5,0.0038209303618073694
09188,1960,0,0,0
09188,1961,0,0,0
09188,1962,0,0,0
09188,1963,0,0,0
09188,1964,0,0,0
09188,1965,0,0,0
09188,1966,0,0,0
09188,1967,0,0,0
09188,1968,0,0,0
09188,1969,0,0,0
09188,1970,0,0,0
09188,1971,0,0,0
09188,1972,0,0,0
09188,1973,0,0,0
09188,1974,0,0,0
09188,1975,0,0,0
09188,1976,0,0,0
09188,1977,0,0,0
09188,1978,0,0,0
09188,1979,0,0,0
09188,1980,0,0,0
09188,1981,0,0,0
09188,1982,0,0,0
09188,1983,0,0,0
09188,1984,0,0,0
09188,1985,0,0,0
09188,1986,0,0,0
09188,1987,0,0,0
09188,1988,0,0,0
09188,1989,0,0,0
09188,1990,0,0,0
09188,1991,0,0,0
09188,1992,0,0,0
09188,1993,0,0,0
09188,1994,0,0,0
09188,1995,0,0,0
09188,1996,0,0,0
09188,1997,0,0,0
09188,1998,0,0,0
09188,1999,0,0,0
09188,2000,1,40,0.08201595210268398
09188,2001,1,40,0.08201595210268398
09188,2002,1,40,0.08201595210268398
09188,2003,1,40,0.08201595210268398
09188,2004,1,40,0.08201595210268398
09188,2005,1,40,0.08201595210268398
09188,2006,1,40,0.08201595210268398
09188,2007,1,40,0.08201595210268398
09188,2008,1,40,0.08201595210268398
09188,2009,1,40,0.08201595210268398
09188,2010,1,40,0.08201595210268398
09188,2011,1,40,0.08201595210268398
09188,2012,1,40,0.08201595210268398
09188,2013,1,40,0.08201595210268398
09188,2014,1,40,0.08201595210268398
09188,2015,5,12040,24.686801582907876
09188,2016,5,12040,24.686801582907876
09188,2017,5,12040,24.686801582907876
09188,2018,5,12040,24.686801582907876
09188,2019,5,12040,24.686801582907876
09188,2020,5,12040,24.686801582907876
09188,2021,5,12040,24.686801582907876
09188,2022,5,12040,24.686801582907876
09188,2023,5,12040,24.686801582907876
09189,1960,0,0,0
09189,1961,0,0,0
09189,1962,0,0,0
09189,1963,0,0,0
09189,1964,0,0,0
09189,1965,0,0,0
09189,1966,0,0,0
09189,1967,0,0,0
09189,1968,0,0,0
09189,1969,0,0,0
09189,1970,0,0,0
09189,1971,0,0,0
09189,1972,0,0,0
09189,1973,0,0,0
09189,1974,0,0,0
09189,1975,0,0,0
09189,1976,0,0,0
09189,1977,0,0,0
09189,1978,0,0,0
09189,1979,0,0,0
09189,1980,0,0,0
09189,1981,0,0,0
09189,1982,0,0,0
09189,1983,0,0,0
09189,1984,0,0,0
09189,1985,0,0,0
09189,1986,0,0,0
09189,1987,0,0,0
09189,1988,0,0,0
09189,1989,0,0,0
09189,1990,0,0,0
09189,1991,0,0,0
09189,1992,0,0,0
09189,1993,0,0,0
09189,1994,0,0,0
09189,1995,1,630,0.410760624356149
09189,1996,2,1260,0.821521248712298
09189,1997,2,1260,0.821521248712298
09189,1998,3,2310,1.5061222893058797
09189,1999,3,2310,1.5061222893058797
09189,2000,3,2310,1.5061222893058797
09189,2001,3,2310,1.5061222893058797
09189,2002,3,2310,1.5061222893058797
09189,2003,3,2310,1.5061222893058797
09189,2004,3,2310,1.5061222893058797
09189,2005,5,5310,3.462125262430399
09189,2006,5,5310,3.462125262430399
09189,2007,5,5310,3.462125262430399
09189,2008,5,5310,3.462125262430399
09189,2009,5,5310,3.462125262430399
09189,2010,5,5310,3.462125262430399
09189,2011,5,5310,3.462125262430399
09189,2012,5,5310,3.462125262430399
09189,2013,6,5312.5,3.4637552649080026
09189,2014,6,5312.5,3.4637552649080026
09189,2015,7,5342.3,3.4831848944410395
09189,2016,7,5342.3,3.4831848944410395
09189,2017,7,5342.3,3.4831848944410395
09189,2018,7,5342.3,3.4831848944410395
09189,2019,7,5342.3,3.4831848944410395
09189,2020,7,5342.3,3.4831848944410395
09189,2021,7,5342.3,3.4831848944410395
09189,2022,7,5342.3,3.4831848944410395
09189,2023,8,5346.3,3.485792898405206
09190,1960,0,0,0
09190,1961,0,0,0
09190,1962,0,0,0
09190,1963,0,0,0
09190,1964,0,0,0
09190,1965,0,0,0
09190,1966,0,0,0
09190,1967,0,0,0
09190,1968,0,0,0
09190,1969,0,0,0
09190,1970,0,0,0
09190,1971,0,0,0
09190,1972,0,0,0
09190,1973,0,0,0
09190,1974,0,0,0
09190,1975,0,0,0
09190,1976,0,0,0
09190,1977,0,0,0
09190,1978,0,0,0
09190,1979,0,0,0
09190,1980,0,0,0
09190,1981,0,0,0
09190,1982,0,0,0
09190,1983,0,0,0
09190,1984,0,0,0
09190,1985,0,0,0
09190,1986,0,0,0
09190,1987,0,0,0
09190,1988,0,0,0
09190,1989,0,0,0
09190,1990,0,0,0
09190,1991,0,0,0
09190,1992,0,0,0
09190,1993,0,0,0
09190,1994,0,0,0
09190,1995,0,0,0
09190,1996,0,0,0
09190,1997,0,0,0
09190,1998,0,0,0
09190,1999,0,0,0
09190,2000,0,0,0
09190,2001,0,0,0
09190,2002,0,0,0
09190,2003,1,600,0.6209444565183645
09190,2004,1,600,0.6209444565183645
09190,2005,1,600,0.6209444565183645
09190,2006,1,600,0.6209444565183645
09190,2007,1,600,0.6209444565183645
09190,2008,1,600,0.6209444565183645
09190,2009,1,600,0.6209444565183645
09190,2010,1,600,0.6209444565183645
09190,2011,1,600,0.6209444565183645
09190,2012,1,600,0.6209444565183645
09190,2013,1,600,0.6209444565183645
09190,2014,1,600,0.6209444565183645
09190,2015,1,600,0.6209444565183645
09190,2016,2,609.9,0.6311900400509174
09190,2017,2,609.9,0.6311900400509174
09190,2018,2,609.9,0.6311900400509174
09190,2019,3,619.4,0.6410216606124582
09190,2020,3,619.4,0.6410216606124582
09190,2021,3,619.4,0.6410216606124582
09190,2022,3,619.4,0.6410216606124582
09190,2023,3,619.4,0.6410216606124582
09271,1960,0,0,0
09271,1961,0,0,0
09271,1962,0,0,0
09271,1963,0,0,0
09271,1964,0,0,0
09271,1965,0,0,0
09271,1966,0,0,0
09271,1967,0,0,0
09271,1968,0,0,0
09271,1969,0,0,0
09271,1970,0,0,0
09271,1971,0,0,0
09271,1972,0,0,0
09271,1973,0,0,0
09271,1974,0,0,0
09271,1975,0,0,0
09271,1976,0,0,0
09271,1977,0,0,0
09271,1978,0,0,0
09271,1979,0,0,0
09271,1980,0,0,0
09271,1981,0,0,0
09271,1982,0,0,0
09271,1983,0,0,0
09271,1984,0,0,0
09271,1985,0,0,0
09271,1986,0,0,0
09271,1987,0,0,0
09271,1988,0,0,0
09271,1989,0,0,0
09271,1990,0,0,0
09271,1991,0,0,0
09271,1992,0,0,0
09271,1993,0,0,0
09271,1994,0,0,0
09271,1995,0,0,0
09271,1996,0,0,0
09271,1997,0,0,0
09271,1998,0,0,0
09271,1999,0,0,0
09271,2000,0,0,0
09271,2001,0,0,0
09271,2002,0,0,0
09271,2003,0,0,0
09271,2004,0,0,0
09271,2005,0,0,0
09271,2006,0,0,0
09271,2007,0,0,0
09271,2008,0,0,0
09271,2009,0,0,0
09271,2010,0,0,0
09271,2011,0,0,0
09271,2012,0,0,0
09271,2013,0,0,0
09271,2014,1,6.5,0.007548046217267608
09271,2015,1,6.5,0.007548046217267608
09271,2016,1,6.5,0.007548046217267608
09271,2017,1,6.5,0.007548046217267608
09271,2018,1,6.5,0.007548046217267608
09271,2019,1,6.5,0.007548046217267608
09271,2020,1,6.5,0.007548046217267608
09271,2021,1,6.5,0.007548046217267608
09271,2022,1,6.5,0.007548046217267608
09271,2023,1,6.5,0.007548046217267608
09272,1960,0,0,0
09272,1961,0,0,0
09272,1962,0,0,0
09272,1963,0,0,0
09272,1964,0,0,0
09272,1965,0,0,0
09272,1966,0,0,0
09272,1967,0,0,0
09272,1968,0,0,0
09272,1969,0,0,0
09272,1970,0,0,0
09272,1971,0,0,0
09272,1972,0,0,0
09272,1973,0,0,0
09272,1974,0,0,0
09272,1975,0,0,0
09272,1976,0,0,0
09272,1977,0,0,0
09272,1978,0,0,0
09272,1979,0,0,0
09272,1980,0,0,0
09272,1981,0,0,0
09272,1982,0,0,0
09272,1983,0,0,0
09272,1984,0,0,0
09272,1985,0,0,0
09272,1986,0,0,0
09272,1987,0,0,0
09272,1988,0,0,0
09272,1989,0,0,0
09272,1990,0,0,0
09272,1991,0,0,0
09272,1992,0,0,0
09272,1993,0,0,0
09272,1994,0,0,0
09272,1995,0,0,0
09272,1996,0,0,0
09272,1997,0,0,0
09272,1998,0,0,0
09272,1999,0,0,0
09272,2000,0,0,0
09272,2001,0,0,0
09272,2002,0,0,0
09272,2003,0,0,0
09272,2004,0,0,0
09272,2005,0,0,0
09272,2006,0,0,0
09272,2007,0,0,0
09272,2008,0,0,0
09272,2009,1,200,0.20328095460736284
09272,2010,1,200,0.20328095460736284
09272,2011,3,209,0.21242859756469415
09272,2012,5,220.2,0.22381233102270648
09272,2013,6,226.8,0.23052060252474946
09272,2014,6,226.8,0.23052060252474946
09272,2015,6,226.8,0.23052060252474946
09272,2016,6,226.8,0.23052060252474946
09272,2017,7,231.6,0.23539934543532615
09272,2018,7,231.6,0.23539934543532615
09272,2019,7,231.6,0.23539934543532615
09272,2020,7,231.6,0.23539934543532615
09272,2021,7,231.6,0.23539934543532615
09272,2022,7,231.6,0.23539934543532615
09272,2023,7,231.6,0.23539934543532615
09273,1960,0,0,0
09273,1961,0,0,0
09273,1962,0,0,0
09273,1963,0,0,0
09273,1964,0,0,0
09273,1965,0,0,0
09273,1966,0,0,0
09273,1967,0,0,0
09273,1968,0,0,0
09273,1969,0,0,0
09273,1970,0,0,0
09273,1971,0,0,0
09273,1972,0,0,0
09273,1973,0,0,0
09273,1974,0,0,0
09273,1975,0,0,0
09273,1976,0,0,0
09273,1977,0,0,0
09273,1978,0,0,0
09273,1979,0,0,0
09273,1980,0,0,0
09273,1981,0,0,0
09273,1982,0,0,0
09273,1983,0,0,0
09273,1984,0,0,0
09273,1985,0,0,0
09273,1986,0,0,0
09273,1987,0,0,0
09273,1988,0,0,0
09273,1989,0,0,0
09273,1990,0,0,0
09273,1991,0,0,0
09273,1992,0,0,0
09273,1993,0,0,0
09273,1994,0,0,0
09273,1995,1,500,0.4694350818225348
09273,1996,1,500,0.4694350818225348
09273,1997,1,500,0.4694350818225348
09273,1998,1,500,0.4694350818225348
09273,1999,2,504,0.4731905624771151
09273,2000,3,1104,1.0365126606641568
09273,2001,3,1104,1.0365126606641568
09273,2002,3,1104,1.0365126606641568
09273,2003,3,1104,1.0365126606641568
09273,2004,3,1104,1.0365126606641568
09273,2005,3,1104,1.0365126606641568
09273,2006,3,1104,1.0365126606641568
09273,2007,3,1104,1.0365126606641568
09273,2008,3,1104,1.0365126606641568
09273,2009,3,1104,1.0365126606641568
09273,2010,3,1104,1.0365126606641568
09273,2011,3,1104,1.0365126606641568
09273,2012,3,1104,1.0365126606641568
09273,2013,3,1104,1.0365126606641568
09273,2014,5,4158,3.9038221404361995
09273,2015,5,4158,3.9038221404361995
09273,2016,5,4158,3.9038221404361995
09273,2017,5,4158,3.9038221404361995
09273,2018,5,4158,3.9038221404361995
09273,2019,5,4158,3.9038221404361995
09273,2020,6,4958,4.654918271352255
09273,2021,6,4958,4.654918271352255
09273,2022,6,4958,4.654918271352255
09273,2023,6,4958,4.654918271352255
09274,1960,0,0,0
09274,1961,0,0,0
09274,1962,0,0,0
09274,1963,0,0,0
09274,1964,0,0,0
09274,1965,0,0,0
09274,1966,0,0,0
09274,1967,0,0,0
09274,1968,0,0,0
09274,1969,0,0,0
09274,1970,0,0,0
09274,1971,0,0,0
09274,1972,0,0,0
09274,1973,0,0,0
09274,1974,0,0,0
09274,1975,0,0,0
09274,1976,0,0,0
09274,1977,0,0,0
09274,1978,0,0,0
09274,1979,0,0,0
09274,1980,0,0,0
09274,1981,0,0,0
09274,1982,0,0,0
09274,1983,0,0,0
09274,1984,0,0,0
09274,1985,0,0,0
09274,1986,0,0,0
09274,1987,0,0,0
09274,1988,0,0,0
09274,1989,0,0,0
09274,1990,0,0,0
09274,1991,0,0,0
09274,1992,0,0,0
09274,1993,0,0,0
09274,1994,0,0,0
09274,1995,0,0,0
09274,1996,0,0,0
09274,1997,1,630,0.46751165068716793
09274,1998,1,630,0.46751165068716793
09274,1999,1,630,0.46751165068716793
09274,2000,1,630,0.46751165068716793
09274,2001,1,630,0.46751165068716793
09274,2002,1,630,0.46751165068716793
09274,2003,1,630,0.46751165068716793
09274,2004,1,630,0.46751165068716793
09274,2005,1,630,0.46751165068716793
09274,2006,1,630,0.46751165068716793
09274,2007,1,630,0.46751165068716793
09274,2008,1,630,0.46751165068716793
09274,2009,1,630,0.46751165068716793
09274,2010,1,630,0.46751165068716793
09274,2011,1,630,0.46751165068716793
09274,2012,1,630,0.46751165068716793
09274,2013,3,641.6,0.47611980171569357
09274,2014,5,3701.4,2.7467422600848943
09274,2015,6,7001.4000000000005,5.195612811303393
09274,2016,7,7007.4000000000005,5.2000653032147
09274,2017,8,9787.4,7.2630532221199795
09274,2018,8,9787.4,7.2630532221199795
09274,2019,10,14487.4,10.750838552643296
09274,2020,11,14497.4,10.758259372495473
09274,2021,11,14497.4,10.758259372495473
09274,2022,11,14497.4,10.758259372495473
09274,2023,11,14497.4,10.758259372495473
09275,1960,0,0,0
09275,1961,0,0,0
09275,1962,0,0,0
09275,1963,0,0,0
09275,1964,0,0,0
09275,1965,0,0,0
09275,1966,0,0,0
09275,1967,0,0,0
09275,1968,0,0,0
09275,1969,0,0,0
09275,1970,0,0,0
09275,1971,0,0,0
09275,1972,0,0,0
09275,1973,0,0,0
09275,1974,0,0,0
09275,1975,0,0,0
09275,1976,0,0,0
09275,1977,0,0,0
09275,1978,0,0,0
09275,1979,0,0,0
09275,1980,0,0,0
09275,1981,0,0,0
09275,1982,0,0,0
09275,1983,0,0,0
09275,1984,0,0,0
09275,1985,0,0,0
09275,1986,0,0,0
09275,1987,0,0,0
09275,1988,0,0,0
09275,1989,0,0,0
09275,1990,0,0,0
09275,1991,0,0,0
09275,1992,0,0,0
09275,1993,0,0,0
09275,1994,0,0,0
09275,1995,0,0,0
09275,1996,0,0,0
09275,1997,0,0,0
09275,1998,0,0,0
09275,1999,0,0,0
09275,2000,1,600,0.3921389217486782
09275,2001,1,600,0.3921389217486782
09275,2002,2,604,0.3947531812270027
09275,2003,2,604,0.3947531812270027
09275,2004,2,604,0.3947531812270027
09275,2005,2,604,0.3947531812270027
09275,2006,2,604,0.3947531812270027
09275,2007,2,604,0.3947531812270027
09275,2008,2,604,0.3947531812270027
09275,2009,2,604,0.3947531812270027
09275,2010,3,611,0.39932813531407063
09275,2011,4,616.3,0.40279202912285056
09275,2012,5,618,0.4039030894011385
09275,2013,6,618.54,0.4042560144307123
09275,2014,7,622.04,0.4065434914742463
09275,2015,7,622.04,0.4065434914742463
09275,2016,7,622.04,0.4065434914742463
09275,2017,7,622.04,0.4065434914742463
09275,2018,7,622.04,0.4065434914742463
09275,2019,8,623.54,0.407523838778618
09275,2020,8,623.54,0.407523838778618
09275,2021,8,623.54,0.407523838778618
09275,2022,8,623.54,0.407523838778618
09275,2023,8,623.54,0.407523838778618
09276,1960,0,0,0
09276,1961,0,0,0
09276,1962,0,0,0
09276,1963,0,0,0
09276,1964,0,0,0
09276,1965,0,0,0
09276,1966,0,0,0
09276,1967,0,0,0
09276,1968,0,0,0
09276,1969,0,0,0
09276,1970,0,0,0
09276,1971,0,0,0
09276,1972,0,0,0
09276,1973,0,0,0
09276,1974,0,0,0
09276,1975,0,0,0
09276,1976,0,0,0
09276,1977,0,0,0
09276,1978,0,0,0
09276,1979,0,0,0
09276,1980,0,0,0
09276,1981,0,0,0
09276,1982,0,0,0
09276,1983,0,0,0
09276,1984,0,0,0
09276,1985,0,0,0
09276,1986,0,0,0
09276,1987,0,0,0
09276,1988,0,0,0
09276,1989,1,36,0.03693141016434478
09276,1990,1,36,0.03693141016434478
09276,1991,1,36,0.03693141016434478
09276,1992,1,36,0.03693141016434478
09276,1993,1,36,0.03693141016434478
09276,1994,1,36,0.03693141016434478
09276,1995,1,36,0.03693141016434478
09276,1996,1,36,0.03693141016434478
09276,1997,1,36,0.03693141016434478
09276,1998,1,36,0.03693141016434478
09276,1999,1,36,0.03693141016434478
09276,2000,1,36,0.03693141016434478
09276,2001,1,36,0.03693141016434478
09276,2002,1,36,0.03693141016434478
09276,2003,1,36,0.03693141016434478
09276,2004,1,36,0.03693141016434478
09276,2005,1,36,0.03693141016434478
09276,2006,1,36,0.03693141016434478
09276,2007,1,36,0.03693141016434478
09276,2008,1,36,0.03693141016434478
09276,2009,1,36,0.03693141016434478
09276,2010,1,36,0.03693141016434478
09276,2011,1,36,0.03693141016434478
09276,2012,1,36,0.03693141016434478
09276,2013,1,36,0.03693141016434478
09276,2014,2,36.5,0.03744434641662734
09276,2015,2,36.5,0.03744434641662734
09276,2016,3,46.5,0.047703071462278666
09276,2017,3,46.5,0.047703071462278666
09276,2018,3,46.5,0.047703071462278666
09276,2019,3,46.5,0.047703071462278666
09276,2020,3,46.5,0.047703071462278666
09276,2021,3,46.5,0.047703071462278666
09276,2022,3,46.5,0.047703071462278666
09276,2023,3,46.5,0.047703071462278666
09277,1960,0,0,0
09277,1961,0,0,0
09277,1962,0,0,0
09277,1963,0,0,0
09277,1964,0,0,0
09277,1965,0,0,0
09277,1966,0,0,0
09277,1967,0,0,0
09277,1968,0,0,0
09277,1969,0,0,0
09277,1970,0,0,0
09277,1971,0,0,0
09277,1972,0,0,0
09277,1973,0,0,0
09277,1974,0,0,0
09277,1975,0,0,0
09277,1976,0,0,0
09277,1977,0,0,0
09277,1978,0,0,0
09277,1979,0,0,0
09277,1980,0,0,0
09277,1981,0,0,0
09277,1982,0,0,0
09277,1983,0,0,0
09277,1984,0,0,0
09277,1985,0,0,0
09277,1986,0,0,0
09277,1987,0,0,0
09277,1988,0,0,0
09277,1989,0,0,0
09277,1990,0,0,0
09277,1991,0,0,0
09277,1992,0,0,0
09277,1993,0,0,0
09277,1994,0,0,0
09277,1995,0,0,0
09277,1996,0,0,0
09277,1997,1,500,0.39025608604366185
09277,1998,2,1500,1.1707682581309855
09277,1999,2,1500,1.1707682581309855
09277,2000,4,2130,1.6624909265459995
09277,2001,4,2130,1.6624909265459995
09277,2002,4,2130,1.6624909265459995
09277,2003,4,2130,1.6624909265459995
09277,2004,4,2130,1.6624909265459995
09277,2005,4,2130,1.6624909265459995
09277,2006,4,2130,1.6624909265459995
09277,2007,4,2130,1.6624909265459995
09277,2008,4,2130,1.6624909265459995
09277,2009,4,2130,1.6624909265459995
09277,2010,4,2130,1.6624909265459995
09277,2011,4,2130,1.6624909265459995
09277,2012,5,2133,1.6648324630622615
09277,2013,6,2136,1.6671739995785233
09277,2014,7,2145.8,1.6748230188649793
09277,2015,8,2150.8,1.678725579725416
09277,2016,8,2150.8,1.678725579725416
09277,2017,8,2150.8,1.678725579725416
09277,2018,8,2150.8,1.678725579725416
09277,2019,8,2150.8,1.678725579725416
09277,2020,8,2150.8,1.678725579725416
09277,2021,8,2150.8,1.678725579725416
09277,2022,8,2150.8,1.678725579725416
09277,2023,8,2150.8,1.678725579725416
09278,1960,0,0,0
09278,1961,0,0,0
09278,1962,0,0,0
09278,1963,0,0,0
09278,1964,0,0,0
09278,1965,0,0,0
09278,1966,0,0,0
09278,1967,0,0,0
09278,1968,0,0,0
09278,1969,0,0,0
09278,1970,0,0,0
09278,1971,0,0,0
09278,1972,0,0,0
09278,1973,0,0,0
09278,1974,0,0,0
09278,1975,0,0,0
09278,1976,0,0,0
09278,1977,0,0,0
09278,1978,0,0,0
09278,1979,0,0,0
09278,1980,0,0,0
09278,1981,0,0,0
09278,1982,0,0,0
09278,1983,0,0,0
09278,1984,0,0,0
09278,1985,0,0,0
09278,1986,0,0,0
09278,1987,0,0,0
09278,1988,0,0,0
09278,1989,0,0,0
09278,1990,0,0,0
09278,1991,0,0,0
09278,1992,0,0,0
09278,1993,0,0,0
09278,1994,0,0,0
09278,1995,0,0,0
09278,1996,0,0,0
09278,1997,0,0,0
09278,1998,0,0,0
09278,1999,0,0,0
09278,2000,0,0,0
09278,2001,0,0,0
09278,2002,0,0,0
09278,2003,0,0,0
09278,2004,0,0,0
09278,2005,0,0,0
09278,2006,0,0,0
09278,2007,0,0,0
09278,2008,0,0,0
09278,2009,0,0,0
09278,2010,0,0,0
09278,2011,0,0,0
09278,2012,1,7.2,0.005991960785945524
09278,2013,1,7.2,0.005991960785945524
09278,2014,1,7.2,0.005991960785945524
09278,2015,1,7.2,0.005991960785945524
09278,2016,1,7.2,0.005991960785945524
09278,2017,1,7.2,0.005991960785945524
09278,2018,3,7207.2,5.997952746731469
09278,2019,3,7207.2,5.997952746731469
09278,2020,3,7207.2,5.997952746731469
09278,2021,3,7207.2,5.997952746731469
09278,2022,4,11407.2,9.493263205199693
09278,2023,4,11407.2,9.493263205199693
09279,1960,0,0,0
09279,1961,0,0,0
09279,1962,0,0,0
09279,1963,0,0,0
09279,1964,0,0,0
09279,1965,0,0,0
09279,1966,0,0,0
09279,1967,0,0,0
09279,1968,0,0,0
09279,1969,0,0,0
09279,1970,0,0,0
09279,1971,0,0,0
09279,1972,0,0,0
09279,1973,0,0,0
09279,1974,0,0,0
09279,1975,0,0,0
09279,1976,0,0,0
09279,1977,0,0,0
09279,1978,0,0,0
09279,1979,0,0,0
09279,1980,0,0,0
09279,1981,0,0,0
09279,1982,0,0,0
09279,1983,0,0,0
09279,1984,0,0,0
09279,1985,0,0,0
09279,1986,0,0,0
09279,1987,0,0,0
09279,1988,0,0,0
09279,1989,0,0,0
09279,1990,0,0,0
09279,1991,0,0,0
09279,1992,0,0,0
09279,1993,0,0,0
09279,1994,0,0,0
09279,1995,0,0,0
09279,1996,0,0,0
09279,1997,0,0,0
09279,1998,0,0,0
09279,1999,2,1500,1.7092458807174273
09279,2000,2,1500,1.7092458807174273
09279,2001,2,1500,1.7092458807174273
09279,2002,2,1500,1.7092458807174273
09279,2003,2,1500,1.7092458807174273
09279,2004,2,1500,1.7092458807174273
09279,2005,2,1500,1.7092458807174273
09279,2006,2,1500,1.7092458807174273
09279,2007,2,1500,1.7092458807174273
09279,2008,2,1500,1.7092458807174273
09279,2009,2,1500,1.7092458807174273
09279,2010,2,1500,1.7092458807174273
09279,2011,2,1500,1.7092458807174273
09279,2012,4,1513.5,1.7246290936438842
09279,2013,5,1520,1.7320358257936597
09279,2014,5,1520,1.7320358257936597
09279,2015,5,1520,1.7320358257936597
09279,2016,5,1520,1.7320358257936597
09279,2017,5,1520,1.7320358257936597
09279,2018,5,1520,1.7320358257936597
09279,2019,5,1520,1.7320358257936597
09279,2020,5,1520,1.7320358257936597
09279,2021,5,1520,1.7320358257936597
09279,2022,5,1520,1.7320358257936597
09279,2023,5,1520,1.7320358257936597
09362,1960,0,0,0
09362,1961,0,0,0
09362,1962,0,0,0
09362,1963,0,0,0
09362,1964,0,0,0
09362,1965,0,0,0
09362,1966,0,0,0
09362,1967,0,0,0
09362,1968,0,0,0
09362,1969,0,0,0
09362,1970,0,0,0
09362,1971,0,0,0
09362,1972,0,0,0
09362,1973,0,0,0
09362,1974,0,0,0
09362,1975,0,0,0
09362,1976,0,0,0
09362,1977,0,0,0
09362,1978,0,0,0
09362,1979,0,0,0
09362,1980,0,0,0
09362,1981,0,0,0
09362,1982,0,0,0
09362,1983,0,0,0
09362,1984,0,0,0
09362,1985,0,0,0
09362,1986,0,0,0
09362,1987,0,0,0
09362,1988,0,0,0
09362,1989,0,0,0
09362,1990,0,0,0
09362,1991,0,0,0
09362,1992,0,0,0
09362,1993,0,0,0
09362,1994,0,0,0
09362,1995,0,0,0
09362,1996,0,0,0
09362,1997,0,0,0
09362,1998,1,500,6.183527083848627
09362,1999,1,500,6.183527083848627
09362,2000,1,500,6.183527083848627
09362,2001,1,500,6.183527083848627
09362,2002,1,500,6.183527083848627
09362,2003,1,500,6.183527083848627
09362,2004,1,500,6.183527083848627
09362,2005,1,500,6.183527083848627
09362,2006,1,500,6.183527083848627
09362,2007,1,500,6.183527083848627
09362,2008,1,500,6.183527083848627
09362,2009,1,500,6.183527083848627
09362,2010,1,500,6.183527083848627
09362,2011,1,500,6.183527083848627
09362,2012,1,500,6.183527083848627
09362,2013,1,500,6.183527083848627
09362,2014,1,500,6.183527083848627
09362,2015,1,500,6.183527083848627
09362,2016,1,500,6.183527083848627
09362,2017,1,500,6.183527083848627
09362,2018,1,500,6.183527083848627
09362,2019,1,500,6.183527083848627
09362,2020,1,500,6.183527083848627
09362,2021,1,500,6.183527083848627
09362,2022,1,500,6.183527083848627
09362,2023,1,500,6.183527083848627
09371,1960,0,0,0
09371,1961,0,0,0
09371,1962,0,0,0
09371,1963,0,0,0
09371,1964,0,0,0
09371,1965,0,0,0
09371,1966,0,0,0
09371,1967,0,0,0
09371,1968,0,0,0
09371,1969,0,0,0
09371,1970,0,0,0
09371,1971,0,0,0
09371,1972,0,0,0
09371,1973,0,0,0
09371,1974,0,0,0
09371,1975,0,0,0
09371,1976,0,0,0
09371,1977,0,0,0
09371,1978,0,0,0
09371,1979,0,0,0
09371,1980,0,0,0
09371,1981,0,0,0
09371,1982,0,0,0
09371,1983,0,0,0
09371,1984,0,0,0
09371,1985,0,0,0
09371,1986,0,0,0
09371,1987,0,0,0
09371,1988,0,0,0
09371,1989,0,0,0
09371,1990,0,0,0
09371,1991,0,0,0
09371,1992,0,0,0
09371,1993,0,0,0
09371,1994,0,0,0
09371,1995,0,0,0
09371,1996,0,0,0
09371,1997,0,0,0
09371,1998,0,0,0
09371,1999,0,0,0
09371,2000,0,0,0
09371,2001,0,0,0
09371,2002,0,0,0
09371,2003,0,0,0
09371,2004,0,0,0
09371,2005,0,0,0
09371,2006,0,0,0
09371,2007,0,0,0
09371,2008,0,0,0
09371,2009,0,0,0
09371,2010,0,0,0
09371,2011,4,6906.5,5.4995938908442294
09371,2012,7,12284.3,9.781895494577249
09371,2013,19,43774.3,34.85714513226418
09371,2014,26,62599.3,49.84735073497795
09371,2015,26,62599.3,49.84735073497795
09371,2016,27,66049.3,52.594559729897604
09371,2017,28,66049.9,52.595037505374975
09371,2018,28,66049.9,52.595037505374975
09371,2019,28,66049.9,52.595037505374975
09371,2020,28,66049.9,52.595037505374975
09371,2021,28,66049.9,52.595037505374975
09371,2022,28,66049.9,52.595037505374975
09371,2023,28,66049.9,52.595037505374975
09372,1960,0,0,0
09372,1961,0,0,0
09372,1962,0,0,0
09372,1963,0,0,0
09372,1964,0,0,0
09372,1965,0,0,0
09372,1966,0,0,0
09372,1967,0,0,0
09372,1968,0,0,0
09372,1969,0,0,0
09372,1970,0,0,0
09372,1971,0,0,0
09372,1972,0,0,0
09372,1973,0,0,0
09372,1974,0,0,0
09372,1975,0,0,0
09372,1976,0,0,0
09372,1977,0,0,0
09372,1978,0,0,0
09372,1979,0,0,0
09372,1980,0,0,0
09372,1981,0,0,0
09372,1982,0,0,0
09372,1983,0,0,0
09372,1984,0,0,0
09372,1985,0,0,0
09372,1986,0,0,0
09372,1987,0,0,0
09372,1988,0,0,0
09372,1989,0,0,0
09372,1990,0,0,0
09372,1991,0,0,0
09372,1992,0,0,0
09372,1993,0,0,0
09372,1994,0,0,0
09372,1995,0,0,0
09372,1996,0,0,0
09372,1997,0,0,0
09372,1998,0,0,0
09372,1999,0,0,0
09372,2000,0,0,0
09372,2001,0,0,0
09372,2002,1,750,0.4912138221020022
09372,2003,1,750,0.4912138221020022
09372,2004,1,750,0.4912138221020022
09372,2005,1,750,0.4912138221020022
09372,2006,1,750,0.4912138221020022
09372,2007,1,750,0.4912138221020022
09372,2008,1,750,0.4912138221020022
09372,2009,2,762.5,0.4994007191370356
09372,2010,2,762.5,0.4994007191370356
09372,2011,6,779.6,0.5106003942809613
09372,2012,7,785.1,0.5142026289763759
09372,2013,7,785.1,0.5142026289763759
09372,2014,8,795.1,0.5207521466044026
09372,2015,8,795.1,0.5207521466044026
09372,2016,8,795.1,0.5207521466044026
09372,2017,8,795.1,0.5207521466044026
09372,2018,8,795.1,0.5207521466044026
09372,2019,9,796.1,0.5214070983672053
09372,2020,9,796.1,0.5214070983672053
09372,2021,9,796.1,0.5214070983672053
09372,2022,9,796.1,0.5214070983672053
09372,2023,9,796.1,0.5214070983672053
09373,1960,0,0,0
09373,1961,0,0,0
09373,1962,0,0,0
09373,1963,0,0,0
09373,1964,0,0,0
09373,1965,0,0,0
09373,1966,0,0,0
09373,1967,0,0,0
09373,1968,0,0,0
09373,1969,0,0,0
09373,1970,0,0,0
09373,1971,0,0,0
09373,1972,0,0,0
09373,1973,0,0,0
09373,1974,0,0,0
09373,1975,0,0,0
09373,1976,0,0,0
09373,1977,0,0,0
09373,1978,0,0,0
09373,1979,0,0,0
09373,1980,0,0,0
09373,1981,0,0,0
09373,1982,0,0,0
09373,1983,0,0,0
09373,1984,0,0,0
09373,1985,0,0,0
09373,1986,0,0,0
09373,1987,0,0,0
09373,1988,0,0,0
09373,1989,0,0,0
09373,1990,0,0,0
09373,1991,0,0,0
09373,1992,0,0,0
09373,1993,0,0,0
09373,1994,0,0,0
09373,1995,0,0,0
09373,1996,0,0,0
09373,1997,0,0,0
09373,1998,2,1000,0.7440808369421253
09373,1999,4,2000,1.4881616738842507
09373,2000,4,2000,1.4881616738842507
09373,2001,7,4200,3.1251395151569263
09373,2002,7,4200,3.1251395151569263
09373,2003,9,5400,4.0180365194874765
09373,2004,11,8000,5.952646695537003
09373,2005,11,8000,5.952646695537003
09373,2006,11,8000,5.952646695537003
09373,2007,12,10000,7.440808369421253
09373,2008,12,10000,7.440808369421253
09373,2009,13,12000,8.928970043305505
09373,2010,15,17370,12.924684137684718
09373,2011,22,32870,24.45793711028766
09373,2012,32,64285,47.83323660282453
09373,2013,42,94230,70.11473726505648
09373,2014,54,125901.5,93.68089349226899
09373,2015,62,146841.5,109.2619462178371
09373,2016,65,153141.5,113.9496554905725
09373,2017,67,159969.5,119.03023944521333
09373,2018,67,159969.5,119.03023944521333
09373,2019,67,159969.5,119.03023944521333
09373,2020,67,159969.5,119.03023944521333
09373,2021,67,159969.5,119.03023944521333
09373,2022,67,159969.5,119.03023944521333
09373,2023,67,159969.5,119.03023944521333
09374,1960,0,0,0
09374,1961,0,0,0
09374,1962,0,0,0
09374,1963,0,0,0
09374,1964,0,0,0
09374,1965,0,0,0
09374,1966,0,0,0
09374,1967,0,0,0
09374,1968,0,0,0
09374,1969,0,0,0
09374,1970,0,0,0
09374,1971,0,0,0
09374,1972,0,0,0
09374,1973,0,0,0
09374,1974,0,0,0
09374,1975,0,0,0
09374,1976,0,0,0
09374,1977,0,0,0
09374,1978,0,0,0
09374,1979,0,0,0
09374,1980,0,0,0
09374,1981,0,0,0
09374,1982,0,0,0
09374,1983,0,0,0
09374,1984,0,0,0
09374,1985,0,0,0
09374,1986,0,0,0
09374,1987,0,0,0
09374,1988,0,0,0
09374,1989,0,0,0
09374,1990,0,0,0
09374,1991,0,0,0
09374,1992,1,80,0.05610845764863481
09374,1993,1,80,0.05610845764863481
09374,1994,2,580,0.4067863179526024
09374,1995,3,1080,0.75746417825657
09374,1996,3,1080,0.75746417825657
09374,1997,3,1080,0.75746417825657
09374,1998,3,1080,0.75746417825657
09374,1999,3,1080,0.75746417825657
09374,2000,5,3680,2.5809890518372014
09374,2001,5,3680,2.5809890518372014
09374,2002,5,3680,2.5809890518372014
09374,2003,5,3680,2.5809890518372014
09374,2004,5,3680,2.5809890518372014
09374,2005,5,3680,2.5809890518372014
09374,2006,5,3680,2.5809890518372014
09374,2007,5,3680,2.5809890518372014
09374,2008,5,3680,2.5809890518372014
09374,2009,5,3680,2.5809890518372014
09374,2010,5,3680,2.5809890518372014
09374,2011,5,3680,2.5809890518372014
09374,2012,5,3680,2.5809890518372014
09374,2013,7,8410,5.898401610312734
09374,2014,7,8410,5.898401610312734
09374,2015,7,8410,5.898401610312734
09374,2016,8,10810,7.581655339771779
09374,2017,8,10810,7.581655339771779
09374,2018,8,10810,7.581655339771779
09374,2019,8,10810,7.581655339771779
09374,2020,8,10810,7.581655339771779
09374,2021,8,10810,7.581655339771779
09374,2022,8,10810,7.581655339771779
09374,2023,8,10810,7.581655339771779
09375,1960,0,0,0
09375,1961,0,0,0
09375,1962,0,0,0
09375,1963,0,0,0
09375,1964,0,0,0
09375,1965,0,0,0
09375,1966,0,0,0
09375,1967,0,0,0
09375,1968,0,0,0
09375,1969,0,0,0
09375,1970,0,0,0
09375,1971,0,0,0
09375,1972,0,0,0
09375,1973,0,0,0
09375,1974,0,0,0
09375,1975,0,0,0
09375,1976,0,0,0
09375,1977,0,0,0
09375,1978,0,0,0
09375,1979,0,0,0
09375,1980,0,0,0
09375,1981,0,0,0
09375,1982,0,0,0
09375,1983,0,0,0
09375,1984,0,0,0
09375,1985,0,0,0
09375,1986,0,0,0
09375,1987,0,0,0
09375,1988,0,0,0
09375,1989,0,0,0
09375,1990,0,0,0
09375,1991,0,0,0
09375,1992,0,0,0
09375,1993,0,0,0
09375,1994,0,0,0
09375,1995,0,0,0
09375,1996,0,0,0
09375,1997,0,0,0
09375,1998,0,0,0
09375,1999,0,0,0
09375,2000,0,0,0
09375,2001,0,0,0
09375,2002,0,0,0
09375,2003,0,0,0
09375,2004,0,0,0
09375,2005,0,0,0
09375,2006,1,800,0.5748447919061853
09375,2007,2,801.5,0.5759226258910094
09375,2008,2,801.5,0.5759226258910094
09375,2009,2,801.5,0.5759226258910094
09375,2010,3,805.3,0.5786531386525637
09375,2011,5,6805.3,4.889989077948954
09375,2012,6,9805.3,7.045657047597148
09375,2013,9,15906.3,11.429567141871694
09375,2014,9,15906.3,11.429567141871694
09375,2015,11,20506.3,14.734924695332259
09375,2016,14,29656.3,21.309712002759255
09375,2017,14,29656.3,21.309712002759255
09375,2018,14,29656.3,21.309712002759255
09375,2019,14,29656.3,21.309712002759255
09375,2020,14,29656.3,21.309712002759255
09375,2021,14,29656.3,21.309712002759255
09375,2022,14,29656.3,21.309712002759255
09375,2023,14,29656.3,21.309712002759255
09376,1960,0,0,0
09376,1961,0,0,0
09376,1962,0,0,0
09376,1963,0,0,0
09376,1964,0,0,0
09376,1965,0,0,0
09376,1966,0,0,0
09376,1967,0,0,0
09376,1968,0,0,0
09376,1969,0,0,0
09376,1970,0,0,0
09376,1971,0,0,0
09376,1972,0,0,0
09376,1973,0,0,0
09376,1974,0,0,0
09376,1975,0,0,0
09376,1976,0,0,0
09376,1977,0,0,0
09376,1978,0,0,0
09376,1979,0,0,0
09376,1980,0,0,0
09376,1981,0,0,0
09376,1982,0,0,0
09376,1983,0,0,0
09376,1984,0,0,0
09376,1985,0,0,0
09376,1986,0,0,0
09376,1987,0,0,0
09376,1988,0,0,0
09376,1989,0,0,0
09376,1990,0,0,0
09376,1991,0,0,0
09376,1992,0,0,0
09376,1993,0,0,0
09376,1994,0,0,0
09376,1995,0,0,0
09376,1996,0,0,0
09376,1997,0,0,0
09376,1998,0,0,0
09376,1999,0,0,0
09376,2000,0,0,0
09376,2001,0,0,0
09376,2002,0,0,0
09376,2003,0,0,0
09376,2004,0,0,0
09376,2005,0,0,0
09376,2006,0,0,0
09376,2007,0,0,0
09376,2008,0,0,0
09376,2009,0,0,0
09376,2010,0,0,0
09376,2011,0,0,0
09376,2012,0,0,0
09376,2013,1,1.55,0.001062844996057188
09376,2014,1,1.55,0.001062844996057188
09376,2015,4,7201.55,4.938149278293963
09376,2016,9,19201.55,13.166626667123804
09376,2017,9,19201.55,13.166626667123804
09376,2018,9,19201.55,13.166626667123804
09376,2019,12,30001.55,20.572256317070664
09376,2020,12,30001.55,20.572256317070664
09376,2021,12,30001.55,20.572256317070664
09376,2022,12,30001.55,20.572256317070664
09376,2023,12,30001.55,20.572256317070664
09377,1960,0,0,0
09377,1961,0,0,0
09377,1962,0,0,0
09377,1963,0,0,0
09377,1964,0,0,0
09377,1965,0,0,0
09377,1966,0,0,0
09377,1967,0,0,0
09377,1968,0,0,0
09377,1969,0,0,0
09377,1970,0,0,0
09377,1971,0,0,0
09377,1972,0,0,0
09377,1973,0,0,0
09377,1974,0,0,0
09377,1975,0,0,0
09377,1976,0,0,0
09377,1977,0,0,0
09377,1978,0,0,0
09377,1979,0,0,0
09377,1980,0,0,0
09377,1981,0,0,0
09377,1982,0,0,0
09377,1983,0,0,0
09377,1984,0,0,0
09377,1985,0,0,0
09377,1986,0,0,0
09377,1987,0,0,0
09377,1988,0,0,0
09377,1989,0,0,0
09377,1990,1,150,0.1383457537076662
09377,1991,1,150,0.1383457537076662
09377,1992,1,150,0.1383457537076662
09377,1993,1,150,0.1383457537076662
09377,1994,2,230,0.21213015568508817
09377,1995,2,230,0.21213015568508817
09377,1996,2,230,0.21213015568508817
09377,1997,2,230,0.21213015568508817
09377,1998,2,230,0.21213015568508817
09377,1999,2,230,0.21213015568508817
09377,2000,2,230,0.21213015568508817
09377,2001,2,230,0.21213015568508817
09377,2002,2,230,0.21213015568508817
09377,2003,5,1910,1.7616025972109497
09377,2004,5,1910,1.7616025972109497
09377,2005,5,1910,1.7616025972109497
09377,2006,5,1910,1.7616025972109497
09377,2007,5,1910,1.7616025972109497
09377,2008,5,1910,1.7616025972109497
09377,2009,5,1910,1.7616025972109497
09377,2010,5,1910,1.7616025972109497
09377,2011,5,1910,1.7616025972109497
09377,2012,5,1910,1.7616025972109497
09377,2013,5,1910,1.7616025972109497
09377,2014,8,9110,8.402198775178928
09377,2015,13,21110,19.46985907179222
09377,2016,13,21110,19.46985907179222
09377,2017,16,28760,26.5254925108832
09377,2018,17,31810,29.33852283627241
09377,2019,17,31810,29.33852283627241
09377,2020,17,31810,29.33852283627241
09377,2021,17,31810,29.33852283627241
09377,2022,18,31810.6,29.33907621928724
09377,2023,18,31810.6,29.33907621928724
09471,1960,0,0,0
09471,1961,0,0,0
09471,1962,0,0,0
09471,1963,0,0,0
09471,1964,0,0,0
09471,1965,0,0,0
09471,1966,0,0,0
09471,1967,0,0,0
09471,1968,0,0,0
09471,1969,0,0,0
09471,1970,0,0,0
09471,1971,0,0,0
09471,1972,0,0,0
09471,1973,0,0,0
09471,1974,0,0,0
09471,1975,0,0,0
09471,1976,0,0,0
09471,1977,0,0,0
09471,1978,0,0,0
09471,1979,0,0,0
09471,1980,0,0,0
09471,1981,0,0,0
09471,1982,0,0,0
09471,1983,0,0,0
09471,1984,0,0,0
09471,1985,0,0,0
09471,1986,0,0,0
09471,1987,0,0,0
09471,1988,0,0,0
09471,1989,0,0,0
09471,1990,0,0,0
09471,1991,0,0,0
09471,1992,0,0,0
09471,1993,0,0,0
09471,1994,0,0,0
09471,1995,0,0,0
09471,1996,0,0,0
09471,1997,0,0,0
09471,1998,1,1100,0.9419501793986933
09471,1999,1,1100,0.9419501793986933
09471,2000,1,1100,0.9419501793986933
09471,2001,1,1100,0.9419501793986933
09471,2002,1,1100,0.9419501793986933
09471,2003,1,1100,0.9419501793986933
09471,2004,1,1100,0.9419501793986933
09471,2005,6,8600,7.364337766207965
09471,2006,6,8600,7.364337766207965
09471,2007,8,11600,9.933292800931675
09471,2008,8,11600,9.933292800931675
09471,2009,8,11600,9.933292800931675
09471,2010,8,11600,9.933292800931675
09471,2011,12,22175,18.98885929833275
09471,2012,14,28325,24.255217119516352
09471,2013,14,28325,24.255217119516352
09471,2014,15,31295,26.798482603892825
09471,2015,15,31295,26.798482603892825
09471,2016,20,44435,38.05050565598267
09471,2017,35,84675,72.50875585507669
09471,2018,35,84675,72.50875585507669
09471,2019,35,84675,72.50875585507669
09471,2020,35,84675,72.50875585507669
09471,2021,35,84675,72.50875585507669
09471,2022,35,84675,72.50875585507669
09471,2023,35,84675,72.50875585507669
09472,1960,0,0,0
09472,1961,0,0,0
09472,1962,0,0,0
09472,1963,0,0,0
09472,1964,0,0,0
09472,1965,0,0,0
09472,1966,0,0,0
09472,1967,0,0,0
09472,1968,0,0,0
09472,1969,0,0,0
09472,1970,0,0,0
09472,1971,0,0,0
09472,1972,0,0,0
09472,1973,0,0,0
09472,1974,0,0,0
09472,1975,0,0,0
09472,1976,0,0,0
09472,1977,0,0,0
09472,1978,0,0,0
09472,1979,0,0,0
09472,1980,0,0,0
09472,1981,0,0,0
09472,1982,0,0,0
09472,1983,0,0,0
09472,1984,0,0,0
09472,1985,0,0,0
09472,1986,0,0,0
09472,1987,0,0,0
09472,1988,0,0,0
09472,1989,0,0,0
09472,1990,0,0,0
09472,1991,0,0,0
09472,1992,0,0,0
09472,1993,0,0,0
09472,1994,0,0,0
09472,1995,0,0,0
09472,1996,0,0,0
09472,1997,0,0,0
09472,1998,0,0,0
09472,1999,0,0,0
09472,2000,0,0,0
09472,2001,4,2600,2.038384345208229
09472,2002,4,2600,2.038384345208229
09472,2003,6,6600,5.174360260913196
09472,2004,9,11100,8.702333166081285
09472,2005,9,11100,8.702333166081285
09472,2006,9,11100,8.702333166081285
09472,2007,11,15100,11.838309081786251
09472,2008,11,15100,11.838309081786251
09472,2009,11,15100,11.838309081786251
09472,2010,11,15100,11.838309081786251
09472,2011,11,15100,11.838309081786251
09472,2012,13,21100,16.5422729553437
09472,2013,15,27100,21.246236828901154
09472,2014,21,45450,35.63252634219769
09472,2015,28,64700,50.72441043652785
09472,2016,37,90200,70.71625689914701
09472,2017,51,125900,98.70484194681384
09472,2018,51,125900,98.70484194681384
09472,2019,51,125900,98.70484194681384
09472,2020,51,125900,98.70484194681384
09472,2021,51,125900,98.70484194681384
09472,2022,51,125900,98.70484194681384
09472,2023,51,125900,98.70484194681384
09473,1960,0,0,0
09473,1961,0,0,0
09473,1962,0,0,0
09473,1963,0,0,0
09473,1964,0,0,0
09473,1965,0,0,0
09473,1966,0,0,0
09473,1967,0,0,0
09473,1968,0,0,0
09473,1969,0,0,0
09473,1970,0,0,0
09473,1971,0,0,0
09473,1972,0,0,0
09473,1973,0,0,0
09473,1974,0,0,0
09473,1975,0,0,0
09473,1976,0,0,0
09473,1977,0,0,0
09473,1978,0,0,0
09473,1979,0,0,0
09473,1980,0,0,0
09473,1981,0,0,0
09473,1982,0,0,0
09473,1983,0,0,0
09473,1984,0,0,0
09473,1985,0,0,0
09473,1986,0,0,0
09473,1987,0,0,0
09473,1988,0,0,0
09473,1989,0,0,0
09473,1990,0,0,0
09473,1991,0,0,0
09473,1992,0,0,0
09473,1993,0,0,0
09473,1994,0,0,0
09473,1995,0,0,0
09473,1996,0,0,0
09473,1997,0,0,0
09473,1998,0,0,0
09473,1999,0,0,0
09473,2000,0,0,0
09473,2001,0,0,0
09473,2002,3,3000,5.081214749072679
09473,2003,3,3000,5.081214749072679
09473,2004,3,3000,5.081214749072679
09473,2005,3,3000,5.081214749072679
09473,2006,3,3000,5.081214749072679
09473,2007,3,3000,5.081214749072679
09473,2008,3,3000,5.081214749072679
09473,2009,3,3000,5.081214749072679
09473,2010,3,3000,5.081214749072679
09473,2011,3,3000,5.081214749072679
09473,2012,3,3000,5.081214749072679
09473,2013,4,3003.7,5.087481580596535
09473,2014,4,3003.7,5.087481580596535
09473,2015,4,3003.7,5.087481580596535
09473,2016,9,16753.7,28.376382513846313
09473,2017,13,26353.7,44.636269710878885
09473,2018,13,26353.7,44.636269710878885
09473,2019,13,26353.7,44.636269710878885
09473,2020,13,26353.7,44.636269710878885
09473,2021,13,26353.7,44.636269710878885
09473,2022,13,26353.7,44.636269710878885
09473,2023,13,26353.7,44.636269710878885
09474,1960,0,0,0
09474,1961,0,0,0
09474,1962,0,0,0
09474,1963,0,0,0
09474,1964,0,0,0
09474,1965,0,0,0
09474,1966,0,0,0
09474,1967,0,0,0
09474,1968,0,0,0
09474,1969,0,0,0
09474,1970,0,0,0
09474,1971,0,0,0
09474,1972,0,0,0
09474,1973,0,0,0
09474,1974,0,0,0
09474,1975,0,0,0
09474,1976,0,0,0
09474,1977,0,0,0
09474,1978,0,0,0
09474,1979,0,0,0
09474,1980,0,0,0
09474,1981,0,0,0
09474,1982,0,0,0
09474,1983,0,0,0
09474,1984,0,0,0
09474,1985,0,0,0
09474,1986,0,0,0
09474,1987,0,0,0
09474,1988,0,0,0
09474,1989,0,0,0
09474,1990,0,0,0
09474,1991,0,0,0
09474,1992,0,0,0
09474,1993,0,0,0
09474,1994,0,0,0
09474,1995,0,0,0
09474,1996,0,0,0
09474,1997,0,0,0
09474,1998,0,0,0
09474,1999,0,0,0
09474,2000,1,1500,2.3335044569935133
09474,2001,1,1500,2.3335044569935133
09474,2002,1,1500,2.3335044569935133
09474,2003,1,1500,2.3335044569935133
09474,2004,1,1500,2.3335044569935133
09474,2005,1,1500,2.3335044569935133
09474,2006,1,1500,2.3335044569935133
09474,2007,1,1500,2.3335044569935133
09474,2008,1,1500,2.3335044569935133
09474,2009,1,1500,2.3335044569935133
09474,2010,1,1500,2.3335044569935133
09474,2011,1,1500,2.3335044569935133
09474,2012,1,1500,2.3335044569935133
09474,2013,1,1500,2.3335044569935133
09474,2014,1,1500,2.3335044569935133
09474,2015,1,1500,2.3335044569935133
09474,2016,1,1500,2.3335044569935133
09474,2017,1,1500,2.3335044569935133
09474,2018,1,1500,2.3335044569935133
09474,2019,1,1500,2.3335044569935133
09474,2020,1,1500,2.3335044569935133
09474,2021,1,1500,2.3335044569935133
09474,2022,1,1500,2.3335044569935133
09474,2023,1,1500,2.3335044569935133
09475,1960,0,0,0
09475,1961,0,0,0
09475,1962,0,0,0
09475,1963,0,0,0
09475,1964,0,0,0
09475,1965,0,0,0
09475,1966,0,0,0
09475,1967,0,0,0
09475,1968,0,0,0
09475,1969,0,0,0
09475,1970,0,0,0
09475,1971,0,0,0
09475,1972,0,0,0
09475,1973,0,0,0
09475,1974,0,0,0
09475,1975,0,0,0
09475,1976,0,0,0
09475,1977,0,0,0
09475,1978,0,0,0
09475,1979,0,0,0
09475,1980,0,0,0
09475,1981,0,0,0
09475,1982,0,0,0
09475,1983,0,0,0
09475,1984,0,0,0
09475,1985,0,0,0
09475,1986,0,0,0
09475,1987,0,0,0
09475,1988,0,0,0
09475,1989,0,0,0
09475,1990,0,0,0
09475,1991,0,0,0
09475,1992,0,0,0
09475,1993,0,0,0
09475,1994,0,0,0
09475,1995,0,0,0
09475,1996,1,500,0.5601989826786474
09475,1997,2,1100,1.2324377618930245
09475,1998,2,1100,1.2324377618930245
09475,1999,2,1100,1.2324377618930245
09475,2000,2,1100,1.2324377618930245
09475,2001,4,4100,4.5936316579649095
09475,2002,9,11600,12.99661639814462
09475,2003,13,17600,19.71900419028839
09475,2004,17,23600,26.44139198243216
09475,2005,18,25400,28.458108320075294
09475,2006,18,25400,28.458108320075294
09475,2007,22,32200,36.0768144845049
09475,2008,23,34200,38.31761041521949
09475,2009,23,34200,38.31761041521949
09475,2010,28,44200,49.521590068792435
09475,2011,43,75906.5,85.0454881573935
09475,2012,60,111186.1,124.57268021601274
09475,2013,73,141037.7,158.01835211867257
09475,2014,98,206237.7,231.06829945996822
09475,2015,112,240287.7,269.2178501803841
09475,2016,112,240287.7,269.2178501803841
09475,2017,115,248637.7,278.5731731911175
09475,2018,115,248637.7,278.5731731911175
09475,2019,116,248667.5,278.60656105048514
09475,2020,116,248667.5,278.60656105048514
09475,2021,116,248667.5,278.60656105048514
09475,2022,116,248667.5,278.60656105048514
09475,2023,117,251667.5,281.967754946557
09476,1960,0,0,0
09476,1961,0,0,0
09476,1962,0,0,0
09476,1963,0,0,0
09476,1964,0,0,0
09476,1965,0,0,0
09476,1966,0,0,0
09476,1967,0,0,0
09476,1968,0,0,0
09476,1969,0,0,0
09476,1970,0,0,0
09476,1971,0,0,0
09476,1972,0,0,0
09476,1973,0,0,0
09476,1974,0,0,0
09476,1975,0,0,0
09476,1976,0,0,0
09476,1977,0,0,0
09476,1978,0,0,0
09476,1979,0,0,0
09476,1980,0,0,0
09476,1981,0,0,0
09476,1982,0,0,0
09476,1983,0,0,0
09476,1984,0,0,0
09476,1985,0,0,0
09476,1986,0,0,0
09476,1987,0,0,0
09476,1988,0,0,0
09476,1989,0,0,0
09476,1990,0,0,0
09476,1991,0,0,0
09476,1992,0,0,0
09476,1993,0,0,0
09476,1994,0,0,0
09476,1995,0,0,0
09476,1996,0,0,0
09476,1997,1,1500,2.3023791250959325
09476,1998,1,1500,2.3023791250959325
09476,1999,1,1500,2.3023791250959325
09476,2000,1,1500,2.3023791250959325
09476,2001,5,3900,5.986185725249425
09476,2002,6,4500,6.907137375287798
09476,2003,6,4500,6.907137375287798
09476,2004,6,4500,6.907137375287798
09476,2005,6,4500,6.907137375287798
09476,2006,6,4500,6.907137375287798
09476,2007,6,4500,6.907137375287798
09476,2008,6,4500,6.907137375287798
09476,2009,6,4500,6.907137375287798
09476,2010,6,4500,6.907137375287798
09476,2011,6,4500,6.907137375287798
09476,2012,6,4500,6.907137375287798
09476,2013,7,4501,6.908672294704528
09476,2014,7,4501,6.908672294704528
09476,2015,7,4501,6.908672294704528
09476,2016,12,18401,28.24405218726017
09476,2017,12,18401,28.24405218726017
09476,2018,12,18401,28.24405218726017
09476,2019,13,18402,28.2455871066769
09476,2020,13,18402,28.2455871066769
09476,2021,16,27402,42.05986185725249
09476,2022,16,27402,42.05986185725249
09476,2023,17,27409.5,42.071373752877975
09477,1960,0,0,0
09477,1961,0,0,0
09477,1962,0,0,0
09477,1963,0,0,0
09477,1964,0,0,0
09477,1965,0,0,0
09477,1966,0,0,0
09477,1967,0,0,0
09477,1968,0,0,0
09477,1969,0,0,0
09477,1970,0,0,0
09477,1971,0,0,0
09477,1972,0,0,0
09477,1973,0,0,0
09477,1974,0,0,0
09477,1975,0,0,0
09477,1976,0,0,0
09477,1977,0,0,0
09477,1978,0,0,0
09477,1979,0,0,0
09477,1980,0,0,0
09477,1981,0,0,0
09477,1982,0,0,0
09477,1983,0,0,0
09477,1984,0,0,0
09477,1985,0,0,0
09477,1986,0,0,0
09477,1987,0,0,0
09477,1988,0,0,0
09477,1989,0,0,0
09477,1990,0,0,0
09477,1991,0,0,0
09477,1992,0,0,0
09477,1993,0,0,0
09477,1994,0,0,0
09477,1995,0,0,0
09477,1996,0,0,0
09477,1997,0,0,0
09477,1998,0,0,0
09477,1999,1,1500,2.278561771809634
09477,2000,1,1500,2.278561771809634
09477,2001,1,1500,2.278561771809634
09477,2002,2,3300,5.012835897981195
09477,2003,2,3300,5.012835897981195
09477,2004,2,3300,5.012835897981195
09477,2005,2,3300,5.012835897981195
09477,2006,2,3300,5.012835897981195
09477,2007,2,3300,5.012835897981195
09477,2008,2,3300,5.012835897981195
09477,2009,2,3300,5.012835897981195
09477,2010,2,3300,5.012835897981195
09477,2011,3,4100,6.228068842946333
09477,2012,5,8700,13.215658276495876
09477,2013,6,8700.7,13.216721605322723
09477,2014,10,18700.7,28.407133417386948
09477,2015,17,33104.38,50.28691649830627
09477,2016,21,42704.38,64.86971183788792
09477,2017,30,64304.38,97.68100135194666
09477,2018,30,64304.38,97.68100135194666
09477,2019,30,64304.38,97.68100135194666
09477,2020,30,64304.38,97.68100135194666
09477,2021,31,67304.38,102.23812489556593
09477,2022,31,67304.38,102.23812489556593
09477,2023,31,67304.38,102.23812489556593
09478,1960,0,0,0
09478,1961,0,0,0
09478,1962,0,0,0
09478,1963,0,0,0
09478,1964,0,0,0
09478,1965,0,0,0
09478,1966,0,0,0
09478,1967,0,0,0
09478,1968,0,0,0
09478,1969,0,0,0
09478,1970,0,0,0
09478,1971,0,0,0
09478,1972,0,0,0
09478,1973,0,0,0
09478,1974,0,0,0
09478,1975,0,0,0
09478,1976,0,0,0
09478,1977,0,0,0
09478,1978,0,0,0
09478,1979,0,0,0
09478,1980,0,0,0
09478,1981,0,0,0
09478,1982,0,0,0
09478,1983,0,0,0
09478,1984,0,0,0
09478,1985,0,0,0
09478,1986,0,0,0
09478,1987,0,0,0
09478,1988,0,0,0
09478,1989,0,0,0
09478,1990,0,0,0
09478,1991,0,0,0
09478,1992,0,0,0
09478,1993,0,0,0
09478,1994,0,0,0
09478,1995,0,0,0
09478,1996,0,0,0
09478,1997,0,0,0
09478,1998,0,0,0
09478,1999,0,0,0
09478,2000,0,0,0
09478,2001,0,0,0
09478,2002,0,0,0
09478,2003,1,6,0.011540236959532237
09478,2004,1,6,0.011540236959532237
09478,2005,1,6,0.011540236959532237
09478,2006,1,6,0.011540236959532237
09478,2007,1,6,0.011540236959532237
09478,2008,1,6,0.011540236959532237
09478,2009,1,6,0.011540236959532237
09478,2010,1,6,0.011540236959532237
09478,2011,1,6,0.011540236959532237
09478,2012,1,6,0.011540236959532237
09478,2013,1,6,0.011540236959532237
09478,2014,4,7506,14.436836436374827
09478,2015,4,7506,14.436836436374827
09478,2016,4,7506,14.436836436374827
09478,2017,6,12506,24.05370056931836
09478,2018,6,12506,24.05370056931836
09478,2019,6,12506,24.05370056931836
09478,2020,6,12506,24.05370056931836
09478,2021,6,12506,24.05370056931836
09478,2022,6,12506,24.05370056931836
09478,2023,6,12506,24.05370056931836
09479,1960,0,0,0
09479,1961,0,0,0
09479,1962,0,0,0
09479,1963,0,0,0
09479,1964,0,0,0
09479,1965,0,0,0
09479,1966,0,0,0
09479,1967,0,0,0
09479,1968,0,0,0
09479,1969,0,0,0
09479,1970,0,0,0
09479,1971,0,0,0
09479,1972,0,0,0
09479,1973,0,0,0
09479,1974,0,0,0
09479,1975,0,0,0
09479,1976,0,0,0
09479,1977,0,0,0
09479,1978,0,0,0
09479,1979,0,0,0
09479,1980,0,0,0
09479,1981,0,0,0
09479,1982,0,0,0
09479,1983,0,0,0
09479,1984,0,0,0
09479,1985,0,0,0
09479,1986,0,0,0
09479,1987,0,0,0
09479,1988,0,0,0
09479,1989,0,0,0
09479,1990,0,0,0
09479,1991,0,0,0
09479,1992,0,0,0
09479,1993,0,0,0
09479,1994,0,0,0
09479,1995,0,0,0
09479,1996,0,0,0
09479,1997,0,0,0
09479,1998,0,0,0
09479,1999,2,1200,1.9790223629527013
09479,2000,2,1200,1.9790223629527013
09479,2001,6,3600,5.937067088858104
09479,2002,6,3600,5.937067088858104
09479,2003,6,3600,5.937067088858104
09479,2004,6,3600,5.937067088858104
09479,2005,6,3600,5.937067088858104
09479,2006,6,3600,5.937067088858104
09479,2007,6,3600,5.937067088858104
09479,2008,6,3600,5.937067088858104
09479,2009,6,3600,5.937067088858104
09479,2010,6,3600,5.937067088858104
09479,2011,6,3600,5.937067088858104
09479,2012,7,6600,10.884622996239857
09479,2013,8,6604.5,10.89204433010093
09479,2014,10,11604.5,19.137970842403853
09479,2015,10,11604.5,19.137970842403853
09479,2016,16,27254.5,44.947720825912
09479,2017,28,61294.5,101.08598852167029
09479,2018,29,61295.3,101.08730786991227
09479,2019,29,61295.3,101.08730786991227
09479,2020,29,61295.3,101.08730786991227
09479,2021,29,61295.3,101.08730786991227
09479,2022,29,61295.3,101.08730786991227
09479,2023,29,61295.3,101.08730786991227
09561,1960,0,0,0
09561,1961,0,0,0
09561,1962,0,0,0
09561,1963,0,0,0
09561,1964,0,0,0
09561,1965,0,0,0
09561,1966,0,0,0
09561,1967,0,0,0
09561,1968,0,0,0
09561,1969,0,0,0
09561,1970,0,0,0
09561,1971,0,0,0
09561,1972,0,0,0
09561,1973,0,0,0
09561,1974,0,0,0
09561,1975,0,0,0
09561,1976,0,0,0
09561,1977,0,0,0
09561,1978,0,0,0
09561,1979,0,0,0
09561,1980,0,0,0
09561,1981,0,0,0
09561,1982,0,0,0
09561,1983,0,0,0
09561,1984,0,0,0
09561,1985,0,0,0
09561,1986,0,0,0
09561,1987,0,0,0
09561,1988,0,0,0
09561,1989,0,0,0
09561,1990,0,0,0
09561,1991,0,0,0
09561,1992,0,0,0
09561,1993,0,0,0
09561,1994,0,0,0
09561,1995,0,0,0
09561,1996,0,0,0
09561,1997,0,0,0
09561,1998,0,0,0
09561,1999,0,0,0
09561,2000,0,0,0
09561,2001,0,0,0
09561,2002,0,0,0
09561,2003,0,0,0
09561,2004,0,0,0
09561,2005,0,0,0
09561,2006,0,0,0
09561,2007,0,0,0
09561,2008,0,0,0
09561,2009,0,0,0
09561,2010,0,0,0
09561,2011,0,0,0
09561,2012,0,0,0
09561,2013,0,0,0
09561,2014,2,4800,48.04323891502352
09561,2015,2,4800,48.04323891502352
09561,2016,2,4800,48.04323891502352
09561,2017,3,8100,81.07296566910219
09561,2018,3,8100,81.07296566910219
09561,2019,3,8100,81.07296566910219
09561,2020,3,8100,81.07296566910219
09561,2021,4,11730,117.40566509858873
09561,2022,4,11730,117.40566509858873
09561,2023,4,11730,117.40566509858873
09564,1960,0,0,0
09564,1961,0,0,0
09564,1962,0,0,0
09564,1963,0,0,0
09564,1964,0,0,0
09564,1965,0,0,0
09564,1966,0,0,0
09564,1967,0,0,0
09564,1968,0,0,0
09564,1969,0,0,0
09564,1970,0,0,0
09564,1971,0,0,0
09564,1972,0,0,0
09564,1973,0,0,0
09564,1974,0,0,0
09564,1975,0,0,0
09564,1976,0,0,0
09564,1977,0,0,0
09564,1978,0,0,0
09564,1979,0,0,0
09564,1980,0,0,0
09564,1981,0,0,0
09564,1982,0,0,0
09564,1983,0,0,0
09564,1984,0,0,0
09564,1985,0,0,0
09564,1986,0,0,0
09564,1987,0,0,0
09564,1988,0,0,0
09564,1989,0,0,0
09564,1990,0,0,0
09564,1991,0,0,0
09564,1992,0,0,0
09564,1993,0,0,0
09564,1994,0,0,0
09564,1995,0,0,0
09564,1996,0,0,0
09564,1997,0,0,0
09564,1998,0,0,0
09564,1999,0,0,0
09564,2000,0,0,0
09564,2001,0,0,0
09564,2002,0,0,0
09564,2003,0,0,0
09564,2004,0,0,0
09564,2005,0,0,0
09564,2006,0,0,0
09564,2007,0,0,0
09564,2008,0,0,0
09564,2009,0,0,0
09564,2010,0,0,0
09564,2011,0,0,0
09564,2012,0,0,0
09564,2013,0,0,0
09564,2014,1,10,0.053636558678395195
09564,2015,1,10,0.053636558678395195
09564,2016,1,10,0.053636558678395195
09564,2017,1,10,0.053636558678395195
09564,2018,1,10,0.053636558678395195
09564,2019,1,10,0.053636558678395195
09564,2020,1,10,0.053636558678395195
09564,2021,1,10,0.053636558678395195
09564,2022,2,11,0.05900021454623471
09564,2023,2,11,0.05900021454623471
09565,1960,0,0,0
09565,1961,0,0,0
09565,1962,0,0,0
09565,1963,0,0,0
09565,1964,0,0,0
09565,1965,0,0,0
09565,1966,0,0,0
09565,1967,0,0,0
09565,1968,0,0,0
09565,1969,0,0,0
09565,1970,0,0,0
09565,1971,0,0,0
09565,1972,0,0,0
09565,1973,0,0,0
09565,1974,0,0,0
09565,1975,0,0,0
09565,1976,0,0,0
09565,1977,0,0,0
09565,1978,0,0,0
09565,1979,0,0,0
09565,1980,0,0,0
09565,1981,0,0,0
09565,1982,0,0,0
09565,1983,0,0,0
09565,1984,0,0,0
09565,1985,0,0,0
09565,1986,0,0,0
09565,1987,0,0,0
09565,1988,0,0,0
09565,1989,0,0,0
09565,1990,0,0,0
09565,1991,0,0,0
09565,1992,0,0,0
09565,1993,0,0,0
09565,1994,0,0,0
09565,1995,0,0,0
09565,1996,0,0,0
09565,1997,0,0,0
09565,1998,0,0,0
09565,1999,0,0,0
09565,2000,0,0,0
09565,2001,0,0,0
09565,2002,0,0,0
09565,2003,0,0,0
09565,2004,0,0,0
09565,2005,0,0,0
09565,2006,0,0,0
09565,2007,0,0,0
09565,2008,0,0,0
09565,2009,0,0,0
09565,2010,0,0,0
09565,2011,1,1,0.02450980392156863
09565,2012,1,1,0.02450980392156863
09565,2013,1,1,0.02450980392156863
09565,2014,1,1,0.02450980392156863
09565,2015,1,1,0.02450980392156863
09565,2016,1,1,0.02450980392156863
09565,2017,1,1,0.02450980392156863
09565,2018,1,1,0.02450980392156863
09565,2019,1,1,0.02450980392156863
09565,2020,1,1,0.02450980392156863
09565,2021,1,1,0.02450980392156863
09565,2022,1,1,0.02450980392156863
09565,2023,1,1,0.02450980392156863
09571,1960,0,0,0
09571,1961,0,0,0
09571,1962,0,0,0
09571,1963,0,0,0
09571,1964,0,0,0
09571,1965,0,0,0
09571,1966,0,0,0
09571,1967,0,0,0
09571,1968,0,0,0
09571,1969,0,0,0
09571,1970,0,0,0
09571,1971,0,0,0
09571,1972,0,0,0
09571,1973,0,0,0
09571,1974,0,0,0
09571,1975,0,0,0
09571,1976,0,0,0
09571,1977,0,0,0
09571,1978,0,0,0
09571,1979,0,0,0
09571,1980,0,0,0
09571,1981,0,0,0
09571,1982,0,0,0
09571,1983,0,0,0
09571,1984,0,0,0
09571,1985,0,0,0
09571,1986,0,0,0
09571,1987,0,0,0
09571,1988,0,0,0
09571,1989,0,0,0
09571,1990,0,0,0
09571,1991,0,0,0
09571,1992,0,0,0
09571,1993,0,0,0
09571,1994,0,0,0
09571,1995,0,0,0
09571,1996,0,0,0
09571,1997,0,0,0
09571,1998,2,1000,0.5072794602546543
09571,1999,4,2200,1.1160148125602394
09571,2000,4,2200,1.1160148125602394
09571,2001,7,4700,2.384213463196875
09571,2002,13,9475,4.806472885912849
09571,2003,16,11275,5.7195759143712275
09571,2004,18,13275,6.734134834880535
09571,2005,18,13275,6.734134834880535
09571,2006,19,15275,7.748693755389844
09571,2007,19,15275,7.748693755389844
09571,2008,19,15275,7.748693755389844
09571,2009,19,15275,7.748693755389844
09571,2010,19,15275,7.748693755389844
09571,2011,23,23275,11.80692943742708
09571,2012,32,42664.525,21.642837214021206
09571,2013,33,45164.525,22.91103586465784
09571,2014,48,75752.125,38.4274970831431
09571,2015,65,118156.625,59.93842895551159
09571,2016,71,136456.625,69.22164307817177
09571,2017,74,145456.625,73.78715822046365
09571,2018,78,155056.625,78.65704103890833
09571,2019,78,155056.625,78.65704103890833
09571,2020,78,155056.625,78.65704103890833
09571,2021,78,155056.625,78.65704103890833
09571,2022,78,155056.625,78.65704103890833
09571,2023,78,155056.625,78.65704103890833
09572,1960,0,0,0
09572,1961,0,0,0
09572,1962,0,0,0
09572,1963,0,0,0
09572,1964,0,0,0
09572,1965,0,0,0
09572,1966,0,0,0
09572,1967,0,0,0
09572,1968,0,0,0
09572,1969,0,0,0
09572,1970,0,0,0
09572,1971,0,0,0
09572,1972,0,0,0
09572,1973,0,0,0
09572,1974,0,0,0
09572,1975,0,0,0
09572,1976,0,0,0
09572,1977,0,0,0
09572,1978,0,0,0
09572,1979,0,0,0
09572,1980,0,0,0
09572,1981,0,0,0
09572,1982,0,0,0
09572,1983,0,0,0
09572,1984,0,0,0
09572,1985,0,0,0
09572,1986,0,0,0
09572,1987,0,0,0
09572,1988,0,0,0
09572,1989,0,0,0
09572,1990,0,0,0
09572,1991,0,0,0
09572,1992,0,0,0
09572,1993,0,0,0
09572,1994,0,0,0
09572,1995,0,0,0
09572,1996,0,0,0
09572,1997,0,0,0
09572,1998,0,0,0
09572,1999,0,0,0
09572,2000,0,0,0
09572,2001,0,0,0
09572,2002,0,0,0
09572,2003,0,0,0
09572,2004,0,0,0
09572,2005,0,0,0
09572,2006,0,0,0
09572,2007,0,0,0
09572,2008,0,0,0
09572,2009,0,0,0
09572,2010,0,0,0
09572,2011,0,0,0
09572,2012,4,12300,21.78842202224899
09572,2013,4,12300,21.78842202224899
09572,2014,6,14651.5,25.95390774463261
09572,2015,11,26651.5,47.210904839509674
09572,2016,11,26651.5,47.210904839509674
09572,2017,16,40451.5,71.6564514986183
09572,2018,16,40451.5,71.6564514986183
09572,2019,16,40451.5,71.6564514986183
09572,2020,16,40451.5,71.6564514986183
09572,2021,16,40451.5,71.6564514986183
09572,2022,16,40451.5,71.6564514986183
09572,2023,16,40451.5,71.6564514986183
09573,1960,0,0,0
09573,1961,0,0,0
09573,1962,0,0,0
09573,1963,0,0,0
09573,1964,0,0,0
09573,1965,0,0,0
09573,1966,0,0,0
09573,1967,0,0,0
09573,1968,0,0,0
09573,1969,0,0,0
09573,1970,0,0,0
09573,1971,0,0,0
09573,1972,0,0,0
09573,1973,0,0,0
09573,1974,0,0,0
09573,1975,0,0,0
09573,1976,0,0,0
09573,1977,0,0,0
09573,1978,0,0,0
09573,1979,0,0,0
09573,1980,0,0,0
09573,1981,0,0,0
09573,1982,0,0,0
09573,1983,0,0,0
09573,1984,0,0,0
09573,1985,0,0,0
09573,1986,0,0,0
09573,1987,0,0,0
09573,1988,0,0,0
09573,1989,0,0,0
09573,1990,0,0,0
09573,1991,0,0,0
09573,1992,0,0,0
09573,1993,0,0,0
09573,1994,0,0,0
09573,1995,0,0,0
09573,1996,0,0,0
09573,1997,0,0,0
09573,1998,0,0,0
09573,1999,0,0,0
09573,2000,2,1200,3.9033275867677193
09573,2001,2,1200,3.9033275867677193
09573,2002,2,1200,3.9033275867677193
09573,2003,2,1200,3.9033275867677193
09573,2004,2,1200,3.9033275867677193
09573,2005,2,1200,3.9033275867677193
09573,2006,2,1200,3.9033275867677193
09573,2007,2,1200,3.9033275867677193
09573,2008,2,1200,3.9033275867677193
09573,2009,4,5200,16.914419542660116
09573,2010,4,5200,16.914419542660116
09573,2011,8,14400,46.83993104121263
09573,2012,8,14400,46.83993104121263
09573,2013,8,14400,46.83993104121263
09573,2014,17,40515,131.78609764824512
09573,2015,17,40515,131.78609764824512
09573,2016,21,51915,168.86770972253845
09573,2017,21,51915,168.86770972253845
09573,2018,21,51915,168.86770972253845
09573,2019,21,51915,168.86770972253845
09573,2020,21,51915,168.86770972253845
09573,2021,21,51915,168.86770972253845
09573,2022,21,51915,168.86770972253845
09573,2023,21,51915,168.86770972253845
09574,1960,0,0,0
09574,1961,0,0,0
09574,1962,0,0,0
09574,1963,0,0,0
09574,1964,0,0,0
09574,1965,0,0,0
09574,1966,0,0,0
09574,1967,0,0,0
09574,1968,0,0,0
09574,1969,0,0,0
09574,1970,0,0,0
09574,1971,0,0,0
09574,1972,0,0,0
09574,1973,0,0,0
09574,1974,0,0,0
09574,1975,0,0,0
09574,1976,0,0,0
09574,1977,0,0,0
09574,1978,0,0,0
09574,1979,0,0,0
09574,1980,0,0,0
09574,1981,0,0,0
09574,1982,0,0,0
09574,1983,0,0,0
09574,1984,0,0,0
09574,1985,0,0,0
09574,1986,0,0,0
09574,1987,0,0,0
09574,1988,0,0,0
09574,1989,0,0,0
09574,1990,0,0,0
09574,1991,0,0,0
09574,1992,0,0,0
09574,1993,0,0,0
09574,1994,0,0,0
09574,1995,0,0,0
09574,1996,0,0,0
09574,1997,0,0,0
09574,1998,0,0,0
09574,1999,0,0,0
09574,2000,0,0,0
09574,2001,0,0,0
09574,2002,0,0,0
09574,2003,0,0,0
09574,2004,0,0,0
09574,2005,1,1500,1.876125675405243
09574,2006,1,1500,1.876125675405243
09574,2007,1,1500,1.876125675405243
09574,2008,1,1500,1.876125675405243
09574,2009,2,3500,4.377626575945567
09574,2010,2,3500,4.377626575945567
09574,2011,2,3500,4.377626575945567
09574,2012,2,3500,4.377626575945567
09574,2013,5,12650,15.821993195917551
09574,2014,6,15700,19.636782069241544
09574,2015,6,15700,19.636782069241544
09574,2016,7,18100,22.638583149889936
09574,2017,7,18100,22.638583149889936
09574,2018,7,18100,22.638583149889936
09574,2019,7,18100,22.638583149889936
09574,2020,8,22300,27.891735041024614
09574,2021,9,26500,33.144886932159295
09574,2022,9,26500,33.144886932159295
09574,2023,10,30700,38.39803882329398
09575,1960,0,0,0
09575,1961,0,0,0
09575,1962,0,0,0
09575,1963,0,0,0
09575,1964,0,0,0
09575,1965,0,0,0
09575,1966,0,0,0
09575,1967,0,0,0
09575,1968,0,0,0
09575,1969,0,0,0
09575,1970,0,0,0
09575,1971,0,0,0
09575,1972,0,0,0
09575,1973,0,0,0
09575,1974,0,0,0
09575,1975,0,0,0
09575,1976,0,0,0
09575,1977,0,0,0
09575,1978,0,0,0
09575,1979,0,0,0
09575,1980,0,0,0
09575,1981,0,0,0
09575,1982,0,0,0
09575,1983,0,0,0
09575,1984,0,0,0
09575,1985,0,0,0
09575,1986,0,0,0
09575,1987,0,0,0
09575,1988,0,0,0
09575,1989,0,0,0
09575,1990,0,0,0
09575,1991,0,0,0
09575,1992,0,0,0
09575,1993,0,0,0
09575,1994,0,0,0
09575,1995,0,0,0
09575,1996,0,0,0
09575,1997,0,0,0
09575,1998,0,0,0
09575,1999,0,0,0
09575,2000,0,0,0
09575,2001,0,0,0
09575,2002,1,1500,1.1834786382105802
09575,2003,2,2125,1.6765947374649888
09575,2004,2,2125,1.6765947374649888
09575,2005,5,8125,6.41050929030731
09575,2006,6,10125,7.988480807921417
09575,2007,10,18125,14.300366878377845
09575,2008,11,20125,15.878338395991952
09575,2009,17,32125,25.346167501676593
09575,2010,23,44725,35.28738806264547
09575,2011,35,73575,58.04962720422896
09575,2012,35,73575,58.04962720422896
09575,2013,37,79675,62.86244033295199
09575,2014,45,101525,80.1017791628861
09575,2015,51,118250,93.29756597893407
09575,2016,57,137100,108.16994753244704
09575,2017,59,142100,112.1148763264823
09575,2018,59,142100,112.1148763264823
09575,2019,59,142100,112.1148763264823
09575,2020,59,142100,112.1148763264823
09575,2021,61,145701.2,114.95617184109827
09575,2022,63,157701.2,124.42400094678291
09575,2023,63,157701.2,124.42400094678291
09576,1960,0,0,0
09576,1961,0,0,0
09576,1962,0,0,0
09576,1963,0,0,0
09576,1964,0,0,0
09576,1965,0,0,0
09576,1966,0,0,0
09576,1967,0,0,0
09576,1968,0,0,0
09576,1969,0,0,0
09576,1970,0,0,0
09576,1971,0,0,0
09576,1972,0,0,0
09576,1973,0,0,0
09576,1974,0,0,0
09576,1975,0,0,0
09576,1976,0,0,0
09576,1977,0,0,0
09576,1978,0,0,0
09576,1979,0,0,0
09576,1980,0,0,0
09576,1981,0,0,0
09576,1982,0,0,0
09576,1983,0,0,0
09576,1984,0,0,0
09576,1985,0,0,0
09576,1986,0,0,0
09576,1987,0,0,0
09576,1988,0,0,0
09576,1989,0,0,0
09576,1990,0,0,0
09576,1991,0,0,0
09576,1992,0,0,0
09576,1993,0,0,0
09576,1994,0,0,0
09576,1995,0,0,0
09576,1996,0,0,0
09576,1997,0,0,0
09576,1998,0,0,0
09576,1999,0,0,0
09576,2000,0,0,0
09576,2001,0,0,0
09576,2002,1,600,0.6702787242361615
09576,2003,1,600,0.6702787242361615
09576,2004,1,600,0.6702787242361615
09576,2005,1,600,0.6702787242361615
09576,2006,1,600,0.6702787242361615
09576,2007,1,600,0.6702787242361615
09576,2008,1,600,0.6702787242361615
09576,2009,1,600,0.6702787242361615
09576,2010,1,600,0.6702787242361615
09576,2011,1,600,0.6702787242361615
09576,2012,1,600,0.6702787242361615
09576,2013,1,600,0.6702787242361615
09576,2014,1,600,0.6702787242361615
09576,2015,6,15975,17.8461710327878
09576,2016,8,21535,24.0574205440429
09576,2017,8,21535,24.0574205440429
09576,2018,9,21541,24.06412333128526
09576,2019,9,21541,24.06412333128526
09576,2020,9,21541,24.06412333128526
09576,2021,9,21541,24.06412333128526
09576,2022,9,21541,24.06412333128526
09576,2023,9,21541,24.06412333128526
09577,1960,0,0,0
09577,1961,0,0,0
09577,1962,0,0,0
09577,1963,0,0,0
09577,1964,0,0,0
09577,1965,0,0,0
09577,1966,0,0,0
09577,1967,0,0,0
09577,1968,0,0,0
09577,1969,0,0,0
09577,1970,0,0,0
09577,1971,0,0,0
09577,1972,0,0,0
09577,1973,0,0,0
09577,1974,0,0,0
09577,1975,0,0,0
09577,1976,0,0,0
09577,1977,0,0,0
09577,1978,0,0,0
09577,1979,0,0,0
09577,1980,0,0,0
09577,1981,0,0,0
09577,1982,0,0,0
09577,1983,0,0,0
09577,1984,0,0,0
09577,1985,0,0,0
09577,1986,0,0,0
09577,1987,0,0,0
09577,1988,0,0,0
09577,1989,0,0,0
09577,1990,0,0,0
09577,1991,0,0,0
09577,1992,0,0,0
09577,1993,0,0,0
09577,1994,0,0,0
09577,1995,0,0,0
09577,1996,0,0,0
09577,1997,1,500,0.5150497538062176
09577,1998,4,2480,2.5546467788788396
09577,1999,10,7807,8.041986855930283
09577,2000,10,7807,8.041986855930283
09577,2001,10,7807,8.041986855930283
09577,2002,11,9607,9.896165969632667
09577,2003,12,10607,10.926265477245103
09577,2004,14,14607,15.046663507694843
09577,2005,14,14607,15.046663507694843
09577,2006,14,14607,15.046663507694843
09577,2007,17,20607,21.227260553369454
09577,2008,17,20607,21.227260553369454
09577,2009,19,24607,25.347658583819197
09577,2010,20,26907,27.7168874513278
09577,2011,23,32046,33.0105688209481
09577,2012,30,40357,41.57172582871505
09577,2013,31,43407,44.713529326932985
09577,2014,38,54322.3,55.957374482375
09577,2015,40,59122.3,60.90185211891469
09577,2016,40,59122.3,60.90185211891469
09577,2017,53,102022.3,105.09312099548816
09577,2018,53,102022.3,105.09312099548816
09577,2019,53,102022.3,105.09312099548816
09577,2020,53,102022.3,105.09312099548816
09577,2021,54,102023.3,105.09415109499578
09577,2022,54,102023.3,105.09415109499578
09577,2023,56,102025.1,105.09600527410949
09663,1960,0,0,0
09663,1961,0,0,0
09663,1962,0,0,0
09663,1963,0,0,0
09663,1964,0,0,0
09663,1965,0,0,0
09663,1966,0,0,0
09663,1967,0,0,0
09663,1968,0,0,0
09663,1969,0,0,0
09663,1970,0,0,0
09663,1971,0,0,0
09663,1972,0,0,0
09663,1973,0,0,0
09663,1974,0,0,0
09663,1975,0,0,0
09663,1976,0,0,0
09663,1977,0,0,0
09663,1978,0,0,0
09663,1979,0,0,0
09663,1980,0,0,0
09663,1981,0,0,0
09663,1982,0,0,0
09663,1983,0,0,0
09663,1984,0,0,0
09663,1985,0,0,0
09663,1986,0,0,0
09663,1987,0,0,0
09663,1988,0,0,0
09663,1989,0,0,0
09663,1990,0,0,0
09663,1991,0,0,0
09663,1992,0,0,0
09663,1993,0,0,0
09663,1994,0,0,0
09663,1995,0,0,0
09663,1996,0,0,0
09663,1997,0,0,0
09663,1998,0,0,0
09663,1999,0,0,0
09663,2000,0,0,0
09663,2001,0,0,0
09663,2002,0,0,0
09663,2003,0,0,0
09663,2004,0,0,0
09663,2005,0,0,0
09663,2006,1,2000,22.831050228310502
09663,2007,1,2000,22.831050228310502
09663,2008,1,2000,22.831050228310502
09663,2009,1,2000,22.831050228310502
09663,2010,1,2000,22.831050228310502
09663,2011,1,2000,22.831050228310502
09663,2012,1,2000,22.831050228310502
09663,2013,1,2000,22.831050228310502
09663,2014,1,2000,22.831050228310502
09663,2015,1,2000,22.831050228310502
09663,2016,1,2000,22.831050228310502
09663,2017,1,2000,22.831050228310502
09663,2018,1,2000,22.831050228310502
09663,2019,1,2000,22.831050228310502
09663,2020,1,2000,22.831050228310502
09663,2021,1,2000,22.831050228310502
09663,2022,1,2000,22.831050228310502
09663,2023,1,2000,22.831050228310502
09671,1960,0,0,0
09671,1961,0,0,0
09671,1962,0,0,0
09671,1963,0,0,0
09671,1964,0,0,0
09671,1965,0,0,0
09671,1966,0,0,0
09671,1967,0,0,0
09671,1968,0,0,0
09671,1969,0,0,0
09671,1970,0,0,0
09671,1971,0,0,0
09671,1972,0,0,0
09671,1973,0,0,0
09671,1974,0,0,0
09671,1975,0,0,0
09671,1976,0,0,0
09671,1977,0,0,0
09671,1978,0,0,0
09671,1979,0,0,0
09671,1980,0,0,0
09671,1981,0,0,0
09671,1982,0,0,0
09671,1983,0,0,0
09671,1984,0,0,0
09671,1985,0,0,0
09671,1986,0,0,0
09671,1987,0,0,0
09671,1988,0,0,0
09671,1989,0,0,0
09671,1990,0,0,0
09671,1991,0,0,0
09671,1992,0,0,0
09671,1993,0,0,0
09671,1994,0,0,0
09671,1995,0,0,0
09671,1996,0,0,0
09671,1997,0,0,0
09671,1998,0,0,0
09671,1999,0,0,0
09671,2000,0,0,0
09671,2001,0,0,0
09671,2002,0,0,0
09671,2003,0,0,0
09671,2004,0,0,0
09671,2005,0,0,0
09671,2006,0,0,0
09671,2007,0,0,0
09671,2008,0,0,0
09671,2009,0,0,0
09671,2010,0,0,0
09671,2011,0,0,0
09671,2012,0,0,0
09671,2013,0,0,0
09671,2014,0,0,0
09671,2015,1,3,0.00429252099758188
09671,2016,1,3,0.00429252099758188
09671,2017,1,3,0.00429252099758188
09671,2018,1,3,0.00429252099758188
09671,2019,1,3,0.00429252099758188
09671,2020,1,3,0.00429252099758188
09671,2021,1,3,0.00429252099758188
09671,2022,2,4,0.005723361330109173
09671,2023,3,7.5,0.0107313024939547
09672,1960,0,0,0
09672,1961,0,0,0
09672,1962,0,0,0
09672,1963,0,0,0
09672,1964,0,0,0
09672,1965,0,0,0
09672,1966,0,0,0
09672,1967,0,0,0
09672,1968,0,0,0
09672,1969,0,0,0
09672,1970,0,0,0
09672,1971,0,0,0
09672,1972,0,0,0
09672,1973,0,0,0
09672,1974,0,0,0
09672,1975,0,0,0
09672,1976,0,0,0
09672,1977,0,0,0
09672,1978,0,0,0
09672,1979,0,0,0
09672,1980,0,0,0
09672,1981,0,0,0
09672,1982,0,0,0
09672,1983,0,0,0
09672,1984,0,0,0
09672,1985,0,0,0
09672,1986,0,0,0
09672,1987,0,0,0
09672,1988,0,0,0
09672,1989,0,0,0
09672,1990,0,0,0
09672,1991,0,0,0
09672,1992,0,0,0
09672,1993,0,0,0
09672,1994,0,0,0
09672,1995,0,0,0
09672,1996,0,0,0
09672,1997,0,0,0
09672,1998,0,0,0
09672,1999,0,0,0
09672,2000,0,0,0
09672,2001,0,0,0
09672,2002,0,0,0
09672,2003,0,0,0
09672,2004,0,0,0
09672,2005,0,0,0
09672,2006,0,0,0
09672,2007,0,0,0
09672,2008,0,0,0
09672,2009,0,0,0
09672,2010,0,0,0
09672,2011,6,12000,10.555018031489137
09672,2012,6,12000,10.555018031489137
09672,2013,6,12000,10.555018031489137
09672,2014,22,53735,47.2644911601724
09672,2015,30,73235,64.41639546134225
09672,2016,33,83135,73.12428533732079
09672,2017,34,83136,73.12516492215674
09672,2018,34,83136,73.12516492215674
09672,2019,34,83136,73.12516492215674
09672,2020,39,105036,92.3880728296244
09672,2021,40,105042,92.39335033864016
09672,2022,43,114042,100.30961386225701
09672,2023,46,127542,112.18400914768229
09673,1960,0,0,0
09673,1961,0,0,0
09673,1962,0,0,0
09673,1963,0,0,0
09673,1964,0,0,0
09673,1965,0,0,0
09673,1966,0,0,0
09673,1967,0,0,0
09673,1968,0,0,0
09673,1969,0,0,0
09673,1970,0,0,0
09673,1971,0,0,0
09673,1972,0,0,0
09673,1973,0,0,0
09673,1974,0,0,0
09673,1975,0,0,0
09673,1976,0,0,0
09673,1977,0,0,0
09673,1978,0,0,0
09673,1979,0,0,0
09673,1980,0,0,0
09673,1981,0,0,0
09673,1982,0,0,0
09673,1983,0,0,0
09673,1984,0,0,0
09673,1985,0,0,0
09673,1986,0,0,0
09673,1987,0,0,0
09673,1988,0,0,0
09673,1989,0,0,0
09673,1990,0,0,0
09673,1991,0,0,0
09673,1992,0,0,0
09673,1993,0,0,0
09673,1994,0,0,0
09673,1995,0,0,0
09673,1996,0,0,0
09673,1997,0,0,0
09673,1998,0,0,0
09673,1999,0,0,0
09673,2000,0,0,0
09673,2001,0,0,0
09673,2002,0,0,0
09673,2003,0,0,0
09673,2004,0,0,0
09673,2005,0,0,0
09673,2006,0,0,0
09673,2007,0,0,0
09673,2008,0,0,0
09673,2009,0,0,0
09673,2010,0,0,0
09673,2011,0,0,0
09673,2012,0,0,0
09673,2013,0,0,0
09673,2014,0,0,0
09673,2015,0,0,0
09673,2016,4,13200,12.919517279854361
09673,2017,14,47200,46.19706178857014
09673,2018,14,47200,46.19706178857014
09673,2019,14,47200,46.19706178857014
09673,2020,14,47200,46.19706178857014
09673,2021,14,47200,46.19706178857014
09673,2022,22,66400,64.98908692290375
09673,2023,24,71200,69.68709320648716
09674,1960,0,0,0
09674,1961,0,0,0
09674,1962,0,0,0
09674,1963,0,0,0
09674,1964,0,0,0
09674,1965,0,0,0
09674,1966,0,0,0
09674,1967,0,0,0
09674,1968,0,0,0
09674,1969,0,0,0
09674,1970,0,0,0
09674,1971,0,0,0
09674,1972,0,0,0
09674,1973,0,0,0
09674,1974,0,0,0
09674,1975,0,0,0
09674,1976,0,0,0
09674,1977,0,0,0
09674,1978,0,0,0
09674,1979,0,0,0
09674,1980,0,0,0
09674,1981,0,0,0
09674,1982,0,0,0
09674,1983,0,0,0
09674,1984,0,0,0
09674,1985,0,0,0
09674,1986,0,0,0
09674,1987,0,0,0
09674,1988,0,0,0
09674,1989,0,0,0
09674,1990,0,0,0
09674,1991,0,0,0
09674,1992,0,0,0
09674,1993,0,0,0
09674,1994,0,0,0
09674,1995,0,0,0
09674,1996,0,0,0
09674,1997,0,0,0
09674,1998,0,0,0
09674,1999,1,1500,1.568725880839582
09674,2000,1,1500,1.568725880839582
09674,2001,1,1500,1.568725880839582
09674,2002,1,1500,1.568725880839582
09674,2003,1,1500,1.568725880839582
09674,2004,1,1500,1.568725880839582
09674,2005,1,1500,1.568725880839582
09674,2006,1,1500,1.568725880839582
09674,2007,1,1500,1.568725880839582
09674,2008,1,1500,1.568725880839582
09674,2009,1,1500,1.568725880839582
09674,2010,3,6100,6.379485248747634
09674,2011,3,6100,6.379485248747634
09674,2012,3,6100,6.379485248747634
09674,2013,3,6100,6.379485248747634
09674,2014,6,13150,13.752496888693669
09674,2015,16,37150,38.85211098212698
09674,2016,17,37151.5,38.85367970800782
09674,2017,17,37151.5,38.85367970800782
09674,2018,18,37151.98,38.85418170028969
09674,2019,18,37151.98,38.85418170028969
09674,2020,18,37151.98,38.85418170028969
09674,2021,18,37151.98,38.85418170028969
09674,2022,18,37151.98,38.85418170028969
09674,2023,18,37151.98,38.85418170028969
09675,1960,0,0,0
09675,1961,0,0,0
09675,1962,0,0,0
09675,1963,0,0,0
09675,1964,0,0,0
09675,1965,0,0,0
09675,1966,0,0,0
09675,1967,0,0,0
09675,1968,0,0,0
09675,1969,0,0,0
09675,1970,0,0,0
09675,1971,0,0,0
09675,1972,0,0,0
09675,1973,0,0,0
09675,1974,0,0,0
09675,1975,0,0,0
09675,1976,0,0,0
09675,1977,0,0,0
09675,1978,0,0,0
09675,1979,0,0,0
09675,1980,0,0,0
09675,1981,0,0,0
09675,1982,0,0,0
09675,1983,0,0,0
09675,1984,0,0,0
09675,1985,0,0,0
09675,1986,0,0,0
09675,1987,0,0,0
09675,1988,0,0,0
09675,1989,0,0,0
09675,1990,0,0,0
09675,1991,0,0,0
09675,1992,0,0,0
09675,1993,0,0,0
09675,1994,0,0,0
09675,1995,0,0,0
09675,1996,0,0,0
09675,1997,0,0,0
09675,1998,0,0,0
09675,1999,0,0,0
09675,2000,0,0,0
09675,2001,0,0,0
09675,2002,1,1800,2.6309250624844704
09675,2003,1,1800,2.6309250624844704
09675,2004,1,1800,2.6309250624844704
09675,2005,2,3800,5.55417513191166
09675,2006,6,9800,14.323925340193227
09675,2007,6,9800,14.323925340193227
09675,2008,7,11850,17.320256661356098
09675,2009,11,19850,29.013256939064853
09675,2010,11,19850,29.013256939064853
09675,2011,11,19850,29.013256939064853
09675,2012,14,24650,36.02905710569011
09675,2013,14,24650,36.02905710569011
09675,2014,14,24650,36.02905710569011
09675,2015,15,27700,40.48701346156657
09675,2016,16,27710,40.50162971191371
09675,2017,16,27710,40.50162971191371
09675,2018,16,27710,40.50162971191371
09675,2019,16,27710,40.50162971191371
09675,2020,16,27710,40.50162971191371
09675,2021,16,27710,40.50162971191371
09675,2022,16,27710,40.50162971191371
09675,2023,16,27710,40.50162971191371
09676,1960,0,0,0
09676,1961,0,0,0
09676,1962,0,0,0
09676,1963,0,0,0
09676,1964,0,0,0
09676,1965,0,0,0
09676,1966,0,0,0
09676,1967,0,0,0
09676,1968,0,0,0
09676,1969,0,0,0
09676,1970,0,0,0
09676,1971,0,0,0
09676,1972,0,0,0
09676,1973,0,0,0
09676,1974,0,0,0
09676,1975,0,0,0
09676,1976,0,0,0
09676,1977,0,0,0
09676,1978,0,0,0
09676,1979,0,0,0
09676,1980,0,0,0
09676,1981,0,0,0
09676,1982,0,0,0
09676,1983,0,0,0
09676,1984,0,0,0
09676,1985,0,0,0
09676,1986,0,0,0
09676,1987,0,0,0
09676,1988,0,0,0
09676,1989,0,0,0
09676,1990,0,0,0
09676,1991,0,0,0
09676,1992,0,0,0
09676,1993,0,0,0
09676,1994,0,0,0
09676,1995,0,0,0
09676,1996,0,0,0
09676,1997,0,0,0
09676,1998,0,0,0
09676,1999,0,0,0
09676,2000,0,0,0
09676,2001,0,0,0
09676,2002,0,0,0
09676,2003,3,4500,6.288868702396758
09676,2004,3,4500,6.288868702396758
09676,2005,3,4500,6.288868702396758
09676,2006,3,4500,6.288868702396758
09676,2007,5,8500,11.878974215638321
09676,2008,5,8500,11.878974215638321
09676,2009,5,8500,11.878974215638321
09676,2010,5,8500,11.878974215638321
09676,2011,5,8500,11.878974215638321
09676,2012,5,8500,11.878974215638321
09676,2013,12,25300,35.357417371252886
09676,2014,12,25300,35.357417371252886
09676,2015,12,25300,35.357417371252886
09676,2016,12,25300,35.357417371252886
09676,2017,12,25300,35.357417371252886
09676,2018,12,25300,35.357417371252886
09676,2019,12,25300,35.357417371252886
09676,2020,12,25300,35.357417371252886
09676,2021,12,25300,35.357417371252886
09676,2022,12,25300,35.357417371252886
09676,2023,12,25300,35.357417371252886
09677,1960,0,0,0
09677,1961,0,0,0
09677,1962,0,0,0
09677,1963,0,0,0
09677,1964,0,0,0
09677,1965,0,0,0
09677,1966,0,0,0
09677,1967,0,0,0
09677,1968,0,0,0
09677,1969,0,0,0
09677,1970,0,0,0
09677,1971,0,0,0
09677,1972,0,0,0
09677,1973,0,0,0
09677,1974,0,0,0
09677,1975,0,0,0
09677,1976,0,0,0
09677,1977,0,0,0
09677,1978,0,0,0
09677,1979,0,0,0
09677,1980,0,0,0
09677,1981,0,0,0
09677,1982,0,0,0
09677,1983,0,0,0
09677,1984,0,0,0
09677,1985,0,0,0
09677,1986,0,0,0
09677,1987,0,0,0
09677,1988,0,0,0
09677,1989,0,0,0
09677,1990,0,0,0
09677,1991,0,0,0
09677,1992,0,0,0
09677,1993,0,0,0
09677,1994,0,0,0
09677,1995,0,0,0
09677,1996,0,0,0
09677,1997,0,0,0
09677,1998,0,0,0
09677,1999,0,0,0
09677,2000,0,0,0
09677,2001,2,1200,0.908272088041841
09677,2002,3,2050,1.551631483738145
09677,2003,3,2050,1.551631483738145
09677,2004,3,2050,1.551631483738145
09677,2005,3,2050,1.551631483738145
09677,2006,22,40050,30.313580938396445
09677,2007,22,40050,30.313580938396445
09677,2008,22,40050,30.313580938396445
09677,2009,34,64050,48.47902269923326
09677,2010,35,66050,49.992809512636335
09677,2011,36,68050,51.5065963260394
09677,2012,38,72050,54.53416995284554
09677,2013,38,72050,54.53416995284554
09677,2014,42,84350,63.84395885527441
09677,2015,43,87425,66.17140608088162
09677,2016,43,87425,66.17140608088162
09677,2017,45,94025,71.16690256511176
09677,2018,45,94025,71.16690256511176
09677,2019,45,94025,71.16690256511176
09677,2020,45,94025,71.16690256511176
09677,2021,45,94025,71.16690256511176
09677,2022,45,94025,71.16690256511176
09677,2023,45,94025,71.16690256511176
09678,1960,0,0,0
09678,1961,0,0,0
09678,1962,0,0,0
09678,1963,0,0,0
09678,1964,0,0,0
09678,1965,0,0,0
09678,1966,0,0,0
09678,1967,0,0,0
09678,1968,0,0,0
09678,1969,0,0,0
09678,1970,0,0,0
09678,1971,0,0,0
09678,1972,0,0,0
09678,1973,0,0,0
09678,1974,0,0,0
09678,1975,0,0,0
09678,1976,0,0,0
09678,1977,0,0,0
09678,1978,0,0,0
09678,1979,0,0,0
09678,1980,0,0,0
09678,1981,0,0,0
09678,1982,0,0,0
09678,1983,0,0,0
09678,1984,0,0,0
09678,1985,0,0,0
09678,1986,0,0,0
09678,1987,0,0,0
09678,1988,0,0,0
09678,1989,0,0,0
09678,1990,0,0,0
09678,1991,0,0,0
09678,1992,0,0,0
09678,1993,0,0,0
09678,1994,0,0,0
09678,1995,0,0,0
09678,1996,0,0,0
09678,1997,0,0,0
09678,1998,0,0,0
09678,1999,0,0,0
09678,2000,0,0,0
09678,2001,0,0,0
09678,2002,1,1000,1.1885094902482796
09678,2003,4,4000,4.754037960993118
09678,2004,4,4000,4.754037960993118
09678,2005,5,5500,6.536802196365538
09678,2006,9,13500,16.044878118351775
09678,2007,11,17500,20.798916079344895
09678,2008,11,17500,20.798916079344895
09678,2009,12,19500,23.175935059841454
09678,2010,12,19500,23.175935059841454
09678,2011,14,21502.25,25.55562818669107
09678,2012,20,33003.25,39.22467583403654
09678,2013,27,50003.25,59.42933716825729
09678,2014,33,66913.25,79.5270326483557
09678,2015,43,94413.25,112.21104363018338
09678,2016,46,101213.25,120.29290816387169
09678,2017,46,101213.25,120.29290816387169
09678,2018,46,101213.25,120.29290816387169
09678,2019,46,101213.25,120.29290816387169
09678,2020,47,106013.25,125.99775371706343
09678,2021,47,106013.25,125.99775371706343
09678,2022,47,106013.25,125.99775371706343
09678,2023,47,106013.25,125.99775371706343
09679,1960,0,0,0
09679,1961,0,0,0
09679,1962,0,0,0
09679,1963,0,0,0
09679,1964,0,0,0
09679,1965,0,0,0
09679,1966,0,0,0
09679,1967,0,0,0
09679,1968,0,0,0
09679,1969,0,0,0
09679,1970,0,0,0
09679,1971,0,0,0
09679,1972,0,0,0
09679,1973,0,0,0
09679,1974,0,0,0
09679,1975,0,0,0
09679,1976,0,0,0
09679,1977,0,0,0
09679,1978,0,0,0
09679,1979,0,0,0
09679,1980,0,0,0
09679,1981,0,0,0
09679,1982,0,0,0
09679,1983,0,0,0
09679,1984,0,0,0
09679,1985,0,0,0
09679,1986,0,0,0
09679,1987,0,0,0
09679,1988,0,0,0
09679,1989,0,0,0
09679,1990,0,0,0
09679,1991,0,0,0
09679,1992,0,0,0
09679,1993,0,0,0
09679,1994,0,0,0
09679,1995,0,0,0
09679,1996,0,0,0
09679,1997,0,0,0
09679,1998,0,0,0
09679,1999,0,0,0
09679,2000,1,750,0.7745293443350924
09679,2001,1,750,0.7745293443350924
09679,2002,3,1950,2.01377629527124
09679,2003,4,3950,4.079187880164819
09679,2004,4,3950,4.079187880164819
09679,2005,6,6950,7.177305257505189
09679,2006,13,19450,20.08612766309006
09679,2007,14,20250,20.912292297047493
09679,2008,14,20250,20.912292297047493
09679,2009,21,34250,35.37017339130255
09679,2010,25,42250,43.63181973087687
09679,2011,30,53250,54.991583447791555
09679,2012,44,85350,88.14143938533351
09679,2013,53,106550,110.03480218520545
09679,2014,60,123100,127.12608305019982
09679,2015,64,133194,137.55021531915773
09679,2016,65,136241,140.69686986874308
09679,2017,67,141041,145.65385767248767
09679,2018,67,141041,145.65385767248767
09679,2019,67,141041,145.65385767248767
09679,2020,67,141041,145.65385767248767
09679,2021,67,141041,145.65385767248767
09679,2022,67,141041,145.65385767248767
09679,2023,67,141041,145.65385767248767
09762,1960,0,0,0
09762,1961,0,0,0
09762,1962,0,0,0
09762,1963,0,0,0
09762,1964,0,0,0
09762,1965,0,0,0
09762,1966,0,0,0
09762,1967,0,0,0
09762,1968,0,0,0
09762,1969,0,0,0
09762,1970,0,0,0
09762,1971,0,0,0
09762,1972,0,0,0
09762,1973,0,0,0
09762,1974,0,0,0
09762,1975,0,0,0
09762,1976,0,0,0
09762,1977,0,0,0
09762,1978,0,0,0
09762,1979,0,0,0
09762,1980,0,0,0
09762,1981,0,0,0
09762,1982,0,0,0
09762,1983,0,0,0
09762,1984,0,0,0
09762,1985,0,0,0
09762,1986,0,0,0
09762,1987,0,0,0
09762,1988,0,0,0
09762,1989,0,0,0
09762,1990,0,0,0
09762,1991,0,0,0
09762,1992,0,0,0
09762,1993,0,0,0
09762,1994,0,0,0
09762,1995,0,0,0
09762,1996,0,0,0
09762,1997,0,0,0
09762,1998,0,0,0
09762,1999,0,0,0
09762,2000,0,0,0
09762,2001,0,0,0
09762,2002,0,0,0
09762,2003,0,0,0
09762,2004,0,0,0
09762,2005,0,0,0
09762,2006,0,0,0
09762,2007,0,0,0
09762,2008,0,0,0
09762,2009,0,0,0
09762,2010,0,0,0
09762,2011,0,0,0
09762,2012,1,0.4,0.009995002498750625
09762,2013,1,0.4,0.009995002498750625
09762,2014,1,0.4,0.009995002498750625
09762,2015,1,0.4,0.009995002498750625
09762,2016,1,0.4,0.009995002498750625
09762,2017,1,0.4,0.009995002498750625
09762,2018,1,0.4,0.009995002498750625
09762,2019,1,0.4,0.009995002498750625
09762,2020,1,0.4,0.009995002498750625
09762,2021,1,0.4,0.009995002498750625
09762,2022,1,0.4,0.009995002498750625
09762,2023,1,0.4,0.009995002498750625
09771,1960,0,0,0
09771,1961,0,0,0
09771,1962,0,0,0
09771,1963,0,0,0
09771,1964,0,0,0
09771,1965,0,0,0
09771,1966,0,0,0
09771,1967,0,0,0
09771,1968,0,0,0
09771,1969,0,0,0
09771,1970,0,0,0
09771,1971,0,0,0
09771,1972,0,0,0
09771,1973,0,0,0
09771,1974,0,0,0
09771,1975,0,0,0
09771,1976,0,0,0
09771,1977,0,0,0
09771,1978,0,0,0
09771,1979,0,0,0
09771,1980,0,0,0
09771,1981,0,0,0
09771,1982,0,0,0
09771,1983,0,0,0
09771,1984,0,0,0
09771,1985,0,0,0
09771,1986,0,0,0
09771,1987,0,0,0
09771,1988,0,0,0
09771,1989,0,0,0
09771,1990,0,0,0
09771,1991,0,0,0
09771,1992,0,0,0
09771,1993,0,0,0
09771,1994,0,0,0
09771,1995,0,0,0
09771,1996,0,0,0
09771,1997,0,0,0
09771,1998,0,0,0
09771,1999,0,0,0
09771,2000,0,0,0
09771,2001,0,0,0
09771,2002,0,0,0
09771,2003,0,0,0
09771,2004,0,0,0
09771,2005,0,0,0
09771,2006,0,0,0
09771,2007,0,0,0
09771,2008,0,0,0
09771,2009,0,0,0
09771,2010,0,0,0
09771,2011,1,2,0.0025633138521480568
09771,2012,1,2,0.0025633138521480568
09771,2013,1,2,0.0025633138521480568
09771,2014,1,2,0.0025633138521480568
09771,2015,4,7202,9.230493181585153
09771,2016,11,21612,27.699169486311902
09771,2017,13,27612,35.38911104275608
09771,2018,13,27612,35.38911104275608
09771,2019,13,27612,35.38911104275608
09771,2020,13,27612,35.38911104275608
09771,2021,13,27612,35.38911104275608
09771,2022,13,27612,35.38911104275608
09771,2023,13,27612,35.38911104275608
09772,1960,0,0,0
09772,1961,0,0,0
09772,1962,0,0,0
09772,1963,0,0,0
09772,1964,0,0,0
09772,1965,0,0,0
09772,1966,0,0,0
09772,1967,0,0,0
09772,1968,0,0,0
09772,1969,0,0,0
09772,1970,0,0,0
09772,1971,0,0,0
09772,1972,0,0,0
09772,1973,0,0,0
09772,1974,0,0,0
09772,1975,0,0,0
09772,1976,0,0,0
09772,1977,0,0,0
09772,1978,0,0,0
09772,1979,0,0,0
09772,1980,0,0,0
09772,1981,0,0,0
09772,1982,0,0,0
09772,1983,0,0,0
09772,1984,0,0,0
09772,1985,0,0,0
09772,1986,0,0,0
09772,1987,0,0,0
09772,1988,0,0,0
09772,1989,0,0,0
09772,1990,0,0,0
09772,1991,0,0,0
09772,1992,0,0,0
09772,1993,0,0,0
09772,1994,0,0,0
09772,1995,0,0,0
09772,1996,0,0,0
09772,1997,0,0,0
09772,1998,0,0,0
09772,1999,0,0,0
09772,2000,0,0,0
09772,2001,0,0,0
09772,2002,0,0,0
09772,2003,0,0,0
09772,2004,0,0,0
09772,2005,0,0,0
09772,2006,0,0,0
09772,2007,0,0,0
09772,2008,0,0,0
09772,2009,0,0,0
09772,2010,0,0,0
09772,2011,0,0,0
09772,2012,1,0.53,4.949801540975952e-4
09772,2013,3,4700.53,4.389941629698809
09772,2014,3,4700.53,4.389941629698809
09772,2015,3,4700.53,4.389941629698809
09772,2016,8,16700.53,15.597039458323604
09772,2017,8,16700.53,15.597039458323604
09772,2018,8,16700.53,15.597039458323604
09772,2019,8,16700.53,15.597039458323604
09772,2020,8,16700.53,15.597039458323604
09772,2021,8,16700.53,15.597039458323604
09772,2022,8,16700.53,15.597039458323604
09772,2023,9,16703.53,15.59984123278076
09773,1960,0,0,0
09773,1961,0,0,0
09773,1962,0,0,0
09773,1963,0,0,0
09773,1964,0,0,0
09773,1965,0,0,0
09773,1966,0,0,0
09773,1967,0,0,0
09773,1968,0,0,0
09773,1969,0,0,0
09773,1970,0,0,0
09773,1971,0,0,0
09773,1972,0,0,0
09773,1973,0,0,0
09773,1974,0,0,0
09773,1975,0,0,0
09773,1976,0,0,0
09773,1977,0,0,0
09773,1978,0,0,0
09773,1979,0,0,0
09773,1980,0,0,0
09773,1981,0,0,0
09773,1982,0,0,0
09773,1983,0,0,0
09773,1984,0,0,0
09773,1985,0,0,0
09773,1986,0,0,0
09773,1987,0,0,0
09773,1988,0,0,0
09773,1989,0,0,0
09773,1990,0,0,0
09773,1991,0,0,0
09773,1992,0,0,0
09773,1993,0,0,0
09773,1994,0,0,0
09773,1995,0,0,0
09773,1996,0,0,0
09773,1997,0,0,0
09773,1998,0,0,0
09773,1999,0,0,0
09773,2000,0,0,0
09773,2001,0,0,0
09773,2002,0,0,0
09773,2003,0,0,0
09773,2004,0,0,0
09773,2005,0,0,0
09773,2006,0,0,0
09773,2007,1,800,1.0098077578480997
09773,2008,1,800,1.0098077578480997
09773,2009,1,800,1.0098077578480997
09773,2010,1,800,1.0098077578480997
09773,2011,1,800,1.0098077578480997
09773,2012,2,803.6,1.014351892758416
09773,2013,9,17603.6,22.220314807568506
09773,2014,12,24803.6,31.308584628201405
09773,2015,12,24803.6,31.308584628201405
09773,2016,12,24803.6,31.308584628201405
09773,2017,12,24803.6,31.308584628201405
09773,2018,12,24803.6,31.308584628201405
09773,2019,12,24803.6,31.308584628201405
09773,2020,12,24803.6,31.308584628201405
09773,2021,12,24803.6,31.308584628201405
09773,2022,12,24803.6,31.308584628201405
09773,2023,12,24803.6,31.308584628201405
09774,1960,0,0,0
09774,1961,0,0,0
09774,1962,0,0,0
09774,1963,0,0,0
09774,1964,0,0,0
09774,1965,0,0,0
09774,1966,0,0,0
09774,1967,0,0,0
09774,1968,0,0,0
09774,1969,0,0,0
09774,1970,0,0,0
09774,1971,0,0,0
09774,1972,0,0,0
09774,1973,0,0,0
09774,1974,0,0,0
09774,1975,0,0,0
09774,1976,0,0,0
09774,1977,0,0,0
09774,1978,0,0,0
09774,1979,0,0,0
09774,1980,0,0,0
09774,1981,0,0,0
09774,1982,0,0,0
09774,1983,0,0,0
09774,1984,0,0,0
09774,1985,0,0,0
09774,1986,0,0,0
09774,1987,0,0,0
09774,1988,0,0,0
09774,1989,0,0,0
09774,1990,0,0,0
09774,1991,0,0,0
09774,1992,0,0,0
09774,1993,0,0,0
09774,1994,0,0,0
09774,1995,0,0,0
09774,1996,0,0,0
09774,1997,0,0,0
09774,1998,0,0,0
09774,1999,0,0,0
09774,2000,0,0,0
09774,2001,0,0,0
09774,2002,0,0,0
09774,2003,0,0,0
09774,2004,0,0,0
09774,2005,0,0,0
09774,2006,0,0,0
09774,2007,0,0,0
09774,2008,0,0,0
09774,2009,0,0,0
09774,2010,0,0,0
09774,2011,0,0,0
09774,2012,0,0,0
09774,2013,3,13.799999999999999,0.018100259699378295
09774,2014,3,13.799999999999999,0.018100259699378295
09774,2015,3,13.799999999999999,0.018100259699378295
09774,2016,6,7213.8,9.461714015896751
09774,2017,6,7213.8,9.461714015896751
09774,2018,6,7213.8,9.461714015896751
09774,2019,6,7213.8,9.461714015896751
09774,2020,6,7213.8,9.461714015896751
09774,2021,6,7213.8,9.461714015896751
09774,2022,6,7213.8,9.461714015896751
09774,2023,7,7214.6,9.462763306314105
09775,1960,0,0,0
09775,1961,0,0,0
09775,1962,0,0,0
09775,1963,0,0,0
09775,1964,0,0,0
09775,1965,0,0,0
09775,1966,0,0,0
09775,1967,0,0,0
09775,1968,0,0,0
09775,1969,0,0,0
09775,1970,0,0,0
09775,1971,0,0,0
09775,1972,0,0,0
09775,1973,0,0,0
09775,1974,0,0,0
09775,1975,0,0,0
09775,1976,0,0,0
09775,1977,0,0,0
09775,1978,0,0,0
09775,1979,0,0,0
09775,1980,0,0,0
09775,1981,0,0,0
09775,1982,0,0,0
09775,1983,0,0,0
09775,1984,0,0,0
09775,1985,0,0,0
09775,1986,0,0,0
09775,1987,0,0,0
09775,1988,0,0,0
09775,1989,0,0,0
09775,1990,0,0,0
09775,1991,0,0,0
09775,1992,0,0,0
09775,1993,0,0,0
09775,1994,0,0,0
09775,1995,0,0,0
09775,1996,0,0,0
09775,1997,0,0,0
09775,1998,0,0,0
09775,1999,0,0,0
09775,2000,0,0,0
09775,2001,0,0,0
09775,2002,0,0,0
09775,2003,0,0,0
09775,2004,0,0,0
09775,2005,0,0,0
09775,2006,1,2000,3.877171215880893
09775,2007,1,2000,3.877171215880893
09775,2008,1,2000,3.877171215880893
09775,2009,1,2000,3.877171215880893
09775,2010,1,2000,3.877171215880893
09775,2011,1,2000,3.877171215880893
09775,2012,1,2000,3.877171215880893
09775,2013,1,2000,3.877171215880893
09775,2014,1,2000,3.877171215880893
09775,2015,2,2010,3.8965570719602973
09775,2016,2,2010,3.8965570719602973
09775,2017,2,2010,3.8965570719602973
09775,2018,2,2010,3.8965570719602973
09775,2019,2,2010,3.8965570719602973
09775,2020,2,2010,3.8965570719602973
09775,2021,2,2010,3.8965570719602973
09775,2022,2,2010,3.8965570719602973
09775,2023,2,2010,3.8965570719602973
09777,1960,0,0,0
09777,1961,0,0,0
09777,1962,0,0,0
09777,1963,0,0,0
09777,1964,0,0,0
09777,1965,0,0,0
09777,1966,0,0,0
09777,1967,0,0,0
09777,1968,0,0,0
09777,1969,0,0,0
09777,1970,0,0,0
09777,1971,0,0,0
09777,1972,0,0,0
09777,1973,0,0,0
09777,1974,0,0,0
09777,1975,0,0,0
09777,1976,0,0,0
09777,1977,0,0,0
09777,1978,0,0,0
09777,1979,0,0,0
09777,1980,0,0,0
09777,1981,0,0,0
09777,1982,0,0,0
09777,1983,0,0,0
09777,1984,0,0,0
09777,1985,0,0,0
09777,1986,0,0,0
09777,1987,0,0,0
09777,1988,0,0,0
09777,1989,0,0,0
09777,1990,0,0,0
09777,1991,0,0,0
09777,1992,0,0,0
09777,1993,0,0,0
09777,1994,0,0,0
09777,1995,0,0,0
09777,1996,0,0,0
09777,1997,0,0,0
09777,1998,0,0,0
09777,1999,0,0,0
09777,2000,5,2700,1.9362889229930722
09777,2001,7,3900,2.7968617776566598
09777,2002,12,10700,7.67344128741699
09777,2003,13,11950,8.569871344358228
09777,2004,13,11950,8.569871344358228
09777,2005,13,11950,8.569871344358228
09777,2006,14,13950,10.004159435464206
09777,2007,19,21250,15.239310968001032
09777,2008,20,22050,15.813026204443423
09777,2009,21,22850,16.386741440885814
09777,2010,21,22850,16.386741440885814
09777,2011,22,23650,16.960456677328207
09777,2012,23,24424,17.51552616858622
09777,2013,25,24444,17.529869049497282
09777,2014,31,41844,30.008175442119303
09777,2015,31,41844,30.008175442119303
09777,2016,33,48444,34.74132614276903
09777,2017,34,51744,37.1079014930939
09777,2018,35,55374,39.711134378451256
09777,2019,35,55374,39.711134378451256
09777,2020,35,55374,39.711134378451256
09777,2021,35,55374,39.711134378451256
09777,2022,35,55374,39.711134378451256
09777,2023,35,55374,39.711134378451256
09778,1960,0,0,0
09778,1961,0,0,0
09778,1962,0,0,0
09778,1963,0,0,0
09778,1964,0,0,0
09778,1965,0,0,0
09778,1966,0,0,0
09778,1967,0,0,0
09778,1968,0,0,0
09778,1969,0,0,0
09778,1970,0,0,0
09778,1971,0,0,0
09778,1972,0,0,0
09778,1973,0,0,0
09778,1974,0,0,0
09778,1975,0,0,0
09778,1976,0,0,0
09778,1977,0,0,0
09778,1978,0,0,0
09778,1979,0,0,0
09778,1980,0,0,0
09778,1981,0,0,0
09778,1982,0,0,0
09778,1983,0,0,0
09778,1984,0,0,0
09778,1985,0,0,0
09778,1986,0,0,0
09778,1987,0,0,0
09778,1988,0,0,0
09778,1989,0,0,0
09778,1990,0,0,0
09778,1991,0,0,0
09778,1992,0,0,0
09778,1993,0,0,0
09778,1994,0,0,0
09778,1995,0,0,0
09778,1996,1,600,0.4879834085641088
09778,1997,1,600,0.4879834085641088
09778,1998,1,600,0.4879834085641088
09778,1999,1,600,0.4879834085641088
09778,2000,1,600,0.4879834085641088
09778,2001,2,1200,0.9759668171282176
09778,2002,9,5800,4.717172949453052
09778,2003,9,5800,4.717172949453052
09778,2004,9,5800,4.717172949453052
09778,2005,9,5800,4.717172949453052
09778,2006,10,6600,5.367817494205197
09778,2007,10,6600,5.367817494205197
09778,2008,10,6600,5.367817494205197
09778,2009,10,6600,5.367817494205197
09778,2010,10,6600,5.367817494205197
09778,2011,10,6600,5.367817494205197
09778,2012,10,6600,5.367817494205197
09778,2013,10,6600,5.367817494205197
09778,2014,12,6601.9,5.369362774998983
09778,2015,13,6607.4,5.373835956244155
09778,2016,13,6607.4,5.373835956244155
09778,2017,13,6607.4,5.373835956244155
09778,2018,13,6607.4,5.373835956244155
09778,2019,13,6607.4,5.373835956244155
09778,2020,13,6607.4,5.373835956244155
09778,2021,13,6607.4,5.373835956244155
09778,2022,13,6607.4,5.373835956244155
09778,2023,13,6607.4,5.373835956244155
09779,1960,0,0,0
09779,1961,0,0,0
09779,1962,0,0,0
09779,1963,0,0,0
09779,1964,0,0,0
09779,1965,0,0,0
09779,1966,0,0,0
09779,1967,0,0,0
09779,1968,0,0,0
09779,1969,0,0,0
09779,1970,0,0,0
09779,1971,0,0,0
09779,1972,0,0,0
09779,1973,0,0,0
09779,1974,0,0,0
09779,1975,0,0,0
09779,1976,0,0,0
09779,1977,0,0,0
09779,1978,0,0,0
09779,1979,0,0,0
09779,1980,0,0,0
09779,1981,0,0,0
09779,1982,0,0,0
09779,1983,0,0,0
09779,1984,0,0,0
09779,1985,0,0,0
09779,1986,0,0,0
09779,1987,0,0,0
09779,1988,0,0,0
09779,1989,0,0,0
09779,1990,0,0,0
09779,1991,0,0,0
09779,1992,0,0,0
09779,1993,0,0,0
09779,1994,0,0,0
09779,1995,0,0,0
09779,1996,0,0,0
09779,1997,0,0,0
09779,1998,0,0,0
09779,1999,0,0,0
09779,2000,0,0,0
09779,2001,0,0,0
09779,2002,1,1800,1.4122409910793445
09779,2003,1,1800,1.4122409910793445
09779,2004,1,1800,1.4122409910793445
09779,2005,1,1800,1.4122409910793445
09779,2006,1,1800,1.4122409910793445
09779,2007,1,1800,1.4122409910793445
09779,2008,1,1800,1.4122409910793445
09779,2009,1,1800,1.4122409910793445
09779,2010,1,1800,1.4122409910793445
09779,2011,1,1800,1.4122409910793445
09779,2012,3,1807.7,1.4182822442078507
09779,2013,3,1807.7,1.4182822442078507
09779,2014,3,1807.7,1.4182822442078507
09779,2015,3,1807.7,1.4182822442078507
09779,2016,6,10147.7,7.961665502875481
09779,2017,6,10147.7,7.961665502875481
09779,2018,6,10147.7,7.961665502875481
09779,2019,6,10147.7,7.961665502875481
09779,2020,6,10147.7,7.961665502875481
09779,2021,6,10147.7,7.961665502875481
09779,2022,6,10147.7,7.961665502875481
09779,2023,6,10147.7,7.961665502875481
09780,1960,0,0,0
09780,1961,0,0,0
09780,1962,0,0,0
09780,1963,0,0,0
09780,1964,0,0,0
09780,1965,0,0,0
09780,1966,0,0,0
09780,1967,0,0,0
09780,1968,0,0,0
09780,1969,0,0,0
09780,1970,0,0,0
09780,1971,0,0,0
09780,1972,0,0,0
09780,1973,0,0,0
09780,1974,0,0,0
09780,1975,0,0,0
09780,1976,0,0,0
09780,1977,0,0,0
09780,1978,0,0,0
09780,1979,0,0,0
09780,1980,0,0,0
09780,1981,0,0,0
09780,1982,0,0,0
09780,1983,0,0,0
09780,1984,0,0,0
09780,1985,0,0,0
09780,1986,0,0,0
09780,1987,0,0,0
09780,1988,0,0,0
09780,1989,0,0,0
09780,1990,0,0,0
09780,1991,0,0,0
09780,1992,0,0,0
09780,1993,0,0,0
09780,1994,0,0,0
09780,1995,0,0,0
09780,1996,0,0,0
09780,1997,0,0,0
09780,1998,0,0,0
09780,1999,0,0,0
09780,2000,2,2000,1.308926222373476
09780,2001,6,7800,5.104812267256556
09780,2002,7,9300,6.086506934036663
09780,2003,7,9300,6.086506934036663
09780,2004,8,11600,7.5917720897661605
09780,2005,8,11600,7.5917720897661605
09780,2006,8,11600,7.5917720897661605
09780,2007,10,15600,10.209624534513113
09780,2008,10,15600,10.209624534513113
09780,2009,10,15600,10.209624534513113
09780,2010,10,15600,10.209624534513113
09780,2011,11,15604.97,10.212877216175709
09780,2012,14,20205.97,13.224061990745891
09780,2013,14,20205.97,13.224061990745891
09780,2014,15,20215.97,13.23060662185776
09780,2015,17,26215.97,17.157385288978187
09780,2016,17,26215.97,17.157385288978187
09780,2017,17,26215.97,17.157385288978187
09780,2018,18,26220.97,17.16065760453412
09780,2019,18,26220.97,17.16065760453412
09780,2020,19,26221.57,17.161050282400833
09780,2021,19,26221.57,17.161050282400833
09780,2022,20,26222.82,17.161868361289816
09780,2023,20,26222.82,17.161868361289816
10041,1960,0,0,0
10041,1961,0,0,0
10041,1962,0,0,0
10041,1963,0,0,0
10041,1964,0,0,0
10041,1965,0,0,0
10041,1966,0,0,0
10041,1967,0,0,0
10041,1968,0,0,0
10041,1969,0,0,0
10041,1970,0,0,0
10041,1971,0,0,0
10041,1972,0,0,0
10041,1973,0,0,0
10041,1974,0,0,0
10041,1975,0,0,0
10041,1976,0,0,0
10041,1977,0,0,0
10041,1978,0,0,0
10041,1979,0,0,0
10041,1980,0,0,0
10041,1981,0,0,0
10041,1982,0,0,0
10041,1983,0,0,0
10041,1984,0,0,0
10041,1985,0,0,0
10041,1986,0,0,0
10041,1987,0,0,0
10041,1988,0,0,0
10041,1989,0,0,0
10041,1990,0,0,0
10041,1991,0,0,0
10041,1992,0,0,0
10041,1993,0,0,0
10041,1994,0,0,0
10041,1995,0,0,0
10041,1996,0,0,0
10041,1997,0,0,0
10041,1998,0,0,0
10041,1999,0,0,0
10041,2000,0,0,0
10041,2001,0,0,0
10041,2002,0,0,0
10041,2003,0,0,0
10041,2004,0,0,0
10041,2005,0,0,0
10041,2006,0,0,0
10041,2007,0,0,0
10041,2008,0,0,0
10041,2009,0,0,0
10041,2010,0,0,0
10041,2011,0,0,0
10041,2012,0,0,0
10041,2013,0,0,0
10041,2014,0,0,0
10041,2015,0,0,0
10041,2016,0,0,0
10041,2017,0,0,0
10041,2018,4,12000,29.200632680374742
10041,2019,4,12000,29.200632680374742
10041,2020,6,18000,43.800949020562115
10041,2021,6,18000,43.800949020562115
10041,2022,6,18000,43.800949020562115
10041,2023,8,27760,67.55079693393357
10042,1960,0,0,0
10042,1961,0,0,0
10042,1962,0,0,0
10042,1963,0,0,0
10042,1964,0,0,0
10042,1965,0,0,0
10042,1966,0,0,0
10042,1967,0,0,0
10042,1968,0,0,0
10042,1969,0,0,0
10042,1970,0,0,0
10042,1971,0,0,0
10042,1972,0,0,0
10042,1973,0,0,0
10042,1974,0,0,0
10042,1975,0,0,0
10042,1976,0,0,0
10042,1977,0,0,0
10042,1978,0,0,0
10042,1979,0,0,0
10042,1980,0,0,0
10042,1981,0,0,0
10042,1982,0,0,0
10042,1983,0,0,0
10042,1984,0,0,0
10042,1985,0,0,0
10042,1986,0,0,0
10042,1987,0,0,0
10042,1988,0,0,0
10042,1989,0,0,0
10042,1990,0,0,0
10042,1991,0,0,0
10042,1992,0,0,0
10042,1993,0,0,0
10042,1994,0,0,0
10042,1995,0,0,0
10042,1996,0,0,0
10042,1997,0,0,0
10042,1998,0,0,0
10042,1999,0,0,0
10042,2000,0,0,0
10042,2001,0,0,0
10042,2002,2,3000,5.384932957584678
10042,2003,7,12000,21.539731830338713
10042,2004,14,22500,40.386997181885086
10042,2005,14,22500,40.386997181885086
10042,2006,14,22500,40.386997181885086
10042,2007,15,24500,43.976952486941535
10042,2008,15,24500,43.976952486941535
10042,2009,18,30500,54.74681840211089
10042,2010,18,30500,54.74681840211089
10042,2011,22,38500,69.1066396223367
10042,2012,23,38503.5,69.11292204412055
10042,2013,28,52728.5,94.64647915133456
10042,2014,39,80528.5,144.54685789161925
10042,2015,49,109253.5,196.10759096049253
10042,2016,51,115853.5,207.95444346717883
10042,2017,60,143503.5,257.5855755595843
10042,2018,63,152503.5,273.7403744323383
10042,2019,63,152503.5,273.7403744323383
10042,2020,66,162403.5,291.5106531923677
10042,2021,66,162403.5,291.5106531923677
10042,2022,68,170803.5,306.58846547360486
10042,2023,73,185206,332.4406311141426
10043,1960,0,0,0
10043,1961,0,0,0
10043,1962,0,0,0
10043,1963,0,0,0
10043,1964,0,0,0
10043,1965,0,0,0
10043,1966,0,0,0
10043,1967,0,0,0
10043,1968,0,0,0
10043,1969,0,0,0
10043,1970,0,0,0
10043,1971,0,0,0
10043,1972,0,0,0
10043,1973,0,0,0
10043,1974,0,0,0
10043,1975,0,0,0
10043,1976,0,0,0
10043,1977,0,0,0
10043,1978,0,0,0
10043,1979,0,0,0
10043,1980,0,0,0
10043,1981,0,0,0
10043,1982,0,0,0
10043,1983,0,0,0
10043,1984,0,0,0
10043,1985,0,0,0
10043,1986,0,0,0
10043,1987,0,0,0
10043,1988,0,0,0
10043,1989,0,0,0
10043,1990,0,0,0
10043,1991,0,0,0
10043,1992,0,0,0
10043,1993,0,0,0
10043,1994,0,0,0
10043,1995,0,0,0
10043,1996,0,0,0
10043,1997,0,0,0
10043,1998,0,0,0
10043,1999,0,0,0
10043,2000,0,0,0
10043,2001,0,0,0
10043,2002,0,0,0
10043,2003,0,0,0
10043,2004,0,0,0
10043,2005,0,0,0
10043,2006,0,0,0
10043,2007,0,0,0
10043,2008,0,0,0
10043,2009,0,0,0
10043,2010,4,6800,27.22177742193755
10043,2011,6,8400,33.62690152121697
10043,2012,7,9200,36.82946357085668
10043,2013,7,9200,36.82946357085668
10043,2014,11,19000,76.06084867894315
10043,2015,22,49460,197.99839871897518
10043,2016,22,49460,197.99839871897518
10043,2017,27,65960,264.05124099279425
10043,2018,30,71960,288.07045636509207
10043,2019,30,71960,288.07045636509207
10043,2020,30,71960,288.07045636509207
10043,2021,31,74960,300.080064051241
10043,2022,31,74960,300.080064051241
10043,2023,31,74960,300.080064051241
10044,1960,0,0,0
10044,1961,0,0,0
10044,1962,0,0,0
10044,1963,0,0,0
10044,1964,0,0,0
10044,1965,0,0,0
10044,1966,0,0,0
10044,1967,0,0,0
10044,1968,0,0,0
10044,1969,0,0,0
10044,1970,0,0,0
10044,1971,0,0,0
10044,1972,0,0,0
10044,1973,0,0,0
10044,1974,0,0,0
10044,1975,0,0,0
10044,1976,0,0,0
10044,1977,0,0,0
10044,1978,0,0,0
10044,1979,0,0,0
10044,1980,0,0,0
10044,1981,0,0,0
10044,1982,0,0,0
10044,1983,0,0,0
10044,1984,0,0,0
10044,1985,0,0,0
10044,1986,0,0,0
10044,1987,0,0,0
10044,1988,0,0,0
10044,1989,0,0,0
10044,1990,0,0,0
10044,1991,0,0,0
10044,1992,0,0,0
10044,1993,0,0,0
10044,1994,0,0,0
10044,1995,0,0,0
10044,1996,0,0,0
10044,1997,0,0,0
10044,1998,0,0,0
10044,1999,0,0,0
10044,2000,0,0,0
10044,2001,0,0,0
10044,2002,0,0,0
10044,2003,0,0,0
10044,2004,0,0,0
10044,2005,0,0,0
10044,2006,0,0,0
10044,2007,0,0,0
10044,2008,0,0,0
10044,2009,0,0,0
10044,2010,0,0,0
10044,2011,0,0,0
10044,2012,0,0,0
10044,2013,0,0,0
10044,2014,0,0,0
10044,2015,0,0,0
10044,2016,2,5500,11.973180076628353
10044,2017,4,11960,26.03622431208638
10044,2018,12,35960,78.28282828282828
10044,2019,12,35960,78.28282828282828
10044,2020,15,44960,97.87530477185649
10044,2021,17,51560,112.24312086381052
10044,2022,17,51560,112.24312086381052
10044,2023,17,51560,112.24312086381052
10045,1960,0,0,0
10045,1961,0,0,0
10045,1962,0,0,0
10045,1963,0,0,0
10045,1964,0,0,0
10045,1965,0,0,0
10045,1966,0,0,0
10045,1967,0,0,0
10045,1968,0,0,0
10045,1969,0,0,0
10045,1970,0,0,0
10045,1971,0,0,0
10045,1972,0,0,0
10045,1973,0,0,0
10045,1974,0,0,0
10045,1975,0,0,0
10045,1976,0,0,0
10045,1977,0,0,0
10045,1978,0,0,0
10045,1979,0,0,0
10045,1980,0,0,0
10045,1981,0,0,0
10045,1982,0,0,0
10045,1983,0,0,0
10045,1984,0,0,0
10045,1985,0,0,0
10045,1986,0,0,0
10045,1987,0,0,0
10045,1988,0,0,0
10045,1989,0,0,0
10045,1990,0,0,0
10045,1991,0,0,0
10045,1992,0,0,0
10045,1993,0,0,0
10045,1994,0,0,0
10045,1995,0,0,0
10045,1996,1,250,0.5976857607344364
10045,1997,1,250,0.5976857607344364
10045,1998,1,250,0.5976857607344364
10045,1999,1,250,0.5976857607344364
10045,2000,1,250,0.5976857607344364
10045,2001,1,250,0.5976857607344364
10045,2002,1,250,0.5976857607344364
10045,2003,1,250,0.5976857607344364
10045,2004,1,250,0.5976857607344364
10045,2005,1,250,0.5976857607344364
10045,2006,1,250,0.5976857607344364
10045,2007,1,250,0.5976857607344364
10045,2008,1,250,0.5976857607344364
10045,2009,1,250,0.5976857607344364
10045,2010,1,250,0.5976857607344364
10045,2011,1,250,0.5976857607344364
10045,2012,1,250,0.5976857607344364
10045,2013,1,250,0.5976857607344364
10045,2014,1,250,0.5976857607344364
10045,2015,1,250,0.5976857607344364
10045,2016,4,6400,15.30075547480157
10045,2017,8,16000,38.25188868700393
10045,2018,8,16000,38.25188868700393
10045,2019,8,16000,38.25188868700393
10045,2020,8,16000,38.25188868700393
10045,2021,8,16000,38.25188868700393
10045,2022,8,16000,38.25188868700393
10045,2023,9,16000.6,38.253323132829685
10046,1960,0,0,0
10046,1961,0,0,0
10046,1962,0,0,0
10046,1963,0,0,0
10046,1964,0,0,0
10046,1965,0,0,0
10046,1966,0,0,0
10046,1967,0,0,0
10046,1968,0,0,0
10046,1969,0,0,0
10046,1970,0,0,0
10046,1971,0,0,0
10046,1972,0,0,0
10046,1973,0,0,0
10046,1974,0,0,0
10046,1975,0,0,0
10046,1976,0,0,0
10046,1977,0,0,0
10046,1978,0,0,0
10046,1979,0,0,0
10046,1980,0,0,0
10046,1981,0,0,0
10046,1982,0,0,0
10046,1983,0,0,0
10046,1984,0,0,0
10046,1985,0,0,0
10046,1986,0,0,0
10046,1987,0,0,0
10046,1988,0,0,0
10046,1989,0,0,0
10046,1990,0,0,0
10046,1991,0,0,0
10046,1992,0,0,0
10046,1993,0,0,0
10046,1994,0,0,0
10046,1995,1,500,1.0492959224360454
10046,1996,1,500,1.0492959224360454
10046,1997,2,1000,2.098591844872091
10046,1998,2,1000,2.098591844872091
10046,1999,2,1000,2.098591844872091
10046,2000,2,1000,2.098591844872091
10046,2001,7,5400,11.33239596230929
10046,2002,8,6900,14.480283729617428
10046,2003,10,8700,18.25774905038719
10046,2004,17,19200,40.292963421544144
10046,2005,18,19800,41.552118528467396
10046,2006,18,19800,41.552118528467396
10046,2007,22,29000,60.85916350129064
10046,2008,23,31000,65.05634719103482
10046,2009,27,37000,77.64789826026737
10046,2010,30,44000,92.338041174372
10046,2011,39,63800,133.89015970283938
10046,2012,43,72900,152.98734549117543
10046,2013,49,90225,189.3454492035844
10046,2014,51,93300.6,195.79987828167302
10046,2015,53,98100.6,205.87311913705906
10046,2016,62,122800.6,257.7083377053997
10046,2017,78,169500.6,355.71257686092633
10046,2018,81,178500.6,374.59990346477514
10046,2019,83,185400.6,389.0801871943926
10046,2020,83,185400.6,389.0801871943926
10046,2021,83,185400.6,389.0801871943926
10046,2022,84,188850.6,396.3203290592013
10046,2023,84,188850.6,396.3203290592013
11000,1960,0,0,0
11000,1961,0,0,0
11000,1962,0,0,0
11000,1963,0,0,0
11000,1964,0,0,0
11000,1965,0,0,0
11000,1966,0,0,0
11000,1967,0,0,0
11000,1968,0,0,0
11000,1969,0,0,0
11000,1970,0,0,0
11000,1971,0,0,0
11000,1972,0,0,0
11000,1973,0,0,0
11000,1974,0,0,0
11000,1975,0,0,0
11000,1976,0,0,0
11000,1977,0,0,0
11000,1978,0,0,0
11000,1979,0,0,0
11000,1980,0,0,0
11000,1981,0,0,0
11000,1982,0,0,0
11000,1983,0,0,0
11000,1984,0,0,0
11000,1985,0,0,0
11000,1986,0,0,0
11000,1987,0,0,0
11000,1988,0,0,0
11000,1989,0,0,0
11000,1990,0,0,0
11000,1991,0,0,0
11000,1992,0,0,0
11000,1993,0,0,0
11000,1994,0,0,0
11000,1995,1,1.8,0.0020199299757608404
11000,1996,1,1.8,0.0020199299757608404
11000,1997,1,1.8,0.0020199299757608404
11000,1998,1,1.8,0.0020199299757608404
11000,1999,1,1.8,0.0020199299757608404
11000,2000,1,1.8,0.0020199299757608404
11000,2001,1,1.8,0.0020199299757608404
11000,2002,1,1.8,0.0020199299757608404
11000,2003,1,1.8,0.0020199299757608404
11000,2004,1,1.8,0.0020199299757608404
11000,2005,1,1.8,0.0020199299757608404
11000,2006,1,1.8,0.0020199299757608404
11000,2007,1,1.8,0.0020199299757608404
11000,2008,2,2001.8,2.246386569710028
11000,2009,2,2001.8,2.246386569710028
11000,2010,2,2001.8,2.246386569710028
11000,2011,2,2001.8,2.246386569710028
11000,2012,2,2001.8,2.246386569710028
11000,2013,2,2001.8,2.246386569710028
11000,2014,3,4301.8,4.827408205404435
11000,2015,5,9001.8,10.101669808779961
11000,2016,9,12375.2,13.887243020019751
11000,2017,9,12375.2,13.887243020019751
11000,2018,9,12375.2,13.887243020019751
11000,2019,9,12375.2,13.887243020019751
11000,2020,9,12375.2,13.887243020019751
11000,2021,10,16575.2,18.60041296346171
11000,2022,10,16575.2,18.60041296346171
11000,2023,10,16575.2,18.60041296346171
12052,1960,0,0,0
12052,1961,0,0,0
12052,1962,0,0,0
12052,1963,0,0,0
12052,1964,0,0,0
12052,1965,0,0,0
12052,1966,0,0,0
12052,1967,0,0,0
12052,1968,0,0,0
12052,1969,0,0,0
12052,1970,0,0,0
12052,1971,0,0,0
12052,1972,0,0,0
12052,1973,0,0,0
12052,1974,0,0,0
12052,1975,0,0,0
12052,1976,0,0,0
12052,1977,0,0,0
12052,1978,0,0,0
12052,1979,0,0,0
12052,1980,0,0,0
12052,1981,0,0,0
12052,1982,0,0,0
12052,1983,0,0,0
12052,1984,0,0,0
12052,1985,0,0,0
12052,1986,0,0,0
12052,1987,0,0,0
12052,1988,0,0,0
12052,1989,0,0,0
12052,1990,0,0,0
12052,1991,0,0,0
12052,1992,0,0,0
12052,1993,0,0,0
12052,1994,0,0,0
12052,1995,0,0,0
12052,1996,0,0,0
12052,1997,0,0,0
12052,1998,0,0,0
12052,1999,0,0,0
12052,2000,0,0,0
12052,2001,0,0,0
12052,2002,0,0,0
12052,2003,0,0,0
12052,2004,1,2000,12.076565424793188
12052,2005,12,24000,144.91878509751825
12052,2006,18,36000,217.37817764627738
12052,2007,18,36000,217.37817764627738
12052,2008,18,36000,217.37817764627738
12052,2009,32,64000,386.450093593382
12052,2010,32,64000,386.450093593382
12052,2011,32,64000,386.450093593382
12052,2012,32,64000,386.450093593382
12052,2013,32,64000,386.450093593382
12052,2014,32,64000,386.450093593382
12052,2015,32,64000,386.450093593382
12052,2016,32,64000,386.450093593382
12052,2017,32,64000,386.450093593382
12052,2018,32,64000,386.450093593382
12052,2019,32,64000,386.450093593382
12052,2020,32,64000,386.450093593382
12052,2021,32,64000,386.450093593382
12052,2022,32,64000,386.450093593382
12052,2023,33,64002,386.4621701588068
12053,1960,0,0,0
12053,1961,0,0,0
12053,1962,0,0,0
12053,1963,0,0,0
12053,1964,0,0,0
12053,1965,0,0,0
12053,1966,0,0,0
12053,1967,0,0,0
12053,1968,0,0,0
12053,1969,0,0,0
12053,1970,0,0,0
12053,1971,0,0,0
12053,1972,0,0,0
12053,1973,0,0,0
12053,1974,0,0,0
12053,1975,0,0,0
12053,1976,0,0,0
12053,1977,0,0,0
12053,1978,0,0,0
12053,1979,0,0,0
12053,1980,0,0,0
12053,1981,0,0,0
12053,1982,0,0,0
12053,1983,0,0,0
12053,1984,0,0,0
12053,1985,0,0,0
12053,1986,0,0,0
12053,1987,0,0,0
12053,1988,0,0,0
12053,1989,0,0,0
12053,1990,0,0,0
12053,1991,0,0,0
12053,1992,0,0,0
12053,1993,0,0,0
12053,1994,0,0,0
12053,1995,0,0,0
12053,1996,2,1000,6.763611768684478
12053,1997,2,1000,6.763611768684478
12053,1998,2,1000,6.763611768684478
12053,1999,2,1000,6.763611768684478
12053,2000,2,1000,6.763611768684478
12053,2001,2,1000,6.763611768684478
12053,2002,3,1600,10.821778829895164
12053,2003,3,1600,10.821778829895164
12053,2004,3,1600,10.821778829895164
12053,2005,3,1600,10.821778829895164
12053,2006,10,15600,105.51234359147786
12053,2007,10,15600,105.51234359147786
12053,2008,10,15600,105.51234359147786
12053,2009,13,21600,146.09401420358472
12053,2010,13,21600,146.09401420358472
12053,2011,13,21600,146.09401420358472
12053,2012,13,21600,146.09401420358472
12053,2013,13,21600,146.09401420358472
12053,2014,13,21600,146.09401420358472
12053,2015,13,21600,146.09401420358472
12053,2016,13,21600,146.09401420358472
12053,2017,13,21600,146.09401420358472
12053,2018,13,21600,146.09401420358472
12053,2019,13,21600,146.09401420358472
12053,2020,13,21600,146.09401420358472
12053,2021,13,21600,146.09401420358472
12053,2022,13,21600,146.09401420358472
12053,2023,13,21600,146.09401420358472
12054,1960,0,0,0
12054,1961,0,0,0
12054,1962,0,0,0
12054,1963,0,0,0
12054,1964,0,0,0
12054,1965,0,0,0
12054,1966,0,0,0
12054,1967,0,0,0
12054,1968,0,0,0
12054,1969,0,0,0
12054,1970,0,0,0
12054,1971,0,0,0
12054,1972,0,0,0
12054,1973,0,0,0
12054,1974,0,0,0
12054,1975,0,0,0
12054,1976,0,0,0
12054,1977,0,0,0
12054,1978,0,0,0
12054,1979,0,0,0
12054,1980,0,0,0
12054,1981,0,0,0
12054,1982,0,0,0
12054,1983,0,0,0
12054,1984,0,0,0
12054,1985,0,0,0
12054,1986,0,0,0
12054,1987,0,0,0
12054,1988,0,0,0
12054,1989,0,0,0
12054,1990,0,0,0
12054,1991,0,0,0
12054,1992,0,0,0
12054,1993,0,0,0
12054,1994,1,150,0.7968550786230344
12054,1995,1,150,0.7968550786230344
12054,1996,1,150,0.7968550786230344
12054,1997,1,150,0.7968550786230344
12054,1998,3,1150,6.109222269443263
12054,1999,3,1150,6.109222269443263
12054,2000,3,1150,6.109222269443263
12054,2001,6,6550,34.7960050998725
12054,2002,6,6550,34.7960050998725
12054,2003,10,13750,73.04504887377816
12054,2004,10,13750,73.04504887377816
12054,2005,17,27750,147.41818954526136
12054,2006,20,33750,179.29239269018274
12054,2007,20,33750,179.29239269018274
12054,2008,20,33750,179.29239269018274
12054,2009,34,61750,328.03867403314916
12054,2010,36,65750,349.28814279643007
12054,2011,36,65750,349.28814279643007
12054,2012,36,65750,349.28814279643007
12054,2013,39,71750,381.1623459413515
12054,2014,39,71750,381.1623459413515
12054,2015,39,71750,381.1623459413515
12054,2016,39,71750,381.1623459413515
12054,2017,39,71750,381.1623459413515
12054,2018,39,71750,381.1623459413515
12054,2019,39,71750,381.1623459413515
12054,2020,39,71750,381.1623459413515
12054,2021,39,71750,381.1623459413515
12054,2022,39,71750,381.1623459413515
12054,2023,39,71750,381.1623459413515
12060,1960,0,0,0
12060,1961,0,0,0
12060,1962,0,0,0
12060,1963,0,0,0
12060,1964,0,0,0
12060,1965,0,0,0
12060,1966,0,0,0
12060,1967,0,0,0
12060,1968,0,0,0
12060,1969,0,0,0
12060,1970,0,0,0
12060,1971,0,0,0
12060,1972,0,0,0
12060,1973,0,0,0
12060,1974,0,0,0
12060,1975,0,0,0
12060,1976,0,0,0
12060,1977,0,0,0
12060,1978,0,0,0
12060,1979,0,0,0
12060,1980,0,0,0
12060,1981,0,0,0
12060,1982,0,0,0
12060,1983,0,0,0
12060,1984,0,0,0
12060,1985,0,0,0
12060,1986,0,0,0
12060,1987,0,0,0
12060,1988,0,0,0
12060,1989,0,0,0
12060,1990,0,0,0
12060,1991,0,0,0
12060,1992,0,0,0
12060,1993,0,0,0
12060,1994,2,1100,0.7434441741011084
12060,1995,2,1100,0.7434441741011084
12060,1996,2,1100,0.7434441741011084
12060,1997,2,1100,0.7434441741011084
12060,1998,3,1700,1.1489591781562585
12060,1999,6,3700,2.500675858340092
12060,2000,8,5950,4.021357123546905
12060,2001,13,11850,8.008921330089214
12060,2002,25,30150,20.37712895377129
12060,2003,44,60650,40.99080832657475
12060,2004,67,94750,64.03757772370912
12060,2005,72,102750,69.44444444444444
12060,2006,73,103550,69.98513111651798
12060,2007,73,103550,69.98513111651798
12060,2008,74,105550,71.33684779670182
12060,2009,77,111600,75.42579075425792
12060,2010,79,115600,78.12922411462559
12060,2011,80,117650,79.514733711814
12060,2012,85,130390,88.12516896458503
12060,2013,103,184665,124.80738037307381
12060,2014,111,203590,137.59799945931334
12060,2015,113,206764.6,139.74357934576915
12060,2016,115,212614.6,143.69735063530686
12060,2017,118,222514.6,150.38834820221683
12060,2018,138,288714.6,195.1301703163017
12060,2019,139,292314.6,197.5632603406326
12060,2020,146,316414.6,213.8514463368478
12060,2021,151,333664.6,225.51000270343337
12060,2022,166,401764.6,271.5359556636929
12060,2023,167,408564.6,276.13179237631795
12061,1960,0,0,0
12061,1961,0,0,0
12061,1962,0,0,0
12061,1963,0,0,0
12061,1964,0,0,0
12061,1965,0,0,0
12061,1966,0,0,0
12061,1967,0,0,0
12061,1968,0,0,0
12061,1969,0,0,0
12061,1970,0,0,0
12061,1971,0,0,0
12061,1972,0,0,0
12061,1973,0,0,0
12061,1974,0,0,0
12061,1975,0,0,0
12061,1976,0,0,0
12061,1977,0,0,0
12061,1978,0,0,0
12061,1979,0,0,0
12061,1980,0,0,0
12061,1981,0,0,0
12061,1982,0,0,0
12061,1983,0,0,0
12061,1984,0,0,0
12061,1985,0,0,0
12061,1986,0,0,0
12061,1987,0,0,0
12061,1988,0,0,0
12061,1989,0,0,0
12061,1990,0,0,0
12061,1991,0,0,0
12061,1992,0,0,0
12061,1993,0,0,0
12061,1994,0,0,0
12061,1995,0,0,0
12061,1996,0,0,0
12061,1997,1,500,0.21982563430686777
12061,1998,7,3700,1.6267096938708214
12061,1999,16,10250,4.50642550329079
12061,2000,16,10250,4.50642550329079
12061,2001,19,12050,5.297797786795513
12061,2002,47,55850,24.55452335207713
12061,2003,79,115950,50.97756459576264
12061,2004,88,133950,58.891287430809875
12061,2005,89,135950,59.77058996803735
12061,2006,108,168950,74.27908183229061
12061,2007,121,194750,85.622084562525
12061,2008,121,194750,85.622084562525
12061,2009,141,234750,103.20813530707441
12061,2010,165,282750,124.31139620053372
12061,2011,175,303050,133.23631695339256
12061,2012,193,340250,149.5913441458235
12061,2013,195,346350,152.27321688436732
12061,2014,228,439050,193.0288894848606
12061,2015,248,485370,213.39353624704881
12061,2016,272,559300,245.8969545356623
12061,2017,275,568750,250.0516590240621
12061,2018,280,584350,256.91021881443635
12061,2019,281,586400,257.81150391509453
12061,2020,293,616450,271.02302453693727
12061,2021,296,626950,275.6393628573815
12061,2022,301,650950,286.19099330411115
12061,2023,308,694950,305.5356491231155
12062,1960,0,0,0
12062,1961,0,0,0
12062,1962,0,0,0
12062,1963,0,0,0
12062,1964,0,0,0
12062,1965,0,0,0
12062,1966,0,0,0
12062,1967,0,0,0
12062,1968,0,0,0
12062,1969,0,0,0
12062,1970,0,0,0
12062,1971,0,0,0
12062,1972,0,0,0
12062,1973,0,0,0
12062,1974,0,0,0
12062,1975,0,0,0
12062,1976,0,0,0
12062,1977,0,0,0
12062,1978,0,0,0
12062,1979,0,0,0
12062,1980,0,0,0
12062,1981,0,0,0
12062,1982,0,0,0
12062,1983,0,0,0
12062,1984,0,0,0
12062,1985,0,0,0
12062,1986,0,0,0
12062,1987,0,0,0
12062,1988,0,0,0
12062,1989,0,0,0
12062,1990,0,0,0
12062,1991,0,0,0
12062,1992,0,0,0
12062,1993,0,0,0
12062,1994,0,0,0
12062,1995,0,0,0
12062,1996,3,1800,0.9477874428694791
12062,1997,6,3600,1.8955748857389583
12062,1998,8,4800,2.5274331809852777
12062,1999,30,17400,9.161945281071631
12062,2000,36,21300,11.21548474062217
12062,2001,48,29800,15.691147665283598
12062,2002,55,34500,18.165925988331683
12062,2003,79,76000,40.01769203226689
12062,2004,99,106200,55.91945912929927
12062,2005,106,117700,61.97476779207649
12062,2006,139,179200,94.35750542345036
12062,2007,144,189200,99.6229912171697
12062,2008,144,189200,99.6229912171697
12062,2009,180,256300,134.9544008930264
12062,2010,182,260300,137.06059521051412
12062,2011,200,292700,154.12076918216474
12062,2012,211,314850,165.78382021525306
12062,2013,224,344234,181.25592367151793
12062,2014,261,447021,235.37827249942077
12062,2015,267,466721,245.75127951304788
12062,2016,285,523921,275.8698582531224
12062,2017,296,559771,294.7466248236062
12062,2018,310,593121,312.30701994566016
12062,2019,317,616071,324.391309842246
12062,2020,320,627271,330.2886539312117
12062,2021,320,627271,330.2886539312117
12062,2022,321,633271,333.4479454074433
12062,2023,322,637471,335.6594494408054
12063,1960,0,0,0
12063,1961,0,0,0
12063,1962,0,0,0
12063,1963,0,0,0
12063,1964,0,0,0
12063,1965,0,0,0
12063,1966,0,0,0
12063,1967,0,0,0
12063,1968,0,0,0
12063,1969,0,0,0
12063,1970,0,0,0
12063,1971,0,0,0
12063,1972,0,0,0
12063,1973,0,0,0
12063,1974,0,0,0
12063,1975,0,0,0
12063,1976,0,0,0
12063,1977,0,0,0
12063,1978,0,0,0
12063,1979,0,0,0
12063,1980,0,0,0
12063,1981,0,0,0
12063,1982,0,0,0
12063,1983,0,0,0
12063,1984,0,0,0
12063,1985,0,0,0
12063,1986,0,0,0
12063,1987,0,0,0
12063,1988,0,0,0
12063,1989,0,0,0
12063,1990,0,0,0
12063,1991,0,0,0
12063,1992,0,0,0
12063,1993,0,0,0
12063,1994,0,0,0
12063,1995,1,600,0.3473609253695052
12063,1996,1,600,0.3473609253695052
12063,1997,1,600,0.3473609253695052
12063,1998,1,600,0.3473609253695052
12063,1999,14,9600,5.557774805912083
12063,2000,30,21050,12.186579131713474
12063,2001,32,22250,12.881300982452485
12063,2002,42,37250,21.565324116690114
12063,2003,55,60100,34.7939860245121
12063,2004,57,64100,37.109725526975474
12063,2005,92,136500,79.02461052156244
12063,2006,98,148500,85.97182902895254
12063,2007,117,190700,110.40288077994107
12063,2008,129,218000,126.20780288425355
12063,2009,133,226600,131.1866428145498
12063,2010,134,228900,132.51819302846624
12063,2011,140,242100,140.16013338659533
12063,2012,145,252100,145.94948214275377
12063,2013,145,252100,145.94948214275377
12063,2014,157,279700,161.928084709751
12063,2015,157,279700,161.928084709751
12063,2016,160,289600,167.65953997834785
12063,2017,160,289600,167.65953997834785
12063,2018,160,289600,167.65953997834785
12063,2019,160,289600,167.65953997834785
12063,2020,160,289600,167.65953997834785
12063,2021,160,289600,167.65953997834785
12063,2022,162,289854.6,167.8069367976796
12063,2023,163,289859.2,167.80959989810748
12064,1960,0,0,0
12064,1961,0,0,0
12064,1962,0,0,0
12064,1963,0,0,0
12064,1964,0,0,0
12064,1965,0,0,0
12064,1966,0,0,0
12064,1967,0,0,0
12064,1968,0,0,0
12064,1969,0,0,0
12064,1970,0,0,0
12064,1971,0,0,0
12064,1972,0,0,0
12064,1973,0,0,0
12064,1974,0,0,0
12064,1975,0,0,0
12064,1976,0,0,0
12064,1977,0,0,0
12064,1978,0,0,0
12064,1979,0,0,0
12064,1980,0,0,0
12064,1981,0,0,0
12064,1982,0,0,0
12064,1983,0,0,0
12064,1984,0,0,0
12064,1985,0,0,0
12064,1986,0,0,0
12064,1987,0,0,0
12064,1988,0,0,0
12064,1989,0,0,0
12064,1990,0,0,0
12064,1991,0,0,0
12064,1992,0,0,0
12064,1993,0,0,0
12064,1994,2,1000,0.4632482037550899
12064,1995,2,1000,0.4632482037550899
12064,1996,5,3000,1.3897446112652698
12064,1997,7,4200,1.9456424557713776
12064,1998,7,4200,1.9456424557713776
12064,1999,10,5860,2.714634474004827
12064,2000,12,7180,3.3261221029615458
12064,2001,45,60130,27.855114491793557
12064,2002,75,112330,52.03667072780925
12064,2003,92,140130,64.91497079220075
12064,2004,110,173380,80.31797356705749
12064,2005,134,218930,101.41892924810183
12064,2006,159,268930,124.58133943585634
12064,2007,168,286930,132.91980710344797
12064,2008,171,292930,135.69929632597848
12064,2009,192,334930,155.15572088369225
12064,2010,197,344930,159.78820292124317
12064,2011,200,351230,162.70666660490022
12064,2012,204,360430,166.96855007944706
12064,2013,211,375630,174.00992277652443
12064,2014,219,393780,182.41787767467932
12064,2015,219,393780,182.41787767467932
12064,2016,225,404836,187.5395498153956
12064,2017,237,444236,205.79152904334612
12064,2018,241,459686,212.94871379136228
12064,2019,243,467336,216.4925625500887
12064,2020,249,488936,226.49872375119864
12064,2021,253,506536,234.65189213728823
12064,2022,260,547336,253.5524188504959
12064,2023,263,563536,261.0570397513284
12065,1960,0,0,0
12065,1961,0,0,0
12065,1962,0,0,0
12065,1963,0,0,0
12065,1964,0,0,0
12065,1965,0,0,0
12065,1966,0,0,0
12065,1967,0,0,0
12065,1968,0,0,0
12065,1969,0,0,0
12065,1970,0,0,0
12065,1971,0,0,0
12065,1972,0,0,0
12065,1973,0,0,0
12065,1974,0,0,0
12065,1975,0,0,0
12065,1976,0,0,0
12065,1977,0,0,0
12065,1978,0,0,0
12065,1979,0,0,0
12065,1980,0,0,0
12065,1981,0,0,0
12065,1982,0,0,0
12065,1983,0,0,0
12065,1984,0,0,0
12065,1985,0,0,0
12065,1986,0,0,0
12065,1987,0,0,0
12065,1988,0,0,0
12065,1989,0,0,0
12065,1990,0,0,0
12065,1991,0,0,0
12065,1992,0,0,0
12065,1993,0,0,0
12065,1994,0,0,0
12065,1995,0,0,0
12065,1996,0,0,0
12065,1997,0,0,0
12065,1998,0,0,0
12065,1999,0,0,0
12065,2000,0,0,0
12065,2001,0,0,0
12065,2002,0,0,0
12065,2003,41,67980,37.5960224978846
12065,2004,53,88830,49.127017924199606
12065,2005,59,100830,55.76356205445284
12065,2006,63,105430,58.30757063771659
12065,2007,67,113430,62.731933391218746
12065,2008,67,113430,62.731933391218746
12065,2009,67,113430,62.731933391218746
12065,2010,72,123430,68.26238683309644
12065,2011,72,123430,68.26238683309644
12065,2012,79,138330,76.50276246149421
12065,2013,81,142330,78.71494383824529
12065,2014,81,142330,78.71494383824529
12065,2015,84,150480,83.22226339337561
12065,2016,84,150480,83.22226339337561
12065,2017,84,150480,83.22226339337561
12065,2018,84,150480,83.22226339337561
12065,2019,86,155080,85.76627197663936
12065,2020,87,155084.6,85.76881598522263
12065,2021,87,155084.6,85.76881598522263
12065,2022,88,155088.6,85.77102816659938
12065,2023,88,155088.6,85.77102816659938
12066,1960,0,0,0
12066,1961,0,0,0
12066,1962,0,0,0
12066,1963,0,0,0
12066,1964,0,0,0
12066,1965,0,0,0
12066,1966,0,0,0
12066,1967,0,0,0
12066,1968,0,0,0
12066,1969,0,0,0
12066,1970,0,0,0
12066,1971,0,0,0
12066,1972,0,0,0
12066,1973,0,0,0
12066,1974,0,0,0
12066,1975,0,0,0
12066,1976,0,0,0
12066,1977,0,0,0
12066,1978,0,0,0
12066,1979,0,0,0
12066,1980,0,0,0
12066,1981,0,0,0
12066,1982,0,0,0
12066,1983,0,0,0
12066,1984,0,0,0
12066,1985,0,0,0
12066,1986,0,0,0
12066,1987,0,0,0
12066,1988,0,0,0
12066,1989,0,0,0
12066,1990,0,0,0
12066,1991,0,0,0
12066,1992,0,0,0
12066,1993,0,0,0
12066,1994,0,0,0
12066,1995,0,0,0
12066,1996,0,0,0
12066,1997,5,3000,2.452062184296994
12066,1998,9,5200,4.250241119448122
12066,1999,9,5200,4.250241119448122
12066,2000,15,15100,12.342046327628202
12066,2001,15,15100,12.342046327628202
12066,2002,15,15100,12.342046327628202
12066,2003,16,16600,13.5680774197767
12066,2004,16,16600,13.5680774197767
12066,2005,21,24100,19.698232880519182
12066,2006,33,48600,39.723407385611296
12066,2007,36,54600,44.627531754205286
12066,2008,36,54600,44.627531754205286
12066,2009,41,64600,52.8010723685286
12066,2010,52,86600,70.78286172003989
12066,2011,55,94100,76.91301718078238
12066,2012,67,132525,108.3198469913197
12066,2013,70,141750,115.85993820803296
12066,2014,85,187875,153.56039429159924
12066,2015,147,364825,298.19119546205025
12066,2016,148,367225,300.15284520948785
12066,2017,155,390075,318.8293855132166
12066,2018,156,393675,321.771860134373
12066,2019,170,441475,360.84138427083843
12066,2020,176,464875,379.96746930835496
12066,2021,178,471775,385.6072123322381
12066,2022,184,502375,410.6182466120674
12066,2023,184,502375,410.6182466120674
12067,1960,0,0,0
12067,1961,0,0,0
12067,1962,0,0,0
12067,1963,0,0,0
12067,1964,0,0,0
12067,1965,0,0,0
12067,1966,0,0,0
12067,1967,0,0,0
12067,1968,0,0,0
12067,1969,0,0,0
12067,1970,0,0,0
12067,1971,0,0,0
12067,1972,0,0,0
12067,1973,0,0,0
12067,1974,0,0,0
12067,1975,0,0,0
12067,1976,0,0,0
12067,1977,0,0,0
12067,1978,0,0,0
12067,1979,0,0,0
12067,1980,0,0,0
12067,1981,0,0,0
12067,1982,0,0,0
12067,1983,0,0,0
12067,1984,0,0,0
12067,1985,0,0,0
12067,1986,0,0,0
12067,1987,0,0,0
12067,1988,0,0,0
12067,1989,0,0,0
12067,1990,0,0,0
12067,1991,0,0,0
12067,1992,2,73,0.03234725890214289
12067,1993,2,73,0.03234725890214289
12067,1994,3,110,0.048742444921037235
12067,1995,3,110,0.048742444921037235
12067,1996,5,1210,0.5361668941314096
12067,1997,6,1710,0.7577234619543061
12067,1998,9,3210,1.4223931654229958
12067,1999,10,3710,1.643949733245892
12067,2000,11,4310,1.909817614633368
12067,2001,11,4310,1.909817614633368
12067,2002,51,69110,30.623548804480755
12067,2003,73,106010,46.97442350981052
12067,2004,74,108010,47.860649781102104
12067,2005,86,132010,58.495365036601136
12067,2006,96,152010,67.357627749517
12067,2007,98,156610,69.39594817348765
12067,2008,101,162610,72.05462698736241
12067,2009,112,180610,80.03066342898668
12067,2010,112,180610,80.03066342898668
12067,2011,112,180610,80.03066342898668
12067,2012,118,192610,85.3480210567362
12067,2013,118,192610,85.3480210567362
12067,2014,127,214110,94.87495347312075
12067,2015,127,214110,94.87495347312075
12067,2016,137,248610,110.16235665290061
12067,2017,143,269310,119.33479856076852
12067,2018,143,269310,119.33479856076852
12067,2019,147,283710,125.71562771406795
12067,2020,147,283710,125.71562771406795
12067,2021,180,413860,183.3868023183679
12067,2022,189,452369.83999999997,200.45101827398568
12067,2023,199,502127.76,222.49940622839821
12068,1960,0,0,0
12068,1961,0,0,0
12068,1962,0,0,0
12068,1963,0,0,0
12068,1964,0,0,0
12068,1965,0,0,0
12068,1966,0,0,0
12068,1967,0,0,0
12068,1968,0,0,0
12068,1969,0,0,0
12068,1970,0,0,0
12068,1971,0,0,0
12068,1972,0,0,0
12068,1973,0,0,0
12068,1974,0,0,0
12068,1975,0,0,0
12068,1976,0,0,0
12068,1977,0,0,0
12068,1978,0,0,0
12068,1979,0,0,0
12068,1980,0,0,0
12068,1981,0,0,0
12068,1982,0,0,0
12068,1983,0,0,0
12068,1984,0,0,0
12068,1985,0,0,0
12068,1986,0,0,0
12068,1987,0,0,0
12068,1988,0,0,0
12068,1989,0,0,0
12068,1990,0,0,0
12068,1991,0,0,0
12068,1992,0,0,0
12068,1993,0,0,0
12068,1994,0,0,0
12068,1995,5,2500,0.9895307645114687
12068,1996,9,4600,1.8207366067011024
12068,1997,16,8200,3.2456609075976175
12068,1998,22,11450,4.532050901462527
12068,1999,25,13270,5.252429298026876
12068,2000,25,13270,5.252429298026876
12068,2001,72,51620,20.431831225632806
12068,2002,97,81870,32.40515347622158
12068,2003,122,116970,46.2981654099626
12068,2004,124,118670,46.9710463298304
12068,2005,168,179420,71.01664390745908
12068,2006,181,204920,81.10985770547607
12068,2007,194,215970,85.48358368461676
12068,2008,204,232670,92.09364919155337
12068,2009,249,294870,116.71317461259872
12068,2010,262,305270,120.82962259296643
12068,2011,267,310470,122.88784658315028
12068,2012,280,329270,130.32911793227652
12068,2013,300,364626,144.32345781630352
12068,2014,316,393926,155.92075837637793
12068,2015,316,393926,155.92075837637793
12068,2016,318,398726,157.82065744423994
12068,2017,330,439076,173.79168398345504
12068,2018,331,442076,174.97912090086882
12068,2019,332,445526,176.34467335589466
12068,2020,332,445526,176.34467335589466
12068,2021,335,459026,181.68813948425657
12068,2022,336,461376,182.61829840289735
12068,2023,341,488376,193.30523065962123
12069,1960,0,0,0
12069,1961,0,0,0
12069,1962,0,0,0
12069,1963,0,0,0
12069,1964,0,0,0
12069,1965,0,0,0
12069,1966,0,0,0
12069,1967,0,0,0
12069,1968,0,0,0
12069,1969,0,0,0
12069,1970,0,0,0
12069,1971,0,0,0
12069,1972,0,0,0
12069,1973,0,0,0
12069,1974,0,0,0
12069,1975,0,0,0
12069,1976,0,0,0
12069,1977,0,0,0
12069,1978,0,0,0
12069,1979,0,0,0
12069,1980,0,0,0
12069,1981,0,0,0
12069,1982,0,0,0
12069,1983,0,0,0
12069,1984,0,0,0
12069,1985,0,0,0
12069,1986,0,0,0
12069,1987,0,0,0
12069,1988,0,0,0
12069,1989,0,0,0
12069,1990,0,0,0
12069,1991,0,0,0
12069,1992,0,0,0
12069,1993,0,0,0
12069,1994,0,0,0
12069,1995,1,500,0.19289825774293606
12069,1996,2,1100,0.42437616703445935
12069,1997,4,2300,0.8873319856175059
12069,1998,8,4800,1.8518232743321863
12069,1999,14,12000,4.629558185830466
12069,2000,18,14580,5.624913195784016
12069,2001,20,18580,7.168099257727504
12069,2002,37,46180,17.816083085137574
12069,2003,65,85580,33.016465795280936
12069,2004,82,117080,45.16905603308591
12069,2005,99,146080,56.357154982176205
12069,2006,112,170580,65.80916961158007
12069,2007,118,179180,69.12701964475858
12069,2008,131,205180,79.15772904739124
12069,2009,131,205180,79.15772904739124
12069,2010,146,239680,92.46770883165384
12069,2011,147,241980,93.35504081727134
12069,2012,150,247980,95.66981991018658
12069,2013,150,247980,95.66981991018658
12069,2014,153,256980,99.14198854955943
12069,2015,170,305910,118.01901205228314
12069,2016,186,352580,136.0241354300088
12069,2017,192,371780,143.43142852733754
12069,2018,192,371780,143.43142852733754
12069,2019,192,371780,143.43142852733754
12069,2020,193,377480,145.63046866560703
12069,2021,207,422883.5,163.14698075646982
12069,2022,218,474983.5,183.24697921328374
12069,2023,221,492083.5,189.84409962809215
12070,1960,0,0,0
12070,1961,0,0,0
12070,1962,0,0,0
12070,1963,0,0,0
12070,1964,0,0,0
12070,1965,0,0,0
12070,1966,0,0,0
12070,1967,0,0,0
12070,1968,0,0,0
12070,1969,0,0,0
12070,1970,0,0,0
12070,1971,0,0,0
12070,1972,0,0,0
12070,1973,0,0,0
12070,1974,0,0,0
12070,1975,0,0,0
12070,1976,0,0,0
12070,1977,0,0,0
12070,1978,0,0,0
12070,1979,0,0,0
12070,1980,0,0,0
12070,1981,0,0,0
12070,1982,0,0,0
12070,1983,0,0,0
12070,1984,0,0,0
12070,1985,0,0,0
12070,1986,0,0,0
12070,1987,0,0,0
12070,1988,0,0,0
12070,1989,0,0,0
12070,1990,0,0,0
12070,1991,0,0,0
12070,1992,0,0,0
12070,1993,0,0,0
12070,1994,8,4000,1.870391239087436
12070,1995,9,4080,1.9077990638691846
12070,1996,15,7180,3.3573522741619475
12070,1997,15,7180,3.3573522741619475
12070,1998,18,8680,4.058748988819736
12070,1999,26,14780,6.911095628428076
12070,2000,31,20030,9.365984129730336
12070,2001,54,54230,25.357829223927915
12070,2002,107,129530,60.567944299748895
12070,2003,147,187830,87.82889660944828
12070,2004,215,312730,146.23186304995346
12070,2005,238,350280,163.79016080688677
12070,2006,279,424780,198.62619763489027
12070,2007,301,467780,218.7329034550802
12070,2008,308,477180,223.1283228669357
12070,2009,350,562680,263.1079356024296
12070,2010,363,587480,274.7043612847717
12070,2011,373,601780,281.3910099645093
12070,2012,383,624030,291.7950612319332
12070,2013,404,669180,312.9071023431326
12070,2014,435,735730,344.0257365834498
12070,2015,441,749630,350.52534613927867
12070,2016,455,786780,367.89660477230325
12070,2017,484,865130,404.53289316792836
12070,2018,491,888230,415.33440257365834
12070,2019,496,903730,422.5821686251221
12070,2020,509,947330,442.9694331311752
12070,2021,518,984130,460.17703253077957
12070,2022,529,1037191,484.9882399150842
12070,2023,544,1122041,524.6639140742265
12071,1960,0,0,0
12071,1961,0,0,0
12071,1962,0,0,0
12071,1963,0,0,0
12071,1964,0,0,0
12071,1965,0,0,0
12071,1966,0,0,0
12071,1967,0,0,0
12071,1968,0,0,0
12071,1969,0,0,0
12071,1970,0,0,0
12071,1971,0,0,0
12071,1972,0,0,0
12071,1973,0,0,0
12071,1974,0,0,0
12071,1975,0,0,0
12071,1976,0,0,0
12071,1977,0,0,0
12071,1978,0,0,0
12071,1979,0,0,0
12071,1980,0,0,0
12071,1981,0,0,0
12071,1982,0,0,0
12071,1983,0,0,0
12071,1984,0,0,0
12071,1985,0,0,0
12071,1986,0,0,0
12071,1987,0,0,0
12071,1988,0,0,0
12071,1989,0,0,0
12071,1990,0,0,0
12071,1991,0,0,0
12071,1992,0,0,0
12071,1993,0,0,0
12071,1994,1,500,0.30175015087507545
12071,1995,1,500,0.30175015087507545
12071,1996,1,500,0.30175015087507545
12071,1997,1,500,0.30175015087507545
12071,1998,1,500,0.30175015087507545
12071,1999,1,500,0.30175015087507545
12071,2000,1,500,0.30175015087507545
12071,2001,4,2300,1.388050694025347
12071,2002,4,2300,1.388050694025347
12071,2003,4,2300,1.388050694025347
12071,2004,4,2300,1.388050694025347
12071,2005,11,12800,7.724803862401931
12071,2006,19,28800,17.380808690404344
12071,2007,20,30300,18.286059143029572
12071,2008,21,31800,19.191309595654797
12071,2009,49,91300,55.099577549788776
12071,2010,53,99300,59.92757996378998
12071,2011,53,99300,59.92757996378998
12071,2012,53,99300,59.92757996378998
12071,2013,60,113327.25,68.39302957151479
12071,2014,60,113327.25,68.39302957151479
12071,2015,61,113333.75,68.39695232347616
12071,2016,74,149233.75,90.06261315630658
12071,2017,75,152683.75,92.1446891973446
12071,2018,80,168683.75,101.80069402534701
12071,2019,83,179033.75,108.04692214846108
12071,2020,83,179033.75,108.04692214846108
12071,2021,85,186833.75,112.75422450211225
12071,2022,88,204433.75,123.3758298129149
12071,2023,88,204433.75,123.3758298129149
12072,1960,0,0,0
12072,1961,0,0,0
12072,1962,0,0,0
12072,1963,0,0,0
12072,1964,0,0,0
12072,1965,0,0,0
12072,1966,0,0,0
12072,1967,0,0,0
12072,1968,0,0,0
12072,1969,0,0,0
12072,1970,0,0,0
12072,1971,0,0,0
12072,1972,0,0,0
12072,1973,0,0,0
12072,1974,0,0,0
12072,1975,0,0,0
12072,1976,0,0,0
12072,1977,0,0,0
12072,1978,0,0,0
12072,1979,0,0,0
12072,1980,0,0,0
12072,1981,0,0,0
12072,1982,0,0,0
12072,1983,0,0,0
12072,1984,0,0,0
12072,1985,0,0,0
12072,1986,0,0,0
12072,1987,0,0,0
12072,1988,0,0,0
12072,1989,0,0,0
12072,1990,0,0,0
12072,1991,0,0,0
12072,1992,1,300,0.14257267642180602
12072,1993,2,600,0.28514535284361203
12072,1994,6,2600,1.2356298623223188
12072,1995,12,5600,2.6613566265403787
12072,1996,17,7900,3.7544138124408915
12072,1997,17,7900,3.7544138124408915
12072,1998,22,10900,5.1801405766589514
12072,1999,22,10900,5.1801405766589514
12072,2000,25,13900,6.605867340877012
12072,2001,31,21500,10.217708476896098
12072,2002,79,85900,40.823309682110455
12072,2003,131,165700,78.74764161031085
12072,2004,135,172800,82.12186161896027
12072,2005,147,195400,92.86233657606965
12072,2006,187,275400,130.8817169552179
12072,2007,207,315400,149.89140714479205
12072,2008,210,321400,152.74286067322817
12072,2009,260,421400,200.26708614716352
12072,2010,263,428300,203.54625770486504
12072,2011,269,440300,209.2491647617373
12072,2012,279,461500,219.3243005622116
12072,2013,293,496900,236.1478763799847
12072,2014,296,503950,239.49833427589712
12072,2015,306,530240,251.99245315299473
12072,2016,350,643440,305.7898763894895
12072,2017,382,733430,348.55692689348393
12072,2018,386,744080,353.61825690645804
12072,2019,394,772290,367.02484091265524
12072,2020,395,774590,368.1178980985557
12072,2021,397,780490,370.92182740151793
12072,2022,403,799870,380.13202229836656
12072,2023,407,822670,390.96754570642383
12073,1960,0,0,0
12073,1961,0,0,0
12073,1962,0,0,0
12073,1963,0,0,0
12073,1964,0,0,0
12073,1965,0,0,0
12073,1966,0,0,0
12073,1967,0,0,0
12073,1968,0,0,0
12073,1969,0,0,0
12073,1970,0,0,0
12073,1971,0,0,0
12073,1972,0,0,0
12073,1973,0,0,0
12073,1974,0,0,0
12073,1975,0,0,0
12073,1976,0,0,0
12073,1977,0,0,0
12073,1978,0,0,0
12073,1979,0,0,0
12073,1980,0,0,0
12073,1981,0,0,0
12073,1982,0,0,0
12073,1983,0,0,0
12073,1984,0,0,0
12073,1985,0,0,0
12073,1986,0,0,0
12073,1987,0,0,0
12073,1988,0,0,0
12073,1989,0,0,0
12073,1990,0,0,0
12073,1991,0,0,0
12073,1992,0,0,0
12073,1993,4,750,0.24374073785196163
12073,1994,11,3600,1.1699555416894158
12073,1995,20,8400,2.72989626394197
12073,1996,20,8400,2.72989626394197
12073,1997,21,8900,2.8923900891766112
12073,1998,40,27400,8.904661622858331
12073,1999,46,31150,10.123365312118139
12073,2000,67,54450,17.695577568052414
12073,2001,127,142850,46.42448586953696
12073,2002,151,179400,58.30278449418922
12073,2003,201,260500,84.659282947248
12073,2004,233,308650,100.30743831734394
12073,2005,248,333650,108.43212957907599
12073,2006,269,372650,121.10664794737801
12073,2007,283,399650,129.8813145100486
12073,2008,297,426650,138.65598107271924
12073,2009,358,555400,180.49814107063932
12073,2010,381,596450,193.83888412240336
12073,2011,403,645877.4,209.90217871720876
12073,2012,417,689337.4,224.02614200660375
12073,2013,421,698487.4,226.9997790083977
12073,2014,435,734457.4,238.68958479577776
12073,2015,467,817302.4,265.61318669890545
12073,2016,484,866422.4,281.57658008995656
12073,2017,536,1037662.4,337.2274653563165
12073,2018,567,1148662.4,373.30109455840676
12073,2019,578,1189432.4,386.5508410680394
12073,2020,600,1269742.4,412.65059927722746
12073,2021,628,1392462.4,452.5330837428177
12073,2022,643,1464362.4,475.8996958115591
12073,2023,664,1580072.4,513.5040168473598
13003,1960,0,0,0
13003,1961,0,0,0
13003,1962,0,0,0
13003,1963,0,0,0
13003,1964,0,0,0
13003,1965,0,0,0
13003,1966,0,0,0
13003,1967,0,0,0
13003,1968,0,0,0
13003,1969,0,0,0
13003,1970,0,0,0
13003,1971,0,0,0
13003,1972,0,0,0
13003,1973,0,0,0
13003,1974,0,0,0
13003,1975,0,0,0
13003,1976,0,0,0
13003,1977,0,0,0
13003,1978,0,0,0
13003,1979,0,0,0
13003,1980,0,0,0
13003,1981,0,0,0
13003,1982,0,0,0
13003,1983,0,0,0
13003,1984,0,0,0
13003,1985,0,0,0
13003,1986,0,0,0
13003,1987,0,0,0
13003,1988,0,0,0
13003,1989,0,0,0
13003,1990,0,0,0
13003,1991,0,0,0
13003,1992,0,0,0
13003,1993,0,0,0
13003,1994,0,0,0
13003,1995,4,2000,11.027790030877812
13003,1996,4,2000,11.027790030877812
13003,1997,4,2000,11.027790030877812
13003,1998,7,2900.12,15.990957212174678
13003,1999,7,2900.12,15.990957212174678
13003,2000,7,2900.12,15.990957212174678
13003,2001,9,3900.12,21.504852227613583
13003,2002,9,3900.12,21.504852227613583
13003,2003,9,3900.12,21.504852227613583
13003,2004,9,3900.12,21.504852227613583
13003,2005,9,3900.12,21.504852227613583
13003,2006,10,6400.12,35.289589766210845
13003,2007,10,6400.12,35.289589766210845
13003,2008,10,6400.12,35.289589766210845
13003,2009,11,6401.12,35.295103661226285
13003,2010,11,6401.12,35.295103661226285
13003,2011,11,6401.12,35.295103661226285
13003,2012,11,6401.12,35.295103661226285
13003,2013,11,6401.12,35.295103661226285
13003,2014,12,8801.12,48.52845169827967
13003,2015,12,8801.12,48.52845169827967
13003,2016,12,8801.12,48.52845169827967
13003,2017,12,8801.12,48.52845169827967
13003,2018,12,8801.12,48.52845169827967
13003,2019,12,8801.12,48.52845169827967
13003,2020,12,8801.12,48.52845169827967
13003,2021,12,8801.12,48.52845169827967
13003,2022,12,8801.12,48.52845169827967
13003,2023,12,8801.12,48.52845169827967
13004,1960,0,0,0
13004,1961,0,0,0
13004,1962,0,0,0
13004,1963,0,0,0
13004,1964,0,0,0
13004,1965,0,0,0
13004,1966,0,0,0
13004,1967,0,0,0
13004,1968,0,0,0
13004,1969,0,0,0
13004,1970,0,0,0
13004,1971,0,0,0
13004,1972,0,0,0
13004,1973,0,0,0
13004,1974,0,0,0
13004,1975,0,0,0
13004,1976,0,0,0
13004,1977,0,0,0
13004,1978,0,0,0
13004,1979,0,0,0
13004,1980,0,0,0
13004,1981,0,0,0
13004,1982,0,0,0
13004,1983,0,0,0
13004,1984,0,0,0
13004,1985,0,0,0
13004,1986,0,0,0
13004,1987,0,0,0
13004,1988,0,0,0
13004,1989,0,0,0
13004,1990,0,0,0
13004,1991,0,0,0
13004,1992,0,0,0
13004,1993,0,0,0
13004,1994,0,0,0
13004,1995,0,0,0
13004,1996,0,0,0
13004,1997,0,0,0
13004,1998,0,0,0
13004,1999,0,0,0
13004,2000,0,0,0
13004,2001,0,0,0
13004,2002,0,0,0
13004,2003,0,0,0
13004,2004,0,0,0
13004,2005,14,20000,153.2332209623046
13004,2006,14,20000,153.2332209623046
13004,2007,14,20000,153.2332209623046
13004,2008,14,20000,153.2332209623046
13004,2009,14,20000,153.2332209623046
13004,2010,14,20000,153.2332209623046
13004,2011,14,20000,153.2332209623046
13004,2012,14,20000,153.2332209623046
13004,2013,14,20000,153.2332209623046
13004,2014,14,20000,153.2332209623046
13004,2015,14,20000,153.2332209623046
13004,2016,14,20000,153.2332209623046
13004,2017,14,20000,153.2332209623046
13004,2018,14,20000,153.2332209623046
13004,2019,14,20000,153.2332209623046
13004,2020,14,20000,153.2332209623046
13004,2021,14,20000,153.2332209623046
13004,2022,14,20000,153.2332209623046
13004,2023,14,20000,153.2332209623046
13071,1960,0,0,0
13071,1961,0,0,0
13071,1962,0,0,0
13071,1963,0,0,0
13071,1964,0,0,0
13071,1965,0,0,0
13071,1966,0,0,0
13071,1967,0,0,0
13071,1968,0,0,0
13071,1969,0,0,0
13071,1970,0,0,0
13071,1971,0,0,0
13071,1972,0,0,0
13071,1973,0,0,0
13071,1974,0,0,0
13071,1975,0,0,0
13071,1976,0,0,0
13071,1977,0,0,0
13071,1978,0,0,0
13071,1979,0,0,0
13071,1980,0,0,0
13071,1981,0,0,0
13071,1982,0,0,0
13071,1983,0,0,0
13071,1984,0,0,0
13071,1985,0,0,0
13071,1986,0,0,0
13071,1987,0,0,0
13071,1988,0,0,0
13071,1989,0,0,0
13071,1990,0,0,0
13071,1991,0,0,0
13071,1992,0,0,0
13071,1993,0,0,0
13071,1994,0,0,0
13071,1995,0,0,0
13071,1996,7,4200,0.7642477618458403
13071,1997,13,7900,1.4375136472814614
13071,1998,19,11560,2.103500982604265
13071,1999,43,28760,5.233277531115801
13071,2000,45,30660,5.579008661474634
13071,2001,59,42660,7.762573695319892
13071,2002,72,60660,11.037921246087778
13071,2003,101,113160,20.59101826916078
13071,2004,117,143160,26.049930853773926
13071,2005,120,150060,27.30548074823495
13071,2006,125,160060,29.12511827643933
13071,2007,129,166061.2,30.217119149865347
13071,2008,132,172961.2,31.47266904432637
13071,2009,142,192961.2,35.11194410073513
13071,2010,150,202061.2,36.76781425140112
13071,2011,158,225441.2,41.022126792342966
13071,2012,199,344447.7,62.67699614236844
13071,2013,239,487447.7,88.69781279569109
13071,2014,266,556227.7,101.21327971468082
13071,2015,278,582877.7,106.0626137273455
13071,2016,292,619542.7,112.73431472450686
13071,2017,307,658992.7,119.91278477327315
13071,2018,311,672792.7,122.4238845621952
13071,2019,313,678892.7,123.53386345439986
13071,2020,314,678922.7,123.53932236698448
13071,2021,316,686122.7,124.84946138729164
13071,2022,316,686122.7,124.84946138729164
13071,2023,324,708622.7,128.9436458257515
13072,1960,0,0,0
13072,1961,0,0,0
13072,1962,0,0,0
13072,1963,0,0,0
13072,1964,0,0,0
13072,1965,0,0,0
13072,1966,0,0,0
13072,1967,0,0,0
13072,1968,0,0,0
13072,1969,0,0,0
13072,1970,0,0,0
13072,1971,0,0,0
13072,1972,0,0,0
13072,1973,0,0,0
13072,1974,0,0,0
13072,1975,0,0,0
13072,1976,0,0,0
13072,1977,0,0,0
13072,1978,0,0,0
13072,1979,0,0,0
13072,1980,0,0,0
13072,1981,0,0,0
13072,1982,0,0,0
13072,1983,0,0,0
13072,1984,0,0,0
13072,1985,0,0,0
13072,1986,0,0,0
13072,1987,0,0,0
13072,1988,0,0,0
13072,1989,0,0,0
13072,1990,0,0,0
13072,1991,0,0,0
13072,1992,0,0,0
13072,1993,0,0,0
13072,1994,7,3075,0.8962035941407229
13072,1995,17,8425,2.455452123783932
13072,1996,24,11650,3.395372966419324
13072,1997,27,13450,3.9199799483553575
13072,1998,40,24450,7.125911504631114
13072,1999,44,29110,8.484060691198843
13072,2000,62,55110,16.061717096941543
13072,2001,86,93060,27.122180966092902
13072,2002,108,124560,36.30280314997348
13072,2003,118,140720,41.012608054465865
13072,2004,125,152220,44.36426377239052
13072,2005,127,155220,45.23860874228391
13072,2006,130,162120,47.2496021730387
13072,2007,132,169320,49.34803010078283
13072,2008,133,171320,49.93092674737842
13072,2009,141,179220,52.233368501431016
13072,2010,149,194970,56.8236795933713
13072,2011,150,197020,57.421148656131784
13072,2012,153,209300,61.00013406622872
13072,2013,194,328257.5,95.6700979849263
13072,2014,242,463047.5,134.95441748223624
13072,2015,265,526907.3,153.56624911836883
13072,2016,283,574347.3,167.39255757561628
13072,2017,294,604997.3,176.32544868469373
13072,2018,308,653797.3,190.54812686162617
13072,2019,314,672647.3,196.04192775578963
13072,2020,322,692698.3,201.88575808623375
13072,2021,324,701698.3,204.50879299591392
13072,2022,325,706498.3,205.90774494774334
13072,2023,332,738605.8,215.26542198802733
13073,1960,0,0,0
13073,1961,0,0,0
13073,1962,0,0,0
13073,1963,0,0,0
13073,1964,0,0,0
13073,1965,0,0,0
13073,1966,0,0,0
13073,1967,0,0,0
13073,1968,0,0,0
13073,1969,0,0,0
13073,1970,0,0,0
13073,1971,0,0,0
13073,1972,0,0,0
13073,1973,0,0,0
13073,1974,0,0,0
13073,1975,0,0,0
13073,1976,0,0,0
13073,1977,0,0,0
13073,1978,0,0,0
13073,1979,0,0,0
13073,1980,0,0,0
13073,1981,0,0,0
13073,1982,0,0,0
13073,1983,0,0,0
13073,1984,0,0,0
13073,1985,0,0,0
13073,1986,0,0,0
13073,1987,0,0,0
13073,1988,0,0,0
13073,1989,1,200,0.06219427626075572
13073,1990,1,200,0.06219427626075572
13073,1991,1,200,0.06219427626075572
13073,1992,1,200,0.06219427626075572
13073,1993,17,6200,1.9280225640834274
13073,1994,22,8525,2.6510310256147127
13073,1995,36,15525,4.827830694741163
13073,1996,42,18575,5.776293407717688
13073,1997,48,23575,7.331150314236581
13073,1998,52,26725,8.310710165343483
13073,1999,74,44425,13.814903614420365
13073,2000,88,54725,17.017908841849284
13073,2001,117,92325,28.71043277887136
13073,2002,127,105425,32.78415787395086
13073,2003,148,136925,42.579756385019884
13073,2004,157,152925,47.55529848588034
13073,2005,165,168925,52.5308405867408
13073,2006,180,198434.8,61.70754385473904
13073,2007,183,204434.8,63.573372142561716
13073,2008,187,207334.8,64.47518914834268
13073,2009,195,223934.8,69.6373140779854
13073,2010,195,223934.8,69.6373140779854
13073,2011,196,223944.8,69.64042379179844
13073,2012,214,271244.8,84.34937012746717
13073,2013,226,296598.3,92.23358304335251
13073,2014,231,308548.3,95.94969104993267
13073,2015,240,332298.3,103.33526135589742
13073,2016,251,359333.3,111.74237264944507
13073,2017,256,376733.3,117.15327468413082
13073,2018,273,430433.3,133.85243786014374
13073,2019,276,437189.3,135.95336051223205
13073,2020,281,453689.3,141.0843883037444
13073,2021,283,453699.8,141.0876535032481
13073,2022,286,462499.8,143.82420165872134
13073,2023,290,479499.8,149.1107151408856
13074,1960,0,0,0
13074,1961,0,0,0
13074,1962,0,0,0
13074,1963,0,0,0
13074,1964,0,0,0
13074,1965,0,0,0
13074,1966,0,0,0
13074,1967,0,0,0
13074,1968,0,0,0
13074,1969,0,0,0
13074,1970,0,0,0
13074,1971,0,0,0
13074,1972,0,0,0
13074,1973,0,0,0
13074,1974,0,0,0
13074,1975,0,0,0
13074,1976,0,0,0
13074,1977,0,0,0
13074,1978,0,0,0
13074,1979,0,0,0
13074,1980,0,0,0
13074,1981,0,0,0
13074,1982,0,0,0
13074,1983,0,0,0
13074,1984,0,0,0
13074,1985,0,0,0
13074,1986,0,0,0
13074,1987,0,0,0
13074,1988,0,0,0
13074,1989,0,0,0
13074,1990,0,0,0
13074,1991,0,0,0
13074,1992,0,0,0
13074,1993,4,635,0.298535530429468
13074,1994,5,935,0.43957593850638205
13074,1995,10,3355,1.5773018969934884
13074,1996,17,6605,3.105239651160057
13074,1997,20,8105,3.8104416915446273
13074,1998,26,11705,5.502926588467595
13074,1999,33,15905,7.477492301544392
13074,2000,36,17705,8.323734750005876
13074,2001,46,30905,14.529512705390093
13074,2002,56,48305,22.709856373851107
13074,2003,60,51805,24.355327801415104
13074,2004,76,78055,36.69636350814508
13074,2005,76,78055,36.69636350814508
13074,2006,81,85555,40.222373710067934
13074,2007,89,101555,47.74452880750334
13074,2008,90,103055,48.44973084788791
13074,2009,91,105355,49.53104064314426
13074,2010,99,121755,57.24124961801556
13074,2011,103,128555,60.43816553442561
13074,2012,114,151655,71.29827695634799
13074,2013,124,174655,82.1113749089114
13074,2014,126,179255,84.27399449942408
13074,2015,142,216055,101.57495122352553
13074,2016,143,218405,102.67976775346136
13074,2017,144,220705,103.7610775487177
13074,2018,145,223005,104.84238734397404
13074,2019,153,241805,113.68091958346065
13074,2020,156,248805,116.97186243858864
13074,2021,157,254505,119.65163019205
13074,2022,160,267305,125.66935426999834
13074,2023,168,315105,148.14179262358664
13075,1960,0,0,0
13075,1961,0,0,0
13075,1962,0,0,0
13075,1963,0,0,0
13075,1964,0,0,0
13075,1965,0,0,0
13075,1966,0,0,0
13075,1967,0,0,0
13075,1968,0,0,0
13075,1969,0,0,0
13075,1970,0,0,0
13075,1971,0,0,0
13075,1972,0,0,0
13075,1973,0,0,0
13075,1974,0,0,0
13075,1975,0,0,0
13075,1976,0,0,0
13075,1977,0,0,0
13075,1978,0,0,0
13075,1979,0,0,0
13075,1980,0,0,0
13075,1981,0,0,0
13075,1982,0,0,0
13075,1983,0,0,0
13075,1984,0,0,0
13075,1985,0,0,0
13075,1986,0,0,0
13075,1987,0,0,0
13075,1988,0,0,0
13075,1989,0,0,0
13075,1990,0,0,0
13075,1991,0,0,0
13075,1992,0,0,0
13075,1993,0,0,0
13075,1994,5,2600,0.6589501909688342
13075,1995,9,4250,1.077130119852902
13075,1996,22,11250,2.851226787845917
13075,1997,41,21750,5.51237178983544
13075,1998,50,30250,7.666632029541244
13075,1999,103,77720,19.697541862345304
13075,2000,105,78920,20.001672719715536
13075,2001,160,152930,38.758943348024545
13075,2002,165,158780,40.24158127770442
13075,2003,180,182440,46.23802801552081
13075,2004,184,189940,48.13884587408476
13075,2005,196,213940,54.22146302148938
13075,2006,211,243940,61.82473445574516
13075,2007,222,267540,67.80597465069303
13075,2008,235,294240,74.57288622718067
13075,2009,265,357540,90.61578895346037
13075,2010,267,362140,91.78162390671292
13075,2011,272,373290,94.60750645644465
13075,2012,315,464540,117.73412373563932
13075,2013,343,540565,137.00208076194917
13075,2014,352,561740,142.36872318262803
13075,2015,371,619390,156.97967645545623
13075,2016,381,647202.2,164.02846664824983
13075,2017,389,672352.2,170.4025425339676
13075,2018,390,675802.2,171.276918748907
13075,2019,390,675802.2,171.276918748907
13075,2020,391,679252.2,172.15129496384642
13075,2021,395,693052.2,175.6487998236041
13075,2022,396,699052.2,177.16945411045523
13075,2023,400,709854.2,179.9071387115496
13076,1960,0,0,0
13076,1961,0,0,0
13076,1962,0,0,0
13076,1963,0,0,0
13076,1964,0,0,0
13076,1965,0,0,0
13076,1966,0,0,0
13076,1967,0,0,0
13076,1968,0,0,0
13076,1969,0,0,0
13076,1970,0,0,0
13076,1971,0,0,0
13076,1972,0,0,0
13076,1973,0,0,0
13076,1974,0,0,0
13076,1975,0,0,0
13076,1976,0,0,0
13076,1977,0,0,0
13076,1978,0,0,0
13076,1979,0,0,0
13076,1980,0,0,0
13076,1981,0,0,0
13076,1982,0,0,0
13076,1983,0,0,0
13076,1984,0,0,0
13076,1985,0,0,0
13076,1986,0,0,0
13076,1987,0,0,0
13076,1988,0,0,0
13076,1989,0,0,0
13076,1990,0,0,0
13076,1991,0,0,0
13076,1992,0,0,0
13076,1993,0,0,0
13076,1994,0,0,0
13076,1995,0,0,0
13076,1996,0,0,0
13076,1997,1,500,0.10489415131191115
13076,1998,20,11500,2.4125654801739564
13076,1999,44,28700,6.0209242853037
13076,2000,54,35900,7.53140006419522
13076,2001,92,77750,16.311040529002184
13076,2002,99,82400,17.286556136202957
13076,2003,112,93800,19.67814278611453
13076,2004,112,93800,19.67814278611453
13076,2005,112,93800,19.67814278611453
13076,2006,141,153300,32.16054679223196
13076,2007,148,167300,35.097583028965474
13076,2008,153,176100,36.94372009205511
13076,2009,156,181500,38.076576926223744
13076,2010,164,197500,41.433189768204905
13076,2011,174,220000,46.15342657724091
13076,2012,179,231500,48.56599205741486
13076,2013,195,270450,56.737246444612744
13076,2014,232,372200,78.08320623658666
13076,2015,238,391850,82.20554638314476
13076,2016,261,467350,98.04456323124334
13076,2017,280,526500,110.45354133144244
13076,2018,281,530100,111.2087792208882
13076,2019,295,582900,122.28560159942602
13076,2020,310,636300,133.48829695953813
13076,2021,320,670700,140.7050145697976
13076,2022,327,695700,145.9497221353932
13076,2023,335,728500,152.83077846145454
14511,1960,0,0,0
14511,1961,0,0,0
14511,1962,0,0,0
14511,1963,0,0,0
14511,1964,0,0,0
14511,1965,0,0,0
14511,1966,0,0,0
14511,1967,0,0,0
14511,1968,0,0,0
14511,1969,0,0,0
14511,1970,0,0,0
14511,1971,0,0,0
14511,1972,0,0,0
14511,1973,0,0,0
14511,1974,0,0,0
14511,1975,0,0,0
14511,1976,0,0,0
14511,1977,0,0,0
14511,1978,0,0,0
14511,1979,0,0,0
14511,1980,0,0,0
14511,1981,0,0,0
14511,1982,0,0,0
14511,1983,0,0,0
14511,1984,0,0,0
14511,1985,0,0,0
14511,1986,0,0,0
14511,1987,0,0,0
14511,1988,0,0,0
14511,1989,0,0,0
14511,1990,0,0,0
14511,1991,0,0,0
14511,1992,0,0,0
14511,1993,0,0,0
14511,1994,0,0,0
14511,1995,0,0,0
14511,1996,0,0,0
14511,1997,0,0,0
14511,1998,1,500,2.262136361579876
14511,1999,1,500,2.262136361579876
14511,2000,1,500,2.262136361579876
14511,2001,4,3100,14.025245441795231
14511,2002,4,3100,14.025245441795231
14511,2003,5,3150,14.25145907795322
14511,2004,5,3150,14.25145907795322
14511,2005,5,3150,14.25145907795322
14511,2006,5,3150,14.25145907795322
14511,2007,5,3150,14.25145907795322
14511,2008,5,3150,14.25145907795322
14511,2009,5,3150,14.25145907795322
14511,2010,10,13150,59.49418630955074
14511,2011,10,13150,59.49418630955074
14511,2012,10,13150,59.49418630955074
14511,2013,10,13150,59.49418630955074
14511,2014,10,13150,59.49418630955074
14511,2015,10,13150,59.49418630955074
14511,2016,10,13150,59.49418630955074
14511,2017,10,13150,59.49418630955074
14511,2018,10,13150,59.49418630955074
14511,2019,10,13150,59.49418630955074
14511,2020,10,13150,59.49418630955074
14511,2021,10,13150,59.49418630955074
14511,2022,10,13150,59.49418630955074
14511,2023,10,13150,59.49418630955074
14521,1960,0,0,0
14521,1961,0,0,0
14521,1962,0,0,0
14521,1963,0,0,0
14521,1964,0,0,0
14521,1965,0,0,0
14521,1966,0,0,0
14521,1967,0,0,0
14521,1968,0,0,0
14521,1969,0,0,0
14521,1970,0,0,0
14521,1971,0,0,0
14521,1972,0,0,0
14521,1973,0,0,0
14521,1974,0,0,0
14521,1975,0,0,0
14521,1976,0,0,0
14521,1977,0,0,0
14521,1978,0,0,0
14521,1979,0,0,0
14521,1980,0,0,0
14521,1981,0,0,0
14521,1982,0,0,0
14521,1983,0,0,0
14521,1984,0,0,0
14521,1985,0,0,0
14521,1986,0,0,0
14521,1987,0,0,0
14521,1988,0,0,0
14521,1989,0,0,0
14521,1990,0,0,0
14521,1991,0,0,0
14521,1992,4,950,0.5197220854532524
14521,1993,4,950,0.5197220854532524
14521,1994,6,1450,0.7932600251654904
14521,1995,13,3750,2.0515345478417855
14521,1996,24,9550,5.224574648503747
14521,1997,26,10650,5.826358115870671
14521,1998,28,11850,6.4828491711800424
14521,1999,36,23010,12.588215985557197
14521,2000,39,26610,14.55768915148531
14521,2001,42,32010,17.51189890037748
14521,2002,45,36210,19.809617593960283
14521,2003,47,39810,21.779090759888394
14521,2004,48,41810,22.87324251873735
14521,2005,48,41810,22.87324251873735
14521,2006,48,41810,22.87324251873735
14521,2007,57,59810,32.720608348377915
14521,2008,57,59810,32.720608348377915
14521,2009,59,64110,35.07303462990316
14521,2010,60,64112.5,35.074402319601724
14521,2011,60,64112.5,35.074402319601724
14521,2012,61,64118.5,35.07768477487827
14521,2013,61,64118.5,35.07768477487827
14521,2014,63,67169.6,36.746867990590296
14521,2015,63,67169.6,36.746867990590296
14521,2016,65,67176.2,36.75047869139449
14521,2017,65,67176.2,36.75047869139449
14521,2018,65,67176.2,36.75047869139449
14521,2019,66,70176.2,38.39170632966792
14521,2020,66,70176.2,38.39170632966792
14521,2021,67,70976.2,38.829367033207504
14521,2022,69,70978.6,38.83068001531812
14521,2023,76,87783.6,48.024290169046445
14522,1960,0,0,0
14522,1961,0,0,0
14522,1962,0,0,0
14522,1963,0,0,0
14522,1964,0,0,0
14522,1965,0,0,0
14522,1966,0,0,0
14522,1967,0,0,0
14522,1968,0,0,0
14522,1969,0,0,0
14522,1970,0,0,0
14522,1971,0,0,0
14522,1972,0,0,0
14522,1973,0,0,0
14522,1974,0,0,0
14522,1975,0,0,0
14522,1976,0,0,0
14522,1977,0,0,0
14522,1978,0,0,0
14522,1979,0,0,0
14522,1980,0,0,0
14522,1981,0,0,0
14522,1982,0,0,0
14522,1983,0,0,0
14522,1984,0,0,0
14522,1985,0,0,0
14522,1986,0,0,0
14522,1987,0,0,0
14522,1988,0,0,0
14522,1989,0,0,0
14522,1990,0,0,0
14522,1991,0,0,0
14522,1992,0,0,0
14522,1993,0,0,0
14522,1994,2,770,0.36375145854886787
14522,1995,13,7070,3.339899755766878
14522,1996,27,15270,7.21361658706651
14522,1997,37,20970,9.906322189311377
14522,1998,44,27970,13.21315363066472
14522,1999,67,54890,25.93028254512644
14522,2000,82,70330,33.22420789576867
14522,2001,107,104800,49.50799072197579
14522,2002,127,133910,63.25968547308948
14522,2003,131,140810,66.51927646528064
14522,2004,132,141610,66.89720005857816
14522,2005,134,143910,67.98373038930855
14522,2006,135,144510,68.2671730842817
14522,2007,139,152510,72.04640901725693
14522,2008,139,152510,72.04640901725693
14522,2009,147,164110.3,77.52644284141853
14522,2010,152,174460.3,82.41582932970526
14522,2011,157,185360.3,87.56503828838405
14522,2012,172,209329.4,98.88814878851868
14522,2013,178,222570.9,105.14349286433016
14522,2014,181,226872.1,107.1753990636943
14522,2015,184,231175.1,109.20815559114337
14522,2016,187,234285.1,110.67733356008749
14522,2017,189,236588.1,111.76528110429274
14522,2018,189,236588.1,111.76528110429274
14522,2019,191,236596.6,111.76929654247154
14522,2020,192,238896.6,112.85582687320192
14522,2021,192,238896.6,112.85582687320192
14522,2022,198,269504.1,127.3149473505194
14522,2023,198,269504.1,127.3149473505194
14523,1960,0,0,0
14523,1961,0,0,0
14523,1962,0,0,0
14523,1963,0,0,0
14523,1964,0,0,0
14523,1965,0,0,0
14523,1966,0,0,0
14523,1967,0,0,0
14523,1968,0,0,0
14523,1969,0,0,0
14523,1970,0,0,0
14523,1971,0,0,0
14523,1972,0,0,0
14523,1973,0,0,0
14523,1974,0,0,0
14523,1975,0,0,0
14523,1976,0,0,0
14523,1977,0,0,0
14523,1978,0,0,0
14523,1979,0,0,0
14523,1980,0,0,0
14523,1981,0,0,0
14523,1982,0,0,0
14523,1983,0,0,0
14523,1984,0,0,0
14523,1985,0,0,0
14523,1986,0,0,0
14523,1987,0,0,0
14523,1988,0,0,0
14523,1989,0,0,0
14523,1990,0,0,0
14523,1991,0,0,0
14523,1992,0,0,0
14523,1993,0,0,0
14523,1994,1,500,0.35399984424006853
14523,1995,1,500,0.35399984424006853
14523,1996,1,500,0.35399984424006853
14523,1997,1,500,0.35399984424006853
14523,1998,1,500,0.35399984424006853
14523,1999,1,500,0.35399984424006853
14523,2000,1,500,0.35399984424006853
14523,2001,1,500,0.35399984424006853
14523,2002,2,1500,1.0619995327202056
14523,2003,2,1500,1.0619995327202056
14523,2004,6,6004,4.250830129634743
14523,2005,6,6004,4.250830129634743
14523,2006,6,6004,4.250830129634743
14523,2007,6,6004,4.250830129634743
14523,2008,6,6004,4.250830129634743
14523,2009,8,10004,7.082828883555291
14523,2010,8,10004,7.082828883555291
14523,2011,8,10004,7.082828883555291
14523,2012,8,10004,7.082828883555291
14523,2013,12,18204,12.888426329092415
14523,2014,14,18206,12.889842328469374
14523,2015,14,18206,12.889842328469374
14523,2016,17,20608,14.590457580198665
14523,2017,17,20608,14.590457580198665
14523,2018,20,30808,21.812054402696063
14523,2019,20,30808,21.812054402696063
14523,2020,20,30808,21.812054402696063
14523,2021,20,30808,21.812054402696063
14523,2022,21,35008,24.785653094312636
14523,2023,21,35008,24.785653094312636
14524,1960,0,0,0
14524,1961,0,0,0
14524,1962,0,0,0
14524,1963,0,0,0
14524,1964,0,0,0
14524,1965,0,0,0
14524,1966,0,0,0
14524,1967,0,0,0
14524,1968,0,0,0
14524,1969,0,0,0
14524,1970,0,0,0
14524,1971,0,0,0
14524,1972,0,0,0
14524,1973,0,0,0
14524,1974,0,0,0
14524,1975,0,0,0
14524,1976,0,0,0
14524,1977,0,0,0
14524,1978,0,0,0
14524,1979,0,0,0
14524,1980,0,0,0
14524,1981,0,0,0
14524,1982,0,0,0
14524,1983,0,0,0
14524,1984,0,0,0
14524,1985,0,0,0
14524,1986,0,0,0
14524,1987,0,0,0
14524,1988,0,0,0
14524,1989,0,0,0
14524,1990,0,0,0
14524,1991,0,0,0
14524,1992,0,0,0
14524,1993,0,0,0
14524,1994,0,0,0
14524,1995,2,825,0.8686313528538488
14524,1996,6,3025,3.184981627130779
14524,1997,9,4825,5.080177306084631
14524,1998,13,8825,9.291723259315413
14524,1999,15,9828.3,10.348084273034523
14524,2000,16,10428.3,10.979816166019141
14524,2001,16,10428.3,10.979816166019141
14524,2002,17,11278.3,11.874769681080682
14524,2003,18,12778.3,13.454099413542226
14524,2004,18,12778.3,13.454099413542226
14524,2005,21,17378.3,18.297377259757624
14524,2006,22,19378.3,20.403150236373016
14524,2007,23,21378.3,22.508923212988407
14524,2008,25,25378.3,26.72046916621919
14524,2009,29,32428.3,34.143318908788444
14524,2010,30,34478.3,36.301736209819225
14524,2011,30,34478.3,36.301736209819225
14524,2012,31,36478.3,38.407509186434616
14524,2013,31,36478.3,38.407509186434616
14524,2014,35,43365.8,45.659264874653864
14524,2015,39,53269.8,56.08705265485329
14524,2016,39,53269.8,56.08705265485329
14524,2017,45,69120.2,72.77572464912558
14524,2018,47,76020.2,80.04064141844867
14524,2019,49,82920.2,87.30555818777178
14524,2020,50,86370.2,90.93801657243333
14524,2021,50,86370.2,90.93801657243333
14524,2022,55,110470.2,116.31258094064879
14524,2023,58,126070.2,132.73761015824883
14612,1960,0,0,0
14612,1961,0,0,0
14612,1962,0,0,0
14612,1963,0,0,0
14612,1964,0,0,0
14612,1965,0,0,0
14612,1966,0,0,0
14612,1967,0,0,0
14612,1968,0,0,0
14612,1969,0,0,0
14612,1970,0,0,0
14612,1971,0,0,0
14612,1972,0,0,0
14612,1973,0,0,0
14612,1974,0,0,0
14612,1975,0,0,0
14612,1976,0,0,0
14612,1977,0,0,0
14612,1978,0,0,0
14612,1979,0,0,0
14612,1980,0,0,0
14612,1981,0,0,0
14612,1982,0,0,0
14612,1983,0,0,0
14612,1984,0,0,0
14612,1985,0,0,0
14612,1986,0,0,0
14612,1987,0,0,0
14612,1988,0,0,0
14612,1989,0,0,0
14612,1990,0,0,0
14612,1991,0,0,0
14612,1992,0,0,0
14612,1993,0,0,0
14612,1994,0,0,0
14612,1995,0,0,0
14612,1996,0,0,0
14612,1997,0,0,0
14612,1998,0,0,0
14612,1999,0,0,0
14612,2000,0,0,0
14612,2001,0,0,0
14612,2002,0,0,0
14612,2003,0,0,0
14612,2004,0,0,0
14612,2005,0,0,0
14612,2006,0,0,0
14612,2007,1,600,1.826595226497808
14612,2008,1,600,1.826595226497808
14612,2009,1,600,1.826595226497808
14612,2010,1,600,1.826595226497808
14612,2011,1,600,1.826595226497808
14612,2012,1,600,1.826595226497808
14612,2013,1,600,1.826595226497808
14612,2014,1,600,1.826595226497808
14612,2015,1,600,1.826595226497808
14612,2016,1,600,1.826595226497808
14612,2017,1,600,1.826595226497808
14612,2018,1,600,1.826595226497808
14612,2019,1,600,1.826595226497808
14612,2020,1,600,1.826595226497808
14612,2021,1,600,1.826595226497808
14612,2022,1,600,1.826595226497808
14612,2023,1,600,1.826595226497808
14625,1960,0,0,0
14625,1961,0,0,0
14625,1962,0,0,0
14625,1963,0,0,0
14625,1964,0,0,0
14625,1965,0,0,0
14625,1966,0,0,0
14625,1967,0,0,0
14625,1968,0,0,0
14625,1969,0,0,0
14625,1970,0,0,0
14625,1971,0,0,0
14625,1972,0,0,0
14625,1973,0,0,0
14625,1974,0,0,0
14625,1975,0,0,0
14625,1976,0,0,0
14625,1977,0,0,0
14625,1978,0,0,0
14625,1979,0,0,0
14625,1980,0,0,0
14625,1981,0,0,0
14625,1982,0,0,0
14625,1983,0,0,0
14625,1984,0,0,0
14625,1985,0,0,0
14625,1986,0,0,0
14625,1987,0,0,0
14625,1988,0,0,0
14625,1989,0,0,0
14625,1990,0,0,0
14625,1991,0,0,0
14625,1992,0,0,0
14625,1993,0,0,0
14625,1994,0,0,0
14625,1995,1,270,0.11270521741671292
14625,1996,1,270,0.11270521741671292
14625,1997,1,270,0.11270521741671292
14625,1998,1,270,0.11270521741671292
14625,1999,8,6810,2.842676039288204
14625,2000,12,9210,3.84450019410343
14625,2001,37,43510,18.162237073337703
14625,2002,47,59760,24.945421454899126
14625,2003,54,73760,30.78939569132128
14625,2004,62,89760,37.468223390089456
14625,2005,72,109760,45.816758013549666
14625,2006,78,120610,50.34583804677684
14625,2007,78,120610,50.34583804677684
14625,2008,78,120610,50.34583804677684
14625,2009,80,124610,52.01554497146888
14625,2010,81,125410,52.34948635640729
14625,2011,85,131610,54.937532089679955
14625,2012,85,131610,54.937532089679955
14625,2013,86,131612.5,54.938575656507886
14625,2014,87,131616.1,54.94007839274011
14625,2015,89,133921.1,55.9022470080939
14625,2016,91,138521.1,57.822409971489755
14625,2017,92,140821.1,58.78249145318768
14625,2018,94,140836.1,58.78875285415528
14625,2019,94,140836.1,58.78875285415528
14625,2020,95,140841.1,58.79083998781114
14625,2021,95,140841.1,58.79083998781114
14625,2022,95,140841.1,58.79083998781114
14625,2023,95,140841.1,58.79083998781114
14626,1960,0,0,0
14626,1961,0,0,0
14626,1962,0,0,0
14626,1963,0,0,0
14626,1964,0,0,0
14626,1965,0,0,0
14626,1966,0,0,0
14626,1967,0,0,0
14626,1968,0,0,0
14626,1969,0,0,0
14626,1970,0,0,0
14626,1971,0,0,0
14626,1972,0,0,0
14626,1973,0,0,0
14626,1974,0,0,0
14626,1975,0,0,0
14626,1976,0,0,0
14626,1977,0,0,0
14626,1978,0,0,0
14626,1979,0,0,0
14626,1980,0,0,0
14626,1981,0,0,0
14626,1982,0,0,0
14626,1983,0,0,0
14626,1984,0,0,0
14626,1985,0,0,0
14626,1986,0,0,0
14626,1987,0,0,0
14626,1988,0,0,0
14626,1989,0,0,0
14626,1990,0,0,0
14626,1991,0,0,0
14626,1992,0,0,0
14626,1993,0,0,0
14626,1994,1,250,0.11840316752153754
14626,1995,6,3150,1.4918799107713732
14626,1996,7,3650,1.728686245814448
14626,1997,11,5850,2.7706341200039786
14626,1998,15,9850,4.66508480034858
14626,1999,21,18850,8.92759883112393
14626,2000,31,30650,14.516228338140502
14626,2001,36,38150,18.06832336378663
14626,2002,43,47950,22.7097275306309
14626,2003,65,83950,39.759783653732306
14626,2004,75,99950,47.33758637511071
14626,2005,81,110550,52.3578806780239
14626,2006,95,138950,65.80848050847057
14626,2007,95,138950,65.80848050847057
14626,2008,97,144950,68.65015652898747
14626,2009,104,158950,75.28073391019358
14626,2010,113,176950,83.80576197174427
14626,2011,117,185250,87.73674713345932
14626,2012,117,185250,87.73674713345932
14626,2013,119,185284.5,87.7530867705773
14626,2014,120,188334.5,89.19760541434005
14626,2015,121,188339.1,89.19978403262245
14626,2016,121,188339.1,89.19978403262245
14626,2017,123,194939.1,92.32562765519104
14626,2018,124,198389.1,93.95959136698826
14626,2019,125,198392.6,93.96124901133356
14626,2020,126,200742.6,95.07423878603602
14626,2021,126,200742.6,95.07423878603602
14626,2022,126,200742.6,95.07423878603602
14626,2023,126,200742.6,95.07423878603602
14627,1960,0,0,0
14627,1961,0,0,0
14627,1962,0,0,0
14627,1963,0,0,0
14627,1964,0,0,0
14627,1965,0,0,0
14627,1966,0,0,0
14627,1967,0,0,0
14627,1968,0,0,0
14627,1969,0,0,0
14627,1970,0,0,0
14627,1971,0,0,0
14627,1972,0,0,0
14627,1973,0,0,0
14627,1974,0,0,0
14627,1975,0,0,0
14627,1976,0,0,0
14627,1977,0,0,0
14627,1978,0,0,0
14627,1979,0,0,0
14627,1980,0,0,0
14627,1981,0,0,0
14627,1982,0,0,0
14627,1983,0,0,0
14627,1984,0,0,0
14627,1985,0,0,0
14627,1986,0,0,0
14627,1987,0,0,0
14627,1988,0,0,0
14627,1989,0,0,0
14627,1990,0,0,0
14627,1991,0,0,0
14627,1992,0,0,0
14627,1993,0,0,0
14627,1994,0,0,0
14627,1995,0,0,0
14627,1996,0,0,0
14627,1997,1,1500,1.0312042403118362
14627,1998,1,1500,1.0312042403118362
14627,1999,2,2000,1.3749389870824482
14627,2000,9,8600,5.912237644454528
14627,2001,17,15200,10.449536301826607
14627,2002,30,39050,26.845683722784802
14627,2003,34,45450,31.24548848144864
14627,2004,35,47250,32.48293356982284
14627,2005,35,47250,32.48293356982284
14627,2006,37,51250,35.23281154398774
14627,2007,37,51250,35.23281154398774
14627,2008,39,55250,37.98268951815263
14627,2009,40,57250,39.357628505235084
14627,2010,40,57250,39.357628505235084
14627,2011,41,59550,40.9388083403799
14627,2012,42,59551,40.93949580987344
14627,2013,44,63551,43.68937378403834
14627,2014,50,79751,54.826379579406165
14627,2015,63,108701,74.7286214174246
14627,2016,69,127001,87.30931314922901
14627,2017,70,130301,89.57796247791505
14627,2018,77,155501,106.9021937151539
14627,2019,79,162401,111.64573322058834
14627,2020,79,162401,111.64573322058834
14627,2021,79,162401,111.64573322058834
14627,2022,79,162401,111.64573322058834
14627,2023,82,176801,121.54529392758197
14628,1960,0,0,0
14628,1961,0,0,0
14628,1962,0,0,0
14628,1963,0,0,0
14628,1964,0,0,0
14628,1965,0,0,0
14628,1966,0,0,0
14628,1967,0,0,0
14628,1968,0,0,0
14628,1969,0,0,0
14628,1970,0,0,0
14628,1971,0,0,0
14628,1972,0,0,0
14628,1973,0,0,0
14628,1974,0,0,0
14628,1975,0,0,0
14628,1976,0,0,0
14628,1977,0,0,0
14628,1978,0,0,0
14628,1979,0,0,0
14628,1980,0,0,0
14628,1981,0,0,0
14628,1982,0,0,0
14628,1983,0,0,0
14628,1984,0,0,0
14628,1985,0,0,0
14628,1986,0,0,0
14628,1987,0,0,0
14628,1988,0,0,0
14628,1989,0,0,0
14628,1990,0,0,0
14628,1991,0,0,0
14628,1992,0,0,0
14628,1993,0,0,0
14628,1994,0,0,0
14628,1995,10,3595,2.1731771305598877
14628,1996,13,5695,3.4426269147534243
14628,1997,18,8395,5.074776637287972
14628,1998,22,10495,6.344226421481508
14628,1999,32,20795,12.570575363002188
14628,2000,32,20795,12.570575363002188
14628,2001,35,22595,13.65867517802522
14628,2002,43,28795,17.40657454088233
14628,2003,44,30595,18.49467435590536
14628,2004,45,32595,19.703674150375395
14628,2005,46,33395,20.187274068163408
14628,2006,46,33395,20.187274068163408
14628,2007,46,33395,20.187274068163408
14628,2008,46,33395,20.187274068163408
14628,2009,47,35395,21.396273862633443
14628,2010,47,35395,21.396273862633443
14628,2011,49,37699.6,22.789404325801264
14628,2012,49,37699.6,22.789404325801264
14628,2013,49,37699.6,22.789404325801264
14628,2014,50,39999.6,24.179754089441804
14628,2015,51,40005.6,24.183381088825215
14628,2016,51,40005.6,24.183381088825215
14628,2017,52,42355.6,25.603955847327505
14628,2018,52,42355.6,25.603955847327505
14628,2019,52,42355.6,25.603955847327505
14628,2020,52,42355.6,25.603955847327505
14628,2021,52,42355.6,25.603955847327505
14628,2022,53,42357.6,25.605164847121976
14628,2023,53,42357.6,25.605164847121976
14713,1960,0,0,0
14713,1961,0,0,0
14713,1962,0,0,0
14713,1963,0,0,0
14713,1964,0,0,0
14713,1965,0,0,0
14713,1966,0,0,0
14713,1967,0,0,0
14713,1968,0,0,0
14713,1969,0,0,0
14713,1970,0,0,0
14713,1971,0,0,0
14713,1972,0,0,0
14713,1973,0,0,0
14713,1974,0,0,0
14713,1975,0,0,0
14713,1976,0,0,0
14713,1977,0,0,0
14713,1978,0,0,0
14713,1979,0,0,0
14713,1980,0,0,0
14713,1981,0,0,0
14713,1982,0,0,0
14713,1983,0,0,0
14713,1984,0,0,0
14713,1985,0,0,0
14713,1986,0,0,0
14713,1987,0,0,0
14713,1988,0,0,0
14713,1989,0,0,0
14713,1990,0,0,0
14713,1991,0,0,0
14713,1992,0,0,0
14713,1993,0,0,0
14713,1994,0,0,0
14713,1995,0,0,0
14713,1996,1,600,2.0147750167897915
14713,1997,1,600,2.0147750167897915
14713,1998,1,600,2.0147750167897915
14713,1999,5,6600,22.16252518468771
14713,2000,5,6600,22.16252518468771
14713,2001,5,6600,22.16252518468771
14713,2002,5,6600,22.16252518468771
14713,2003,5,6600,22.16252518468771
14713,2004,5,6600,22.16252518468771
14713,2005,5,6600,22.16252518468771
14713,2006,10,10800,36.265950302216254
14713,2007,10,10800,36.265950302216254
14713,2008,10,10800,36.265950302216254
14713,2009,12,15400,51.71255876427132
14713,2010,12,15400,51.71255876427132
14713,2011,12,15400,51.71255876427132
14713,2012,12,15400,51.71255876427132
14713,2013,16,25400,85.29214237743452
14713,2014,16,25400,85.29214237743452
14713,2015,18,27000,90.66487575554063
14713,2016,18,27000,90.66487575554063
14713,2017,18,27000,90.66487575554063
14713,2018,18,27000,90.66487575554063
14713,2019,18,27000,90.66487575554063
14713,2020,18,27000,90.66487575554063
14713,2021,18,27000,90.66487575554063
14713,2022,18,27000,90.66487575554063
14713,2023,18,27000,90.66487575554063
14729,1960,0,0,0
14729,1961,0,0,0
14729,1962,0,0,0
14729,1963,0,0,0
14729,1964,0,0,0
14729,1965,0,0,0
14729,1966,0,0,0
14729,1967,0,0,0
14729,1968,0,0,0
14729,1969,0,0,0
14729,1970,0,0,0
14729,1971,0,0,0
14729,1972,0,0,0
14729,1973,0,0,0
14729,1974,0,0,0
14729,1975,0,0,0
14729,1976,0,0,0
14729,1977,0,0,0
14729,1978,0,0,0
14729,1979,0,0,0
14729,1980,0,0,0
14729,1981,0,0,0
14729,1982,0,0,0
14729,1983,0,0,0
14729,1984,0,0,0
14729,1985,0,0,0
14729,1986,0,0,0
14729,1987,0,0,0
14729,1988,0,0,0
14729,1989,0,0,0
14729,1990,0,0,0
14729,1991,0,0,0
14729,1992,0,0,0
14729,1993,0,0,0
14729,1994,0,0,0
14729,1995,1,500,0.3028009084027252
14729,1996,10,5000,3.028009084027252
14729,1997,10,5000,3.028009084027252
14729,1998,12,6000,3.6336109008327027
14729,1999,25,16260,9.847085541256623
14729,2000,30,19810,11.996971990915974
14729,2001,33,21860,13.238455715367147
14729,2002,35,23060,13.965177895533687
14729,2003,41,33860,20.505677517032552
14729,2004,45,41860,25.350492051476156
14729,2005,45,41860,25.350492051476156
14729,2006,53,55460,33.58667676003028
14729,2007,54,57460,34.79788039364118
14729,2008,54,57460,34.79788039364118
14729,2009,61,72060,43.63966691900076
14729,2010,65,79760,48.30280090840272
14729,2011,67,82610,50.02876608629826
14729,2012,70,85715,51.909159727479185
14729,2013,70,85715,51.909159727479185
14729,2014,70,85715,51.909159727479185
14729,2015,71,85719,51.9115821347464
14729,2016,71,85719,51.9115821347464
14729,2017,73,92519,56.02967448902347
14729,2018,77,102469,62.0554125662377
14729,2019,77,102469,62.0554125662377
14729,2020,77,102469,62.0554125662377
14729,2021,77,102469,62.0554125662377
14729,2022,79,102471.8,62.057108251324756
14729,2023,80,102472.8,62.057713853141564
14730,1960,0,0,0
14730,1961,0,0,0
14730,1962,0,0,0
14730,1963,0,0,0
14730,1964,0,0,0
14730,1965,0,0,0
14730,1966,0,0,0
14730,1967,0,0,0
14730,1968,0,0,0
14730,1969,0,0,0
14730,1970,0,0,0
14730,1971,0,0,0
14730,1972,0,0,0
14730,1973,0,0,0
14730,1974,0,0,0
14730,1975,0,0,0
14730,1976,0,0,0
14730,1977,0,0,0
14730,1978,0,0,0
14730,1979,0,0,0
14730,1980,0,0,0
14730,1981,0,0,0
14730,1982,0,0,0
14730,1983,0,0,0
14730,1984,0,0,0
14730,1985,0,0,0
14730,1986,0,0,0
14730,1987,0,0,0
14730,1988,0,0,0
14730,1989,0,0,0
14730,1990,0,0,0
14730,1991,0,0,0
14730,1992,0,0,0
14730,1993,0,0,0
14730,1994,0,0,0
14730,1995,0,0,0
14730,1996,8,4700,2.3169144614899237
14730,1997,9,5200,2.5633947233505543
14730,1998,23,13900,6.85215127972552
14730,1999,44,38520,18.98883937374295
14730,2000,53,44460,21.917024884647237
14730,2001,64,56760,27.98043932641874
14730,2002,74,69160,34.09314982056237
14730,2003,75,70160,34.58611034428363
14730,2004,83,85960,42.37488661907955
14730,2005,83,85960,42.37488661907955
14730,2006,87,91560,45.13546555191861
14730,2007,90,97560,48.093228694246164
14730,2008,92,102160,50.360847103363966
14730,2009,92,102160,50.360847103363966
14730,2010,92,102160,50.360847103363966
14730,2011,94,103760,51.14958394131798
14730,2012,94,103760,51.14958394131798
14730,2013,94,103760,51.14958394131798
14730,2014,94,103760,51.14958394131798
14730,2015,101,122660,60.4665378396498
14730,2016,103,122771.73,60.52161631896518
14730,2017,106,132371.73,65.25403734668929
14730,2018,106,132371.73,65.25403734668929
14730,2019,106,132371.73,65.25403734668929
14730,2020,107,132374.73,65.25551622826045
14730,2021,107,132374.73,65.25551622826045
14730,2022,108,132375.73,65.25600918878416
14730,2023,108,132375.73,65.25600918878416
15001,1960,0,0,0
15001,1961,0,0,0
15001,1962,0,0,0
15001,1963,0,0,0
15001,1964,0,0,0
15001,1965,0,0,0
15001,1966,0,0,0
15001,1967,0,0,0
15001,1968,0,0,0
15001,1969,0,0,0
15001,1970,0,0,0
15001,1971,0,0,0
15001,1972,0,0,0
15001,1973,0,0,0
15001,1974,0,0,0
15001,1975,0,0,0
15001,1976,0,0,0
15001,1977,0,0,0
15001,1978,0,0,0
15001,1979,0,0,0
15001,1980,0,0,0
15001,1981,0,0,0
15001,1982,0,0,0
15001,1983,0,0,0
15001,1984,0,0,0
15001,1985,0,0,0
15001,1986,0,0,0
15001,1987,0,0,0
15001,1988,0,0,0
15001,1989,0,0,0
15001,1990,0,0,0
15001,1991,0,0,0
15001,1992,0,0,0
15001,1993,0,0,0
15001,1994,0,0,0
15001,1995,0,0,0
15001,1996,0,0,0
15001,1997,0,0,0
15001,1998,0,0,0
15001,1999,2,2000,8.137358613394092
15001,2000,7,7000,28.48075514687932
15001,2001,7,7000,28.48075514687932
15001,2002,8,8500,34.58377410692489
15001,2003,9,10000,40.68679306697046
15001,2004,13,17200,69.9812840751892
15001,2005,13,17200,69.9812840751892
15001,2006,13,17200,69.9812840751892
15001,2007,13,17200,69.9812840751892
15001,2008,13,17200,69.9812840751892
15001,2009,13,17200,69.9812840751892
15001,2010,13,17200,69.9812840751892
15001,2011,13,17200,69.9812840751892
15001,2012,13,17200,69.9812840751892
15001,2013,13,17200,69.9812840751892
15001,2014,13,17200,69.9812840751892
15001,2015,13,17200,69.9812840751892
15001,2016,13,17200,69.9812840751892
15001,2017,13,17200,69.9812840751892
15001,2018,13,17200,69.9812840751892
15001,2019,13,17200,69.9812840751892
15001,2020,13,17200,69.9812840751892
15001,2021,13,17200,69.9812840751892
15001,2022,13,17200,69.9812840751892
15001,2023,13,17200,69.9812840751892
15002,1960,0,0,0
15002,1961,0,0,0
15002,1962,0,0,0
15002,1963,0,0,0
15002,1964,0,0,0
15002,1965,0,0,0
15002,1966,0,0,0
15002,1967,0,0,0
15002,1968,0,0,0
15002,1969,0,0,0
15002,1970,0,0,0
15002,1971,0,0,0
15002,1972,0,0,0
15002,1973,0,0,0
15002,1974,0,0,0
15002,1975,0,0,0
15002,1976,0,0,0
15002,1977,0,0,0
15002,1978,0,0,0
15002,1979,0,0,0
15002,1980,0,0,0
15002,1981,0,0,0
15002,1982,0,0,0
15002,1983,0,0,0
15002,1984,0,0,0
15002,1985,0,0,0
15002,1986,0,0,0
15002,1987,0,0,0
15002,1988,0,0,0
15002,1989,0,0,0
15002,1990,0,0,0
15002,1991,0,0,0
15002,1992,0,0,0
15002,1993,0,0,0
15002,1994,0,0,0
15002,1995,0,0,0
15002,1996,0,0,0
15002,1997,2,1200,8.85216878135143
15002,1998,2,1200,8.85216878135143
15002,1999,2,1200,8.85216878135143
15002,2000,5,5700,42.0478017114193
15002,2001,5,5700,42.0478017114193
15002,2002,5,5700,42.0478017114193
15002,2003,5,5700,42.0478017114193
15002,2004,10,15700,115.81587488934788
15002,2005,10,15700,115.81587488934788
15002,2006,10,15700,115.81587488934788
15002,2007,12,19700,145.32310416051934
15002,2008,12,19700,145.32310416051934
15002,2009,14,23700,174.83033343169078
15002,2010,20,37500,276.6302744172322
15002,2011,20,37500,276.6302744172322
15002,2012,20,37500,276.6302744172322
15002,2013,23,47010,346.7837120094423
15002,2014,23,47010,346.7837120094423
15002,2015,23,47010,346.7837120094423
15002,2016,24,47012.7,346.80362938920035
15002,2017,26,53582.7,395.2692534670994
15002,2018,26,53582.7,395.2692534670994
15002,2019,26,53582.7,395.2692534670994
15002,2020,26,53582.7,395.2692534670994
15002,2021,26,53582.7,395.2692534670994
15002,2022,26,53582.7,395.2692534670994
15002,2023,26,53582.7,395.2692534670994
15003,1960,0,0,0
15003,1961,0,0,0
15003,1962,0,0,0
15003,1963,0,0,0
15003,1964,0,0,0
15003,1965,0,0,0
15003,1966,0,0,0
15003,1967,0,0,0
15003,1968,0,0,0
15003,1969,0,0,0
15003,1970,0,0,0
15003,1971,0,0,0
15003,1972,0,0,0
15003,1973,0,0,0
15003,1974,0,0,0
15003,1975,0,0,0
15003,1976,0,0,0
15003,1977,0,0,0
15003,1978,0,0,0
15003,1979,0,0,0
15003,1980,0,0,0
15003,1981,0,0,0
15003,1982,0,0,0
15003,1983,0,0,0
15003,1984,0,0,0
15003,1985,0,0,0
15003,1986,0,0,0
15003,1987,0,0,0
15003,1988,0,0,0
15003,1989,0,0,0
15003,1990,0,0,0
15003,1991,0,0,0
15003,1992,0,0,0
15003,1993,0,0,0
15003,1994,0,0,0
15003,1995,0,0,0
15003,1996,0,0,0
15003,1997,0,0,0
15003,1998,0,0,0
15003,1999,0,0,0
15003,2000,2,3600,17.850059500198334
15003,2001,3,4200,20.825069416898057
15003,2002,3,4200,20.825069416898057
15003,2003,3,4200,20.825069416898057
15003,2004,3,4200,20.825069416898057
15003,2005,4,6200,30.741769139230463
15003,2006,5,8200,40.658468861562874
15003,2007,5,8200,40.658468861562874
15003,2008,5,8200,40.658468861562874
15003,2009,5,8200,40.658468861562874
15003,2010,6,15780,78.2427608092027
15003,2011,6,15780,78.2427608092027
15003,2012,6,15780,78.2427608092027
15003,2013,6,15780,78.2427608092027
15003,2014,6,15780,78.2427608092027
15003,2015,6,15780,78.2427608092027
15003,2016,6,15780,78.2427608092027
15003,2017,6,15780,78.2427608092027
15003,2018,6,15780,78.2427608092027
15003,2019,6,15780,78.2427608092027
15003,2020,6,15780,78.2427608092027
15003,2021,6,15780,78.2427608092027
15003,2022,6,15780,78.2427608092027
15003,2023,6,15780,78.2427608092027
15081,1960,0,0,0
15081,1961,0,0,0
15081,1962,0,0,0
15081,1963,0,0,0
15081,1964,0,0,0
15081,1965,0,0,0
15081,1966,0,0,0
15081,1967,0,0,0
15081,1968,0,0,0
15081,1969,0,0,0
15081,1970,0,0,0
15081,1971,0,0,0
15081,1972,0,0,0
15081,1973,0,0,0
15081,1974,0,0,0
15081,1975,0,0,0
15081,1976,0,0,0
15081,1977,0,0,0
15081,1978,0,0,0
15081,1979,0,0,0
15081,1980,0,0,0
15081,1981,0,0,0
15081,1982,0,0,0
15081,1983,0,0,0
15081,1984,0,0,0
15081,1985,0,0,0
15081,1986,0,0,0
15081,1987,0,0,0
15081,1988,0,0,0
15081,1989,0,0,0
15081,1990,0,0,0
15081,1991,0,0,0
15081,1992,0,0,0
15081,1993,0,0,0
15081,1994,0,0,0
15081,1995,0,0,0
15081,1996,5,2250,0.9763718023823472
15081,1997,5,2250,0.9763718023823472
15081,1998,5,2250,0.9763718023823472
15081,1999,5,2250,0.9763718023823472
15081,2000,12,9450,4.100761570005859
15081,2001,57,49800,21.610362559395952
15081,2002,83,86900,37.709648723122655
15081,2003,98,108200,46.952635119008875
15081,2004,107,121700,52.81086593330296
15081,2005,111,126800,55.02397535203628
15081,2006,129,162800,70.64592419015383
15081,2007,129,162800,70.64592419015383
15081,2008,129,162800,70.64592419015383
15081,2009,129,162800,70.64592419015383
15081,2010,129,162800,70.64592419015383
15081,2011,141,190400,82.62275163271063
15081,2012,149,206503.8,89.6108832910239
15081,2013,156,226478.8,98.27889518106272
15081,2014,169,265378.8,115.15927878669531
15081,2015,178,286278.8,124.22868797326912
15081,2016,199,348528.8,151.24164117251405
15081,2017,210,382128.8,165.8221267547571
15081,2018,210,382128.8,165.8221267547571
15081,2019,212,390528.8,169.46724815031786
15081,2020,218,412128.8,178.8404174531884
15081,2021,218,412128.8,178.8404174531884
15081,2022,218,412128.8,178.8404174531884
15081,2023,218,412128.8,178.8404174531884
15082,1960,0,0,0
15082,1961,0,0,0
15082,1962,0,0,0
15082,1963,0,0,0
15082,1964,0,0,0
15082,1965,0,0,0
15082,1966,0,0,0
15082,1967,0,0,0
15082,1968,0,0,0
15082,1969,0,0,0
15082,1970,0,0,0
15082,1971,0,0,0
15082,1972,0,0,0
15082,1973,0,0,0
15082,1974,0,0,0
15082,1975,0,0,0
15082,1976,0,0,0
15082,1977,0,0,0
15082,1978,0,0,0
15082,1979,0,0,0
15082,1980,0,0,0
15082,1981,0,0,0
15082,1982,0,0,0
15082,1983,0,0,0
15082,1984,0,0,0
15082,1985,0,0,0
15082,1986,0,0,0
15082,1987,0,0,0
15082,1988,0,0,0
15082,1989,0,0,0
15082,1990,0,0,0
15082,1991,0,0,0
15082,1992,0,0,0
15082,1993,0,0,0
15082,1994,0,0,0
15082,1995,0,0,0
15082,1996,0,0,0
15082,1997,0,0,0
15082,1998,3,2760,1.8885095143930426
15082,1999,12,10480,7.170862214072133
15082,2000,15,14980,10.249953813626007
15082,2001,22,22080,15.10807611514434
15082,2002,68,89780,61.43129862398818
15082,2003,110,152080,104.05961121336736
15082,2004,126,184980,126.57119201899457
15082,2005,159,249480,170.70483827926677
15082,2006,187,297530,203.58269413672534
15082,2007,191,306730,209.87772585136884
15082,2008,194,312730,213.98318131744065
15082,2009,198,319530,218.6360308456554
15082,2010,200,322330,220.5519100631556
15082,2011,204,331530,226.84694177779906
15082,2012,211,346330,236.9737319274429
15082,2013,212,348630,238.5474898561038
15082,2014,215,354780,242.7555817088274
15082,2015,226,387130,264.89082909673135
15082,2016,229,397030,271.6648306157499
15082,2017,233,411430,281.51792373432227
15082,2018,233,411430,281.51792373432227
15082,2019,239,433030,296.29756341218086
15082,2020,239,433030,296.29756341218086
15082,2021,241,444230,303.9610802821816
15082,2022,242,449830,307.792838717182
15082,2023,245,465230,318.33017441343304
15083,1960,0,0,0
15083,1961,0,0,0
15083,1962,0,0,0
15083,1963,0,0,0
15083,1964,0,0,0
15083,1965,0,0,0
15083,1966,0,0,0
15083,1967,0,0,0
15083,1968,0,0,0
15083,1969,0,0,0
15083,1970,0,0,0
15083,1971,0,0,0
15083,1972,0,0,0
15083,1973,0,0,0
15083,1974,0,0,0
15083,1975,0,0,0
15083,1976,0,0,0
15083,1977,0,0,0
15083,1978,0,0,0
15083,1979,0,0,0
15083,1980,0,0,0
15083,1981,0,0,0
15083,1982,0,0,0
15083,1983,0,0,0
15083,1984,0,0,0
15083,1985,0,0,0
15083,1986,0,0,0
15083,1987,0,0,0
15083,1988,0,0,0
15083,1989,0,0,0
15083,1990,0,0,0
15083,1991,0,0,0
15083,1992,0,0,0
15083,1993,0,0,0
15083,1994,0,0,0
15083,1995,1,250,0.10518078473279872
15083,1996,1,250,0.10518078473279872
15083,1997,21,11950,5.027641510227779
15083,1998,24,13750,5.78494316030393
15083,1999,62,51750,21.772422439689336
15083,2000,76,65050,27.36804018747423
15083,2001,89,81450,34.267899665945826
15083,2002,138,159550,67.12637681647215
15083,2003,185,249950,105.15974857585216
15083,2004,219,311400,131.0131854631741
15083,2005,258,389400,163.8295902998073
15083,2006,305,483700,203.503782301019
15083,2007,317,507700,213.60113763536765
15083,2008,346,565700,238.00307969337698
15083,2009,355,581700,244.73464991627608
15083,2010,361,595300,250.45648460574034
15083,2011,366,606800,255.29480070344908
15083,2012,378,628805,264.55281337563
15083,2013,390,657905,276.7958567185278
15083,2014,391,660955,278.07906229226796
15083,2015,410,704655,296.4646634635612
15083,2016,410,704655,296.4646634635612
15083,2017,413,712485,299.7589256413924
15083,2018,413,712485,299.7589256413924
15083,2019,413,712485,299.7589256413924
15083,2020,413,712485,299.7589256413924
15083,2021,413,712485,299.7589256413924
15083,2022,413,712485,299.7589256413924
15083,2023,413,712485,299.7589256413924
15084,1960,0,0,0
15084,1961,0,0,0
15084,1962,0,0,0
15084,1963,0,0,0
15084,1964,0,0,0
15084,1965,0,0,0
15084,1966,0,0,0
15084,1967,0,0,0
15084,1968,0,0,0
15084,1969,0,0,0
15084,1970,0,0,0
15084,1971,0,0,0
15084,1972,0,0,0
15084,1973,0,0,0
15084,1974,0,0,0
15084,1975,0,0,0
15084,1976,0,0,0
15084,1977,0,0,0
15084,1978,0,0,0
15084,1979,0,0,0
15084,1980,0,0,0
15084,1981,0,0,0
15084,1982,0,0,0
15084,1983,0,0,0
15084,1984,0,0,0
15084,1985,0,0,0
15084,1986,0,0,0
15084,1987,0,0,0
15084,1988,0,0,0
15084,1989,0,0,0
15084,1990,0,0,0
15084,1991,0,0,0
15084,1992,0,0,0
15084,1993,0,0,0
15084,1994,3,1500,1.0563975435235788
15084,1995,3,1500,1.0563975435235788
15084,1996,5,2500,1.760662572539298
15084,1997,8,4200,2.9579131218660204
15084,1998,13,6700,4.7185756944053185
15084,1999,16,11200,7.887768324976054
15084,2000,21,18700,13.169756042593947
15084,2001,39,43000,30.283396247675924
15084,2002,75,98300,69.2292523522452
15084,2003,82,109200,76.90574116851653
15084,2004,84,111450,78.4903374838019
15084,2005,104,145550,102.50577497323792
15084,2006,111,160850,113.28102991717843
15084,2007,120,180650,127.22547749168966
15084,2008,123,185450,130.6059496309651
15084,2009,132,203450,143.28272015324805
15084,2010,148,247450,174.2703814299397
15084,2011,154,261250,183.98923883035664
15084,2012,165,287325,202.3529494619415
15084,2013,179,325375,229.15023381598962
15084,2014,189,349475,246.12302101526845
15084,2015,192,356225,250.87680996112456
15084,2016,205,386075,271.89912107724376
15084,2017,219,428175,301.54867879880555
15084,2018,221,434175,305.77426897289985
15084,2019,221,434175,305.77426897289985
15084,2020,230,467174,329.0143106653896
15084,2021,233,479974,338.0289030367908
15084,2022,237,496774,349.8605555242549
15084,2023,241,514974,362.67817905234097
15085,1960,0,0,0
15085,1961,0,0,0
15085,1962,0,0,0
15085,1963,0,0,0
15085,1964,0,0,0
15085,1965,0,0,0
15085,1966,0,0,0
15085,1967,0,0,0
15085,1968,0,0,0
15085,1969,0,0,0
15085,1970,0,0,0
15085,1971,0,0,0
15085,1972,0,0,0
15085,1973,0,0,0
15085,1974,0,0,0
15085,1975,0,0,0
15085,1976,0,0,0
15085,1977,0,0,0
15085,1978,0,0,0
15085,1979,0,0,0
15085,1980,0,0,0
15085,1981,0,0,0
15085,1982,0,0,0
15085,1983,0,0,0
15085,1984,0,0,0
15085,1985,0,0,0
15085,1986,0,0,0
15085,1987,0,0,0
15085,1988,0,0,0
15085,1989,0,0,0
15085,1990,0,0,0
15085,1991,0,0,0
15085,1992,0,0,0
15085,1993,1,250,0.11846039395188614
15085,1994,2,360,0.17058296729071604
15085,1995,3,960,0.45488791277524276
15085,1996,3,960,0.45488791277524276
15085,1997,3,960,0.45488791277524276
15085,1998,7,3710,1.7579522462459902
15085,1999,11,9710,4.601001701091257
15085,2000,15,14810,7.017593737709735
15085,2001,39,48310,22.891286527262476
15085,2002,42,53710,25.450031036623216
15085,2003,55,73210,34.68994176487033
15085,2004,73,109210,51.74823849394194
15085,2005,78,119210,56.48665425201738
15085,2006,87,141210,66.91116891978336
15085,2007,93,151210,71.64958467785881
15085,2008,93,151210,71.64958467785881
15085,2009,105,174010,82.45317260627083
15085,2010,125,214910,101.83329305679939
15085,2011,130,224910,106.57170881487484
15085,2012,130,224910,106.57170881487484
15085,2013,132,229210,108.60922759084728
15085,2014,136,238510,113.01595424585744
15085,2015,137,240810,114.1057898702148
15085,2016,143,254660,120.66849569514929
15085,2017,145,260760,123.55892930757531
15085,2018,145,260760,123.55892930757531
15085,2019,145,260760,123.55892930757531
15085,2020,145,260760,123.55892930757531
15085,2021,146,264360,125.26475898048247
15085,2022,147,269960,127.91827180500472
15085,2023,147,269960,127.91827180500472
15086,1960,0,0,0
15086,1961,0,0,0
15086,1962,0,0,0
15086,1963,0,0,0
15086,1964,0,0,0
15086,1965,0,0,0
15086,1966,0,0,0
15086,1967,0,0,0
15086,1968,0,0,0
15086,1969,0,0,0
15086,1970,0,0,0
15086,1971,0,0,0
15086,1972,0,0,0
15086,1973,0,0,0
15086,1974,0,0,0
15086,1975,0,0,0
15086,1976,0,0,0
15086,1977,0,0,0
15086,1978,0,0,0
15086,1979,0,0,0
15086,1980,0,0,0
15086,1981,0,0,0
15086,1982,0,0,0
15086,1983,0,0,0
15086,1984,0,0,0
15086,1985,0,0,0
15086,1986,0,0,0
15086,1987,0,0,0
15086,1988,0,0,0
15086,1989,0,0,0
15086,1990,0,0,0
15086,1991,0,0,0
15086,1992,0,0,0
15086,1993,0,0,0
15086,1994,0,0,0
15086,1995,1,500,0.3145920370463583
15086,1996,1,500,0.3145920370463583
15086,1997,1,500,0.3145920370463583
15086,1998,3,1500,0.9437761111390749
15086,1999,3,1500,0.9437761111390749
15086,2000,3,1500,0.9437761111390749
15086,2001,12,9700,6.103085518699351
15086,2002,26,27900,17.554235667186795
15086,2003,36,42750,26.897619167463635
15086,2004,36,42750,26.897619167463635
15086,2005,41,51350,32.308602204661
15086,2006,48,65350,41.11717924195903
15086,2007,59,87350,54.959228871998796
15086,2008,78,125350,78.86822368752203
15086,2009,111,200350,126.05702924447577
15086,2010,113,204350,128.57376554084664
15086,2011,117,210360,132.35516182614387
15086,2012,117,210360,132.35516182614387
15086,2013,117,210360,132.35516182614387
15086,2014,136,259360,163.185181456687
15086,2015,139,268585,168.98940454019228
15086,2016,147,287385,180.81806513313535
15086,2017,149,291985,183.71231187396185
15086,2018,149,291985,183.71231187396185
15086,2019,149,291985,183.71231187396185
15086,2020,149,291985,183.71231187396185
15086,2021,149,291985,183.71231187396185
15086,2022,149,291985,183.71231187396185
15086,2023,149,291985,183.71231187396185
15087,1960,0,0,0
15087,1961,0,0,0
15087,1962,0,0,0
15087,1963,0,0,0
15087,1964,0,0,0
15087,1965,0,0,0
15087,1966,0,0,0
15087,1967,0,0,0
15087,1968,0,0,0
15087,1969,0,0,0
15087,1970,0,0,0
15087,1971,0,0,0
15087,1972,0,0,0
15087,1973,0,0,0
15087,1974,0,0,0
15087,1975,0,0,0
15087,1976,0,0,0
15087,1977,0,0,0
15087,1978,0,0,0
15087,1979,0,0,0
15087,1980,0,0,0
15087,1981,0,0,0
15087,1982,0,0,0
15087,1983,0,0,0
15087,1984,0,0,0
15087,1985,0,0,0
15087,1986,0,0,0
15087,1987,0,0,0
15087,1988,0,0,0
15087,1989,0,0,0
15087,1990,0,0,0
15087,1991,0,0,0
15087,1992,0,0,0
15087,1993,0,0,0
15087,1994,0,0,0
15087,1995,2,450,0.308993778925251
15087,1996,2,450,0.308993778925251
15087,1997,13,6950,4.772237252289988
15087,1998,14,7450,5.115563673318044
15087,1999,47,47210,32.41688067346911
15087,2000,53,53270,36.577996896329154
15087,2001,70,79170,54.36230550558249
15087,2002,79,92470,63.4947883049288
15087,2003,82,96970,66.5847260941813
15087,2004,90,110470,75.85453946193884
15087,2005,104,132470,90.96090198717333
15087,2006,120,158470,108.81387588063228
15087,2007,144,206970,142.11653872035376
15087,2008,150,218470,150.01304640399908
15087,2009,160,233870,160.5875001716632
15087,2010,171,254870,175.0072098548416
15087,2011,179,270370,185.65032890671137
15087,2012,187,286370,196.63677437960916
15087,2013,195,304020,208.75619704189955
15087,2014,202,324820,223.03857615666672
15087,2015,210,344020,236.2223107241441
15087,2016,210,344020,236.2223107241441
15087,2017,210,344020,236.2223107241441
15087,2018,212,351220,241.16621118694812
15087,2019,212,351220,241.16621118694812
15087,2020,214,358120,245.9041157971353
15087,2021,226,400496,275.0017166321052
15087,2022,227,400497,275.0024032849472
15087,2023,232,426297,292.71804660999493
15088,1960,0,0,0
15088,1961,0,0,0
15088,1962,0,0,0
15088,1963,0,0,0
15088,1964,0,0,0
15088,1965,0,0,0
15088,1966,0,0,0
15088,1967,0,0,0
15088,1968,0,0,0
15088,1969,0,0,0
15088,1970,0,0,0
15088,1971,0,0,0
15088,1972,0,0,0
15088,1973,0,0,0
15088,1974,0,0,0
15088,1975,0,0,0
15088,1976,0,0,0
15088,1977,0,0,0
15088,1978,0,0,0
15088,1979,0,0,0
15088,1980,0,0,0
15088,1981,0,0,0
15088,1982,0,0,0
15088,1983,0,0,0
15088,1984,0,0,0
15088,1985,0,0,0
15088,1986,0,0,0
15088,1987,0,0,0
15088,1988,0,0,0
15088,1989,0,0,0
15088,1990,0,0,0
15088,1991,0,0,0
15088,1992,0,0,0
15088,1993,0,0,0
15088,1994,0,0,0
15088,1995,3,1500,1.0413412475268145
15088,1996,7,3500,2.429796244229234
15088,1997,10,5100,3.5405602415911694
15088,1998,11,5600,3.8876739907667743
15088,1999,22,19400,13.468013468013467
15088,2000,35,38900,27.005449685862057
15088,2001,50,65900,45.74959214134472
15088,2002,67,82900,57.55145961331528
15088,2003,89,119000,82.61307230379396
15088,2004,97,132000,91.63802978235968
15088,2005,100,136900,95.03974452428061
15088,2006,103,142900,99.20510951438786
15088,2007,122,179700,124.75268145371238
15088,2008,124,183700,127.52959144711721
15088,2009,156,252100,175.01475233433996
15088,2010,159,256100.6,177.79207886424382
15088,2011,165,268100.6,186.12280884445832
15088,2012,184,306900.6,213.05883578048525
15088,2013,190,322200.6,223.68051650525874
15088,2014,196,338700.6,235.1352702280537
15088,2015,198,344550.6,239.19650109340827
15088,2016,199,346900.6,240.82793571453362
15088,2017,202,354770.6,246.29150612655764
15088,2018,204,359470.6,249.55437536880834
15088,2019,204,359470.6,249.55437536880834
15088,2020,204,359470.6,249.55437536880834
15088,2021,204,359470.6,249.55437536880834
15088,2022,204,359470.6,249.55437536880834
15088,2023,205,364970.6,253.37262660974
15089,1960,0,0,0
15089,1961,0,0,0
15089,1962,0,0,0
15089,1963,0,0,0
15089,1964,0,0,0
15089,1965,0,0,0
15089,1966,0,0,0
15089,1967,0,0,0
15089,1968,0,0,0
15089,1969,0,0,0
15089,1970,0,0,0
15089,1971,0,0,0
15089,1972,0,0,0
15089,1973,0,0,0
15089,1974,0,0,0
15089,1975,0,0,0
15089,1976,0,0,0
15089,1977,0,0,0
15089,1978,0,0,0
15089,1979,0,0,0
15089,1980,0,0,0
15089,1981,0,0,0
15089,1982,0,0,0
15089,1983,0,0,0
15089,1984,0,0,0
15089,1985,0,0,0
15089,1986,0,0,0
15089,1987,0,0,0
15089,1988,0,0,0
15089,1989,0,0,0
15089,1990,0,0,0
15089,1991,0,0,0
15089,1992,0,0,0
15089,1993,0,0,0
15089,1994,0,0,0
15089,1995,3,1500,1.0463096658086928
15089,1996,5,2600,1.8136034207350675
15089,1997,5,2600,1.8136034207350675
15089,1998,8,4350,3.034298030845209
15089,1999,39,29600,20.647177405291536
15089,2000,63,59690,41.636149301413916
15089,2001,105,120940,84.36046065526887
15089,2002,146,186240,129.9098081068073
15089,2003,161,210740,146.9995326483493
15089,2004,167,223040,155.57927190798057
15089,2005,203,283840,197.98969036209292
15089,2006,226,323840,225.89128145032473
15089,2007,235,341340,238.09822755142613
15089,2008,235,341340,238.09822755142613
15089,2009,283,447540,312.1769518906816
15089,2010,283,447540,312.1769518906816
15089,2011,302,489945,341.75612614309335
15089,2012,318,526945,367.5650978997078
15089,2013,331,557595,388.9446920710654
15089,2014,333,562195,392.15337504621203
15089,2015,334,564495,393.75771653378536
15089,2016,345,597035,416.45566088406196
15089,2017,358,631535,440.5207831976619
15089,2018,358,631535,440.5207831976619
15089,2019,359,634835,442.822664462441
15089,2020,373,683435,476.72309763464267
15089,2021,373,683435,476.72309763464267
15089,2022,378,704435,491.37143295596434
15089,2023,378,704435,491.37143295596434
15090,1960,0,0,0
15090,1961,0,0,0
15090,1962,0,0,0
15090,1963,0,0,0
15090,1964,0,0,0
15090,1965,0,0,0
15090,1966,0,0,0
15090,1967,0,0,0
15090,1968,0,0,0
15090,1969,0,0,0
15090,1970,0,0,0
15090,1971,0,0,0
15090,1972,0,0,0
15090,1973,0,0,0
15090,1974,0,0,0
15090,1975,0,0,0
15090,1976,0,0,0
15090,1977,0,0,0
15090,1978,0,0,0
15090,1979,0,0,0
15090,1980,0,0,0
15090,1981,0,0,0
15090,1982,0,0,0
15090,1983,0,0,0
15090,1984,0,0,0
15090,1985,0,0,0
15090,1986,0,0,0
15090,1987,0,0,0
15090,1988,0,0,0
15090,1989,0,0,0
15090,1990,0,0,0
15090,1991,0,0,0
15090,1992,0,0,0
15090,1993,0,0,0
15090,1994,0,0,0
15090,1995,0,0,0
15090,1996,0,0,0
15090,1997,3,1700,0.6978080617354897
15090,1998,4,2200,0.9030457269518103
15090,1999,11,7610,3.1237172645923983
15090,2000,12,8460,3.472621295460143
15090,2001,40,47160,19.35801658320335
15090,2002,86,104020,42.69764387160332
15090,2003,88,108020,44.33954519333388
15090,2004,99,127820,52.466956735900176
15090,2005,105,138620,56.9000903045727
15090,2006,106,140620,57.72104096543798
15090,2007,122,172620,70.8562515392825
15090,2008,151,230620,94.66382070437568
15090,2009,163,254620,104.51522863475905
15090,2010,163,254620,104.51522863475905
15090,2011,163,254620,104.51522863475905
15090,2012,168,267520,109.81036039734013
15090,2013,185,315870,129.6568426237583
15090,2014,222,418495,171.78187340940812
15090,2015,263,542365,222.62745259009935
15090,2016,290,623135,255.78154502914376
15090,2017,320,719885,295.4950332485018
15090,2018,323,726485,298.2041704293572
15090,2019,323,726485,298.2041704293572
15090,2020,334,756085,310.35424021016337
15090,2021,334,756085,310.35424021016337
15090,2022,348,810885,332.8482883178721
15090,2023,352,833285,342.0429357195633
15091,1960,0,0,0
15091,1961,0,0,0
15091,1962,0,0,0
15091,1963,0,0,0
15091,1964,0,0,0
15091,1965,0,0,0
15091,1966,0,0,0
15091,1967,0,0,0
15091,1968,0,0,0
15091,1969,0,0,0
15091,1970,0,0,0
15091,1971,0,0,0
15091,1972,0,0,0
15091,1973,0,0,0
15091,1974,0,0,0
15091,1975,0,0,0
15091,1976,0,0,0
15091,1977,0,0,0
15091,1978,0,0,0
15091,1979,0,0,0
15091,1980,0,0,0
15091,1981,0,0,0
15091,1982,0,0,0
15091,1983,0,0,0
15091,1984,0,0,0
15091,1985,0,0,0
15091,1986,0,0,0
15091,1987,0,0,0
15091,1988,0,0,0
15091,1989,0,0,0
15091,1990,0,0,0
15091,1991,0,0,0
15091,1992,0,0,0
15091,1993,0,0,0
15091,1994,0,0,0
15091,1995,1,270,0.13897753711214972
15091,1996,1,270,0.13897753711214972
15091,1997,3,1270,0.6537091560460376
15091,1998,4,1770,0.9110749655129815
15091,1999,12,11170,5.749552183491527
15091,2000,24,28770,14.808828676727954
15091,2001,27,33270,17.12512096193045
15091,2002,36,49870,25.669665836232987
15091,2003,38,53870,27.72859231196854
15091,2004,38,53870,27.72859231196854
15091,2005,53,78870,40.596882785315735
15091,2006,64,97870,50.37678354505961
15091,2007,89,133020,68.46959995058576
15091,2008,89,133020,68.46959995058576
15091,2009,90,135020,69.49906318845355
15091,2010,90,135020,69.49906318845355
15091,2011,90,135020,69.49906318845355
15091,2012,99,151032,77.74094587082296
15091,2013,99,151032,77.74094587082296
15091,2014,104,162632,83.71183265045605
15091,2015,105,165707,85.29463237867776
15091,2016,113,187947,96.74226358376742
15091,2017,125,218307,112.36951553460025
15091,2018,126,218311.5,112.37183182688547
15091,2019,132,240091.5,123.58268648726553
15091,2020,132,240091.5,123.58268648726553
15091,2021,132,240091.5,123.58268648726553
15091,2022,132,240091.5,123.58268648726553
15091,2023,132,240091.5,123.58268648726553
16051,1960,0,0,0
16051,1961,0,0,0
16051,1962,0,0,0
16051,1963,0,0,0
16051,1964,0,0,0
16051,1965,0,0,0
16051,1966,0,0,0
16051,1967,0,0,0
16051,1968,0,0,0
16051,1969,0,0,0
16051,1970,0,0,0
16051,1971,0,0,0
16051,1972,0,0,0
16051,1973,0,0,0
16051,1974,0,0,0
16051,1975,0,0,0
16051,1976,0,0,0
16051,1977,0,0,0
16051,1978,0,0,0
16051,1979,0,0,0
16051,1980,0,0,0
16051,1981,0,0,0
16051,1982,0,0,0
16051,1983,0,0,0
16051,1984,0,0,0
16051,1985,0,0,0
16051,1986,0,0,0
16051,1987,0,0,0
16051,1988,0,0,0
16051,1989,0,0,0
16051,1990,0,0,0
16051,1991,0,0,0
16051,1992,0,0,0
16051,1993,0,0,0
16051,1994,0,0,0
16051,1995,0,0,0
16051,1996,0,0,0
16051,1997,0,0,0
16051,1998,0,0,0
16051,1999,0,0,0
16051,2000,0,0,0
16051,2001,0,0,0
16051,2002,0,0,0
16051,2003,0,0,0
16051,2004,14,11900,44.08877033085102
16051,2005,15,13900,51.498647697380605
16051,2006,25,33900,125.59742136267644
16051,2007,26,34700,128.56137230928826
16051,2008,26,34700,128.56137230928826
16051,2009,26,34700,128.56137230928826
16051,2010,26,34700,128.56137230928826
16051,2011,26,34700,128.56137230928826
16051,2012,26,34700,128.56137230928826
16051,2013,27,35500,131.5253232559001
16051,2014,34,41100,152.27297988218294
16051,2015,34,41100,152.27297988218294
16051,2016,35,41900,155.23693082879478
16051,2017,35,41900,155.23693082879478
16051,2018,35,41900,155.23693082879478
16051,2019,35,41900,155.23693082879478
16051,2020,35,41900,155.23693082879478
16051,2021,36,47400,175.61409358675112
16051,2022,36,47400,175.61409358675112
16051,2023,36,47400,175.61409358675112
16052,1960,0,0,0
16052,1961,0,0,0
16052,1962,0,0,0
16052,1963,0,0,0
16052,1964,0,0,0
16052,1965,0,0,0
16052,1966,0,0,0
16052,1967,0,0,0
16052,1968,0,0,0
16052,1969,0,0,0
16052,1970,0,0,0
16052,1971,0,0,0
16052,1972,0,0,0
16052,1973,0,0,0
16052,1974,0,0,0
16052,1975,0,0,0
16052,1976,0,0,0
16052,1977,0,0,0
16052,1978,0,0,0
16052,1979,0,0,0
16052,1980,0,0,0
16052,1981,0,0,0
16052,1982,0,0,0
16052,1983,0,0,0
16052,1984,0,0,0
16052,1985,0,0,0
16052,1986,0,0,0
16052,1987,0,0,0
16052,1988,0,0,0
16052,1989,0,0,0
16052,1990,0,0,0
16052,1991,0,0,0
16052,1992,0,0,0
16052,1993,0,0,0
16052,1994,0,0,0
16052,1995,0,0,0
16052,1996,0,0,0
16052,1997,0,0,0
16052,1998,0,0,0
16052,1999,0,0,0
16052,2000,0,0,0
16052,2001,0,0,0
16052,2002,0,0,0
16052,2003,4,6000,39.42699434879747
16052,2004,4,6000,39.42699434879747
16052,2005,4,6000,39.42699434879747
16052,2006,4,6000,39.42699434879747
16052,2007,4,6000,39.42699434879747
16052,2008,4,6000,39.42699434879747
16052,2009,4,6000,39.42699434879747
16052,2010,4,6000,39.42699434879747
16052,2011,4,6000,39.42699434879747
16052,2012,4,6000,39.42699434879747
16052,2013,4,6000,39.42699434879747
16052,2014,4,6000,39.42699434879747
16052,2015,5,8350,54.86923380207649
16052,2016,5,8350,54.86923380207649
16052,2017,6,10650,69.98291496911551
16052,2018,6,10650,69.98291496911551
16052,2019,6,10650,69.98291496911551
16052,2020,6,10650,69.98291496911551
16052,2021,6,10650,69.98291496911551
16052,2022,6,10650,69.98291496911551
16052,2023,6,10650,69.98291496911551
16056,1960,0,0,NA
16056,1961,0,0,NA
16056,1962,0,0,NA
16056,1963,0,0,NA
16056,1964,0,0,NA
16056,1965,0,0,NA
16056,1966,0,0,NA
16056,1967,0,0,NA
16056,1968,0,0,NA
16056,1969,0,0,NA
16056,1970,0,0,NA
16056,1971,0,0,NA
16056,1972,0,0,NA
16056,1973,0,0,NA
16056,1974,0,0,NA
16056,1975,0,0,NA
16056,1976,0,0,NA
16056,1977,0,0,NA
16056,1978,0,0,NA
16056,1979,0,0,NA
16056,1980,0,0,NA
16056,1981,0,0,NA
16056,1982,0,0,NA
16056,1983,0,0,NA
16056,1984,0,0,NA
16056,1985,0,0,NA
16056,1986,0,0,NA
16056,1987,0,0,NA
16056,1988,0,0,NA
16056,1989,0,0,NA
16056,1990,0,0,NA
16056,1991,0,0,NA
16056,1992,0,0,NA
16056,1993,0,0,NA
16056,1994,0,0,NA
16056,1995,0,0,NA
16056,1996,0,0,NA
16056,1997,0,0,NA
16056,1998,1,500,NA
16056,1999,1,500,NA
16056,2000,4,3700,NA
16056,2001,4,3700,NA
16056,2002,6,5800,NA
16056,2003,7,7300,NA
16056,2004,12,15100,NA
16056,2005,15,17500,NA
16056,2006,16,18700,NA
16056,2007,16,18700,NA
16056,2008,16,18700,NA
16056,2009,18,21700,NA
16056,2010,18,21700,NA
16056,2011,18,21700,NA
16056,2012,18,21700,NA
16056,2013,18,21700,NA
16056,2014,19,24200,NA
16056,2015,19,24200,NA
16056,2016,22,32800,NA
16056,2017,23,33600,NA
16056,2018,29,54300,NA
16056,2019,30,58500,NA
16056,2020,31,62700,NA
16056,2021,31,62700,NA
16056,2022,31,62700,NA
16056,2023,31,62700,NA
16061,1960,0,0,0
16061,1961,0,0,0
16061,1962,0,0,0
16061,1963,0,0,0
16061,1964,0,0,0
16061,1965,0,0,0
16061,1966,0,0,0
16061,1967,0,0,0
16061,1968,0,0,0
16061,1969,0,0,0
16061,1970,0,0,0
16061,1971,0,0,0
16061,1972,0,0,0
16061,1973,0,0,0
16061,1974,0,0,0
16061,1975,0,0,0
16061,1976,0,0,0
16061,1977,0,0,0
16061,1978,0,0,0
16061,1979,0,0,0
16061,1980,0,0,0
16061,1981,0,0,0
16061,1982,0,0,0
16061,1983,0,0,0
16061,1984,0,0,0
16061,1985,0,0,0
16061,1986,0,0,0
16061,1987,0,0,0
16061,1988,0,0,0
16061,1989,0,0,0
16061,1990,0,0,0
16061,1991,0,0,0
16061,1992,0,0,0
16061,1993,0,0,0
16061,1994,0,0,0
16061,1995,0,0,0
16061,1996,0,0,0
16061,1997,0,0,0
16061,1998,0,0,0
16061,1999,0,0,0
16061,2000,0,0,0
16061,2001,0,0,0
16061,2002,0,0,0
16061,2003,18,32400,32.68930030772335
16061,2004,18,32400,32.68930030772335
16061,2005,18,32400,32.68930030772335
16061,2006,18,32400,32.68930030772335
16061,2007,18,32400,32.68930030772335
16061,2008,18,32400,32.68930030772335
16061,2009,20,37000,37.330373808202594
16061,2010,27,42600,42.98037633052515
16061,2011,28,44900,45.30091308076477
16061,2012,28,44900,45.30091308076477
16061,2013,33,56400,56.90359683196287
16061,2014,36,63300,63.865207082681735
16061,2015,36,63300,63.865207082681735
16061,2016,36,63300,63.865207082681735
16061,2017,36,63300,63.865207082681735
16061,2018,42,84000,84.75003783483832
16061,2019,42,84000,84.75003783483832
16061,2020,42,84000,84.75003783483832
16061,2021,42,84000,84.75003783483832
16061,2022,42,84000,84.75003783483832
16061,2023,42,84000,84.75003783483832
16062,1960,0,0,0
16062,1961,0,0,0
16062,1962,0,0,0
16062,1963,0,0,0
16062,1964,0,0,0
16062,1965,0,0,0
16062,1966,0,0,0
16062,1967,0,0,0
16062,1968,0,0,0
16062,1969,0,0,0
16062,1970,0,0,0
16062,1971,0,0,0
16062,1972,0,0,0
16062,1973,0,0,0
16062,1974,0,0,0
16062,1975,0,0,0
16062,1976,0,0,0
16062,1977,0,0,0
16062,1978,0,0,0
16062,1979,0,0,0
16062,1980,0,0,0
16062,1981,0,0,0
16062,1982,0,0,0
16062,1983,0,0,0
16062,1984,0,0,0
16062,1985,0,0,0
16062,1986,0,0,0
16062,1987,0,0,0
16062,1988,0,0,0
16062,1989,0,0,0
16062,1990,0,0,0
16062,1991,0,0,0
16062,1992,0,0,0
16062,1993,0,0,0
16062,1994,0,0,0
16062,1995,0,0,0
16062,1996,0,0,0
16062,1997,0,0,0
16062,1998,3,4500,6.303403838072559
16062,1999,5,7500,10.505673063454266
16062,2000,5,7500,10.505673063454266
16062,2001,7,9500,13.307185880375403
16062,2002,7,9500,13.307185880375403
16062,2003,8,11000,15.408320493066256
16062,2004,8,11000,15.408320493066256
16062,2005,8,11000,15.408320493066256
16062,2006,9,13000,18.209833309987395
16062,2007,9,13000,18.209833309987395
16062,2008,9,13000,18.209833309987395
16062,2009,9,13000,18.209833309987395
16062,2010,10,15000,21.01134612690853
16062,2011,10,15000,21.01134612690853
16062,2012,10,15000,21.01134612690853
16062,2013,10,15000,21.01134612690853
16062,2014,12,19600,27.454825605827146
16062,2015,12,19600,27.454825605827146
16062,2016,14,25600,35.85936405659056
16062,2017,26,60670,84.9838913013027
16062,2018,31,75670,105.99523742821124
16062,2019,32,80170,112.2986412662838
16062,2020,33,83670,117.20128869589578
16062,2021,33,83670,117.20128869589578
16062,2022,33,83670,117.20128869589578
16062,2023,33,83670,117.20128869589578
16063,1960,0,0,0
16063,1961,0,0,0
16063,1962,0,0,0
16063,1963,0,0,0
16063,1964,0,0,0
16063,1965,0,0,0
16063,1966,0,0,0
16063,1967,0,0,0
16063,1968,0,0,0
16063,1969,0,0,0
16063,1970,0,0,0
16063,1971,0,0,0
16063,1972,0,0,0
16063,1973,0,0,0
16063,1974,0,0,0
16063,1975,0,0,0
16063,1976,0,0,0
16063,1977,0,0,0
16063,1978,0,0,0
16063,1979,0,0,0
16063,1980,0,0,0
16063,1981,0,0,0
16063,1982,0,0,0
16063,1983,0,0,0
16063,1984,0,0,0
16063,1985,0,0,0
16063,1986,0,0,0
16063,1987,0,0,0
16063,1988,0,0,0
16063,1989,0,0,0
16063,1990,0,0,0
16063,1991,0,0,0
16063,1992,0,0,0
16063,1993,0,0,0
16063,1994,0,0,0
16063,1995,0,0,0
16063,1996,0,0,0
16063,1997,1,500,0.3646574043685957
16063,1998,10,5500,4.011231448054552
16063,1999,17,9600,7.001422163877037
16063,2000,24,14670,10.699048244174596
16063,2001,25,15420,11.246034350727491
16063,2002,28,18020,13.14225285344419
16063,2003,29,19520,14.236225066549975
16063,2004,29,19520,14.236225066549975
16063,2005,29,19520,14.236225066549975
16063,2006,30,21520,15.694854684024358
16063,2007,33,27520,20.070743536447505
16063,2008,33,27520,20.070743536447505
16063,2009,37,35520,25.905262006345037
16063,2010,39,39520,28.822521241293803
16063,2011,39,39520,28.822521241293803
16063,2012,45,48520,35.386354519928524
16063,2013,45,48520,35.386354519928524
16063,2014,45,48520,35.386354519928524
16063,2015,56,82570,60.21952375742989
16063,2016,58,88920,64.85067279291106
16063,2017,59,88925,64.85431936695474
16063,2018,59,88925,64.85431936695474
16063,2019,60,93125,67.91744156365094
16063,2020,60,93125,67.91744156365094
16063,2021,60,93125,67.91744156365094
16063,2022,60,93125,67.91744156365094
16063,2023,60,93125,67.91744156365094
16064,1960,0,0,0
16064,1961,0,0,0
16064,1962,0,0,0
16064,1963,0,0,0
16064,1964,0,0,0
16064,1965,0,0,0
16064,1966,0,0,0
16064,1967,0,0,0
16064,1968,0,0,0
16064,1969,0,0,0
16064,1970,0,0,0
16064,1971,0,0,0
16064,1972,0,0,0
16064,1973,0,0,0
16064,1974,0,0,0
16064,1975,0,0,0
16064,1976,0,0,0
16064,1977,0,0,0
16064,1978,0,0,0
16064,1979,0,0,0
16064,1980,0,0,0
16064,1981,0,0,0
16064,1982,0,0,0
16064,1983,0,0,0
16064,1984,0,0,0
16064,1985,0,0,0
16064,1986,0,0,0
16064,1987,0,0,0
16064,1988,0,0,0
16064,1989,0,0,0
16064,1990,0,0,0
16064,1991,0,0,0
16064,1992,0,0,0
16064,1993,0,0,0
16064,1994,0,0,0
16064,1995,1,600,0.6440532417346501
16064,1996,1,600,0.6440532417346501
16064,1997,1,600,0.6440532417346501
16064,1998,3,1600,1.7174753112924002
16064,1999,4,2900,3.112924001717475
16064,2000,7,4700,5.045083726921425
16064,2001,19,22700,24.366680978960925
16064,2002,34,42500,45.62043795620438
16064,2003,40,52700,56.56934306569343
16064,2004,43,57100,61.29240017174753
16064,2005,44,59100,63.43924431086303
16064,2006,54,79100,84.90768570201803
16064,2007,54,79100,84.90768570201803
16064,2008,54,79100,84.90768570201803
16064,2009,57,85100,91.34821811936453
16064,2010,69,109100,117.11034778875053
16064,2011,75,121100,129.99141262344352
16064,2012,78,126179.6,135.4439673679691
16064,2013,82,131276.3,140.91487762988405
16064,2014,98,175551.3,188.44063975955345
16064,2015,104,193151.3,207.33286818376985
16064,2016,105,196451.3,210.87516101331042
16064,2017,106,199751.3,214.417453842851
16064,2018,107,203201.3,218.12075998282523
16064,2019,108,207401.3,222.6291326749678
16064,2020,109,211601.3,227.13750536711032
16064,2021,113,228401.3,245.17099613568053
16064,2022,116,243801.3,261.7016960068699
16064,2023,116,243801.3,261.7016960068699
16065,1960,0,0,0
16065,1961,0,0,0
16065,1962,0,0,0
16065,1963,0,0,0
16065,1964,0,0,0
16065,1965,0,0,0
16065,1966,0,0,0
16065,1967,0,0,0
16065,1968,0,0,0
16065,1969,0,0,0
16065,1970,0,0,0
16065,1971,0,0,0
16065,1972,0,0,0
16065,1973,0,0,0
16065,1974,0,0,0
16065,1975,0,0,0
16065,1976,0,0,0
16065,1977,0,0,0
16065,1978,0,0,0
16065,1979,0,0,0
16065,1980,0,0,0
16065,1981,0,0,0
16065,1982,0,0,0
16065,1983,0,0,0
16065,1984,0,0,0
16065,1985,0,0,0
16065,1986,0,0,0
16065,1987,0,0,0
16065,1988,0,0,0
16065,1989,0,0,0
16065,1990,0,0,0
16065,1991,0,0,0
16065,1992,0,0,0
16065,1993,0,0,0
16065,1994,0,0,0
16065,1995,0,0,0
16065,1996,0,0,0
16065,1997,0,0,0
16065,1998,0,0,0
16065,1999,6,4500,4.335677810964447
16065,2000,6,4500,4.335677810964447
16065,2001,9,6300,6.069948935350226
16065,2002,14,10900,10.501975142113883
16065,2003,24,25900,24.954234511995374
16065,2004,40,56900,54.822237209750455
16065,2005,40,56900,54.822237209750455
16065,2006,52,79700,76.78967145197032
16065,2007,55,84500,81.4143944503324
16065,2008,55,84500,81.4143944503324
16065,2009,55,84500,81.4143944503324
16065,2010,58,91400,88.06243376047789
16065,2011,58,91400,88.06243376047789
16065,2012,58,91400,88.06243376047789
16065,2013,58,91400,88.06243376047789
16065,2014,64,105200,101.35851238076886
16065,2015,66,111350,107.28393872242026
16065,2016,89,178750,172.22275749108775
16065,2017,95,198600,191.34791405723092
16065,2018,95,198600,191.34791405723092
16065,2019,96,202800,195.39454668079776
16065,2020,96,202800,195.39454668079776
16065,2021,96,202800,195.39454668079776
16065,2022,98,214000,206.18556701030926
16065,2023,101,226000,217.74737450621444
16066,1960,0,0,0
16066,1961,0,0,0
16066,1962,0,0,0
16066,1963,0,0,0
16066,1964,0,0,0
16066,1965,0,0,0
16066,1966,0,0,0
16066,1967,0,0,0
16066,1968,0,0,0
16066,1969,0,0,0
16066,1970,0,0,0
16066,1971,0,0,0
16066,1972,0,0,0
16066,1973,0,0,0
16066,1974,0,0,0
16066,1975,0,0,0
16066,1976,0,0,0
16066,1977,0,0,0
16066,1978,0,0,0
16066,1979,0,0,0
16066,1980,0,0,0
16066,1981,0,0,0
16066,1982,0,0,0
16066,1983,0,0,0
16066,1984,0,0,0
16066,1985,0,0,0
16066,1986,0,0,0
16066,1987,0,0,0
16066,1988,0,0,0
16066,1989,0,0,0
16066,1990,0,0,0
16066,1991,0,0,0
16066,1992,0,0,0
16066,1993,0,0,0
16066,1994,0,0,0
16066,1995,1,600,0.4795511401328356
16066,1996,1,600,0.4795511401328356
16066,1997,1,600,0.4795511401328356
16066,1998,1,600,0.4795511401328356
16066,1999,1,600,0.4795511401328356
16066,2000,1,600,0.4795511401328356
16066,2001,1,600,0.4795511401328356
16066,2002,1,600,0.4795511401328356
16066,2003,1,600,0.4795511401328356
16066,2004,1,600,0.4795511401328356
16066,2005,1,600,0.4795511401328356
16066,2006,1,600,0.4795511401328356
16066,2007,1,600,0.4795511401328356
16066,2008,1,600,0.4795511401328356
16066,2009,1,600,0.4795511401328356
16066,2010,1,600,0.4795511401328356
16066,2011,1,600,0.4795511401328356
16066,2012,1,600,0.4795511401328356
16066,2013,2,601,0.480350392033057
16066,2014,2,601,0.480350392033057
16066,2015,2,601,0.480350392033057
16066,2016,2,601,0.480350392033057
16066,2017,2,601,0.480350392033057
16066,2018,2,601,0.480350392033057
16066,2019,2,601,0.480350392033057
16066,2020,2,601,0.480350392033057
16066,2021,2,601,0.480350392033057
16066,2022,2,601,0.480350392033057
16066,2023,2,601,0.480350392033057
16067,1960,0,0,0
16067,1961,0,0,0
16067,1962,0,0,0
16067,1963,0,0,0
16067,1964,0,0,0
16067,1965,0,0,0
16067,1966,0,0,0
16067,1967,0,0,0
16067,1968,0,0,0
16067,1969,0,0,0
16067,1970,0,0,0
16067,1971,0,0,0
16067,1972,0,0,0
16067,1973,0,0,0
16067,1974,0,0,0
16067,1975,0,0,0
16067,1976,0,0,0
16067,1977,0,0,0
16067,1978,0,0,0
16067,1979,0,0,0
16067,1980,0,0,0
16067,1981,0,0,0
16067,1982,0,0,0
16067,1983,0,0,0
16067,1984,0,0,0
16067,1985,0,0,0
16067,1986,0,0,0
16067,1987,0,0,0
16067,1988,0,0,0
16067,1989,0,0,0
16067,1990,0,0,0
16067,1991,0,0,0
16067,1992,0,0,0
16067,1993,0,0,0
16067,1994,0,0,0
16067,1995,0,0,0
16067,1996,0,0,0
16067,1997,0,0,0
16067,1998,0,0,0
16067,1999,6,6300,6.730337798859048
16067,2000,12,13600,14.52898318483858
16067,2001,13,14600,15.597290771959063
16067,2002,13,14600,15.597290771959063
16067,2003,13,14600,15.597290771959063
16067,2004,15,17250,18.428305877828347
16067,2005,15,17250,18.428305877828347
16067,2006,25,37250,39.79445762023802
16067,2007,25,37250,39.79445762023802
16067,2008,27,41250,44.06768796871996
16067,2009,27,41250,44.06768796871996
16067,2010,28,43250,46.204303142960924
16067,2011,33,53250,56.88737901416576
16067,2012,43,78778.5,84.15966925197104
16067,2013,48,94153.5,100.58489840394847
16067,2014,57,117103.5,125.10255752836358
16067,2015,59,123478.5,131.91301839625666
16067,2016,63,133379.7,142.490545477854
16067,2017,65,139979.7,149.5413755528492
16067,2018,66,143429.7,153.22703672841487
16067,2019,66,143429.7,153.22703672841487
16067,2020,74,172279.7,184.04771061684082
16067,2021,76,183279.7,195.79909407516615
16067,2022,84,220529.7,235.59355169540416
16067,2023,84,220529.7,235.59355169540416
16068,1960,0,0,0
16068,1961,0,0,0
16068,1962,0,0,0
16068,1963,0,0,0
16068,1964,0,0,0
16068,1965,0,0,0
16068,1966,0,0,0
16068,1967,0,0,0
16068,1968,0,0,0
16068,1969,0,0,0
16068,1970,0,0,0
16068,1971,0,0,0
16068,1972,0,0,0
16068,1973,0,0,0
16068,1974,0,0,0
16068,1975,0,0,0
16068,1976,0,0,0
16068,1977,0,0,0
16068,1978,0,0,0
16068,1979,0,0,0
16068,1980,0,0,0
16068,1981,0,0,0
16068,1982,0,0,0
16068,1983,0,0,0
16068,1984,0,0,0
16068,1985,0,0,0
16068,1986,0,0,0
16068,1987,0,0,0
16068,1988,0,0,0
16068,1989,0,0,0
16068,1990,0,0,0
16068,1991,0,0,0
16068,1992,0,0,0
16068,1993,0,0,0
16068,1994,0,0,0
16068,1995,0,0,0
16068,1996,0,0,0
16068,1997,3,1500,1.85901249256395
16068,1998,3,1500,1.85901249256395
16068,1999,5,4500,5.57703747769185
16068,2000,6,5100,6.32064247471743
16068,2001,6,5100,6.32064247471743
16068,2002,7,6600,8.17965496728138
16068,2003,7,6600,8.17965496728138
16068,2004,8,8600,10.65833829069998
16068,2005,10,12600,15.61570493753718
16068,2006,22,36600,45.35990481856038
16068,2007,38,68600,85.01883799325797
16068,2008,38,68600,85.01883799325797
16068,2009,42,75400,93.44636129288122
16068,2010,42,75400,93.44636129288122
16068,2011,47,85400,105.83977790997422
16068,2012,56,103400,128.14792782074161
16068,2013,70,135700,168.178663493952
16068,2014,78,154352.5,191.29548383898472
16068,2015,78,154352.5,191.29548383898472
16068,2016,78,154352.5,191.29548383898472
16068,2017,90,194552.5,241.11701863969859
16068,2018,93,204602.5,253.57240233987707
16068,2019,93,204602.5,253.57240233987707
16068,2020,95,213002.5,263.9828722982352
16068,2021,98,228402.5,283.0687338885584
16068,2022,102,245202.5,303.88967380527464
16068,2023,103,245277.5,303.98262442990284
16069,1960,0,0,0
16069,1961,0,0,0
16069,1962,0,0,0
16069,1963,0,0,0
16069,1964,0,0,0
16069,1965,0,0,0
16069,1966,0,0,0
16069,1967,0,0,0
16069,1968,0,0,0
16069,1969,0,0,0
16069,1970,0,0,0
16069,1971,0,0,0
16069,1972,0,0,0
16069,1973,0,0,0
16069,1974,0,0,0
16069,1975,0,0,0
16069,1976,0,0,0
16069,1977,0,0,0
16069,1978,0,0,0
16069,1979,0,0,0
16069,1980,0,0,0
16069,1981,0,0,0
16069,1982,0,0,0
16069,1983,0,0,0
16069,1984,0,0,0
16069,1985,0,0,0
16069,1986,0,0,0
16069,1987,0,0,0
16069,1988,0,0,0
16069,1989,0,0,0
16069,1990,0,0,0
16069,1991,0,0,0
16069,1992,0,0,0
16069,1993,0,0,0
16069,1994,0,0,0
16069,1995,0,0,0
16069,1996,0,0,0
16069,1997,0,0,0
16069,1998,0,0,0
16069,1999,1,500,0.5328161464605023
16069,2000,1,500,0.5328161464605023
16069,2001,1,500,0.5328161464605023
16069,2002,1,500,0.5328161464605023
16069,2003,1,500,0.5328161464605023
16069,2004,1,500,0.5328161464605023
16069,2005,1,500,0.5328161464605023
16069,2006,1,500,0.5328161464605023
16069,2007,1,500,0.5328161464605023
16069,2008,1,500,0.5328161464605023
16069,2009,1,500,0.5328161464605023
16069,2010,1,500,0.5328161464605023
16069,2011,1,500,0.5328161464605023
16069,2012,1,500,0.5328161464605023
16069,2013,2,504.199,0.5372907364584777
16069,2014,2,504.199,0.5372907364584777
16069,2015,2,504.199,0.5372907364584777
16069,2016,2,504.199,0.5372907364584777
16069,2017,2,504.199,0.5372907364584777
16069,2018,2,504.199,0.5372907364584777
16069,2019,6,14454.199,15.402861222706495
16069,2020,6,14454.199,15.402861222706495
16069,2021,6,14454.199,15.402861222706495
16069,2022,6,14454.199,15.402861222706495
16069,2023,6,14454.199,15.402861222706495
16070,1960,0,0,0
16070,1961,0,0,0
16070,1962,0,0,0
16070,1963,0,0,0
16070,1964,0,0,0
16070,1965,0,0,0
16070,1966,0,0,0
16070,1967,0,0,0
16070,1968,0,0,0
16070,1969,0,0,0
16070,1970,0,0,0
16070,1971,0,0,0
16070,1972,0,0,0
16070,1973,0,0,0
16070,1974,0,0,0
16070,1975,0,0,0
16070,1976,0,0,0
16070,1977,0,0,0
16070,1978,0,0,0
16070,1979,0,0,0
16070,1980,0,0,0
16070,1981,0,0,0
16070,1982,0,0,0
16070,1983,0,0,0
16070,1984,0,0,0
16070,1985,0,0,0
16070,1986,0,0,0
16070,1987,0,0,0
16070,1988,0,0,0
16070,1989,0,0,0
16070,1990,0,0,0
16070,1991,0,0,0
16070,1992,0,0,0
16070,1993,0,0,0
16070,1994,0,0,0
16070,1995,0,0,0
16070,1996,0,0,0
16070,1997,0,0,0
16070,1998,0,0,0
16070,1999,0,0,0
16070,2000,0,0,0
16070,2001,0,0,0
16070,2002,0,0,0
16070,2003,0,0,0
16070,2004,0,0,0
16070,2005,0,0,0
16070,2006,8,6400,7.949224329594713
16070,2007,8,6400,7.949224329594713
16070,2008,8,6400,7.949224329594713
16070,2009,8,6400,7.949224329594713
16070,2010,8,6400,7.949224329594713
16070,2011,8,6400,7.949224329594713
16070,2012,8,6400,7.949224329594713
16070,2013,8,6400,7.949224329594713
16070,2014,8,6400,7.949224329594713
16070,2015,8,6400,7.949224329594713
16070,2016,8,6400,7.949224329594713
16070,2017,8,6400,7.949224329594713
16070,2018,8,6400,7.949224329594713
16070,2019,8,6400,7.949224329594713
16070,2020,9,6405,7.95543466110221
16070,2021,9,6405,7.95543466110221
16070,2022,9,6405,7.95543466110221
16070,2023,9,6405,7.95543466110221
16071,1960,0,0,0
16071,1961,0,0,0
16071,1962,0,0,0
16071,1963,0,0,0
16071,1964,0,0,0
16071,1965,0,0,0
16071,1966,0,0,0
16071,1967,0,0,0
16071,1968,0,0,0
16071,1969,0,0,0
16071,1970,0,0,0
16071,1971,0,0,0
16071,1972,0,0,0
16071,1973,0,0,0
16071,1974,0,0,0
16071,1975,0,0,0
16071,1976,0,0,0
16071,1977,0,0,0
16071,1978,0,0,0
16071,1979,0,0,0
16071,1980,0,0,0
16071,1981,0,0,0
16071,1982,0,0,0
16071,1983,0,0,0
16071,1984,0,0,0
16071,1985,0,0,0
16071,1986,0,0,0
16071,1987,0,0,0
16071,1988,0,0,0
16071,1989,0,0,0
16071,1990,0,0,0
16071,1991,0,0,0
16071,1992,0,0,0
16071,1993,0,0,0
16071,1994,0,0,0
16071,1995,1,500,0.6215272166768182
16071,1996,4,2000,2.486108866707273
16071,1997,12,6000,7.458326600121819
16071,1998,12,6000,7.458326600121819
16071,1999,13,6200,7.706937486792547
16071,2000,17,11400,14.170820540231457
16071,2001,17,11400,14.170820540231457
16071,2002,19,15000,18.645816500304548
16071,2003,20,16300,20.261787263664274
16071,2004,20,16300,20.261787263664274
16071,2005,21,16310,20.27421780799781
16071,2006,21,16310,20.27421780799781
16071,2007,21,16310,20.27421780799781
16071,2008,21,16310,20.27421780799781
16071,2009,21,16310,20.27421780799781
16071,2010,21,16310,20.27421780799781
16071,2011,21,16310,20.27421780799781
16071,2012,36,46910,58.31168346861909
16071,2013,39,52310,65.02417740872873
16071,2014,43,61510,76.46027819558218
16071,2015,43,61510,76.46027819558218
16071,2016,45,68410,85.03735378572227
16071,2017,45,68410,85.03735378572227
16071,2018,55,102910,127.92273173642273
16071,2019,55,102910,127.92273173642273
16071,2020,57,111310,138.3643889765933
16071,2021,58,115510,143.58521759667855
16071,2022,60,123910,154.0268748368491
16071,2023,61,123910.49,154.02748393352144
16072,1960,0,0,0
16072,1961,0,0,0
16072,1962,0,0,0
16072,1963,0,0,0
16072,1964,0,0,0
16072,1965,0,0,0
16072,1966,0,0,0
16072,1967,0,0,0
16072,1968,0,0,0
16072,1969,0,0,0
16072,1970,0,0,0
16072,1971,0,0,0
16072,1972,0,0,0
16072,1973,0,0,0
16072,1974,0,0,0
16072,1975,0,0,0
16072,1976,0,0,0
16072,1977,0,0,0
16072,1978,0,0,0
16072,1979,0,0,0
16072,1980,0,0,0
16072,1981,0,0,0
16072,1982,0,0,0
16072,1983,0,0,0
16072,1984,0,0,0
16072,1985,0,0,0
16072,1986,0,0,0
16072,1987,0,0,0
16072,1988,0,0,0
16072,1989,0,0,0
16072,1990,0,0,0
16072,1991,0,0,0
16072,1992,0,0,0
16072,1993,0,0,0
16072,1994,0,0,0
16072,1995,0,0,0
16072,1996,0,0,0
16072,1997,0,0,0
16072,1998,0,0,0
16072,1999,0,0,0
16072,2000,0,0,0
16072,2001,0,0,0
16072,2002,0,0,0
16072,2003,0,0,0
16072,2004,0,0,0
16072,2005,0,0,0
16072,2006,0,0,0
16072,2007,0,0,0
16072,2008,0,0,0
16072,2009,0,0,0
16072,2010,0,0,0
16072,2011,0,0,0
16072,2012,1,10,0.021699505251280272
16072,2013,1,10,0.021699505251280272
16072,2014,1,10,0.021699505251280272
16072,2015,1,10,0.021699505251280272
16072,2016,1,10,0.021699505251280272
16072,2017,1,10,0.021699505251280272
16072,2018,1,10,0.021699505251280272
16072,2019,1,10,0.021699505251280272
16072,2020,1,10,0.021699505251280272
16072,2021,1,10,0.021699505251280272
16072,2022,1,10,0.021699505251280272
16072,2023,1,10,0.021699505251280272
16073,1960,0,0,0
16073,1961,0,0,0
16073,1962,0,0,0
16073,1963,0,0,0
16073,1964,0,0,0
16073,1965,0,0,0
16073,1966,0,0,0
16073,1967,0,0,0
16073,1968,0,0,0
16073,1969,0,0,0
16073,1970,0,0,0
16073,1971,0,0,0
16073,1972,0,0,0
16073,1973,0,0,0
16073,1974,0,0,0
16073,1975,0,0,0
16073,1976,0,0,0
16073,1977,0,0,0
16073,1978,0,0,0
16073,1979,0,0,0
16073,1980,0,0,0
16073,1981,0,0,0
16073,1982,0,0,0
16073,1983,0,0,0
16073,1984,0,0,0
16073,1985,0,0,0
16073,1986,0,0,0
16073,1987,0,0,0
16073,1988,0,0,0
16073,1989,0,0,0
16073,1990,0,0,0
16073,1991,0,0,0
16073,1992,0,0,0
16073,1993,0,0,0
16073,1994,0,0,0
16073,1995,1,600,0.5947896427296879
16073,1996,2,1200,1.1895792854593759
16073,1997,2,1200,1.1895792854593759
16073,1998,2,1200,1.1895792854593759
16073,1999,2,1200,1.1895792854593759
16073,2000,2,1200,1.1895792854593759
16073,2001,2,1200,1.1895792854593759
16073,2002,2,1200,1.1895792854593759
16073,2003,2,1200,1.1895792854593759
16073,2004,2,1200,1.1895792854593759
16073,2005,2,1200,1.1895792854593759
16073,2006,2,1200,1.1895792854593759
16073,2007,2,1200,1.1895792854593759
16073,2008,2,1200,1.1895792854593759
16073,2009,2,1200,1.1895792854593759
16073,2010,2,1200,1.1895792854593759
16073,2011,2,1200,1.1895792854593759
16073,2012,4,5800,5.7496332130536505
16073,2013,4,5800,5.7496332130536505
16073,2014,5,8100,8.029660176850788
16073,2015,5,8100,8.029660176850788
16073,2016,6,8100.6,8.030254966493517
16073,2017,6,8100.6,8.030254966493517
16073,2018,6,8100.6,8.030254966493517
16073,2019,6,8100.6,8.030254966493517
16073,2020,6,8100.6,8.030254966493517
16073,2021,6,8100.6,8.030254966493517
16073,2022,6,8100.6,8.030254966493517
16073,2023,6,8100.6,8.030254966493517
16074,1960,0,0,0
16074,1961,0,0,0
16074,1962,0,0,0
16074,1963,0,0,0
16074,1964,0,0,0
16074,1965,0,0,0
16074,1966,0,0,0
16074,1967,0,0,0
16074,1968,0,0,0
16074,1969,0,0,0
16074,1970,0,0,0
16074,1971,0,0,0
16074,1972,0,0,0
16074,1973,0,0,0
16074,1974,0,0,0
16074,1975,0,0,0
16074,1976,0,0,0
16074,1977,0,0,0
16074,1978,0,0,0
16074,1979,0,0,0
16074,1980,0,0,0
16074,1981,0,0,0
16074,1982,0,0,0
16074,1983,0,0,0
16074,1984,0,0,0
16074,1985,0,0,0
16074,1986,0,0,0
16074,1987,0,0,0
16074,1988,0,0,0
16074,1989,0,0,0
16074,1990,0,0,0
16074,1991,0,0,0
16074,1992,0,0,0
16074,1993,0,0,0
16074,1994,0,0,0
16074,1995,1,225,0.27599234581227616
16074,1996,2,323,0.3962023453216231
16074,1997,3,923,1.1321819341543595
16074,1998,3,923,1.1321819341543595
16074,1999,3,923,1.1321819341543595
16074,2000,3,923,1.1321819341543595
16074,2001,7,4123,5.057406407928953
16074,2002,22,23223,28.48608998577106
16074,2003,39,48723,59.76522251116236
16074,2004,39,48723,59.76522251116236
16074,2005,39,48723,59.76522251116236
16074,2006,39,48723,59.76522251116236
16074,2007,39,48723,59.76522251116236
16074,2008,39,48723,59.76522251116236
16074,2009,40,51023,62.58647760168785
16074,2010,40,51023,62.58647760168785
16074,2011,42,55123,67.61567145871155
16074,2012,43,57623,70.68225307884795
16074,2013,56,89423,109.68917128698297
16074,2014,58,94823,116.3129875864776
16074,2015,59,97323,119.37956920661401
16074,2016,61,102123,125.2674059172759
16074,2017,63,109293,134.0623620038271
16074,2018,63,109293,134.0623620038271
16074,2019,63,109293,134.0623620038271
16074,2020,64,111643,136.9449487267553
16074,2021,64,111643,136.9449487267553
16074,2022,64,111643,136.9449487267553
16074,2023,67,132043,161.96825474706836
16075,1960,1,9.8,0.008511968870513847
16075,1961,1,9.8,0.008511968870513847
16075,1962,1,9.8,0.008511968870513847
16075,1963,1,9.8,0.008511968870513847
16075,1964,1,9.8,0.008511968870513847
16075,1965,1,9.8,0.008511968870513847
16075,1966,1,9.8,0.008511968870513847
16075,1967,1,9.8,0.008511968870513847
16075,1968,1,9.8,0.008511968870513847
16075,1969,1,9.8,0.008511968870513847
16075,1970,1,9.8,0.008511968870513847
16075,1971,1,9.8,0.008511968870513847
16075,1972,1,9.8,0.008511968870513847
16075,1973,1,9.8,0.008511968870513847
16075,1974,1,9.8,0.008511968870513847
16075,1975,1,9.8,0.008511968870513847
16075,1976,1,9.8,0.008511968870513847
16075,1977,1,9.8,0.008511968870513847
16075,1978,1,9.8,0.008511968870513847
16075,1979,1,9.8,0.008511968870513847
16075,1980,1,9.8,0.008511968870513847
16075,1981,1,9.8,0.008511968870513847
16075,1982,1,9.8,0.008511968870513847
16075,1983,1,9.8,0.008511968870513847
16075,1984,1,9.8,0.008511968870513847
16075,1985,1,9.8,0.008511968870513847
16075,1986,1,9.8,0.008511968870513847
16075,1987,1,9.8,0.008511968870513847
16075,1988,1,9.8,0.008511968870513847
16075,1989,1,9.8,0.008511968870513847
16075,1990,1,9.8,0.008511968870513847
16075,1991,1,9.8,0.008511968870513847
16075,1992,1,9.8,0.008511968870513847
16075,1993,2,609.8,0.5296529201264635
16075,1994,3,1209.8,1.0507938713824132
16075,1995,5,1934.8,1.680505854150019
16075,1996,7,2666.8,2.316297814682278
16075,1997,9,3466.8,3.0111524163568775
16075,1998,12,5066.8,4.400861619706077
16075,1999,13,5666.8,4.922002570962027
16075,2000,13,5666.8,4.922002570962027
16075,2001,13,5666.8,4.922002570962027
16075,2002,20,17366.8,15.084251120453045
16075,2003,20,17366.8,15.084251120453045
16075,2004,21,19366.8,16.821387624639545
16075,2005,21,19366.8,16.821387624639545
16075,2006,21,19366.8,16.821387624639545
16075,2007,21,19366.8,16.821387624639545
16075,2008,21,19366.8,16.821387624639545
16075,2009,22,21666.8,18.81909460445402
16075,2010,22,21666.8,18.81909460445402
16075,2011,22,21666.8,18.81909460445402
16075,2012,22,21666.8,18.81909460445402
16075,2013,22,21666.8,18.81909460445402
16075,2014,25,27074.3,23.515877427648267
16075,2015,26,27079.3,23.52022026890873
16075,2016,28,29438.8,25.569607059722752
16075,2017,34,47438.8,41.20383559740125
16075,2018,34,47438.8,41.20383559740125
16075,2019,34,47438.8,41.20383559740125
16075,2020,34,47438.8,41.20383559740125
16075,2021,36,55138.8,47.89181113851927
16075,2022,36,55138.8,47.89181113851927
16075,2023,36,55138.8,47.89181113851927
16076,1960,0,0,0
16076,1961,0,0,0
16076,1962,0,0,0
16076,1963,0,0,0
16076,1964,0,0,0
16076,1965,0,0,0
16076,1966,0,0,0
16076,1967,0,0,0
16076,1968,0,0,0
16076,1969,0,0,0
16076,1970,0,0,0
16076,1971,0,0,0
16076,1972,0,0,0
16076,1973,0,0,0
16076,1974,0,0,0
16076,1975,0,0,0
16076,1976,0,0,0
16076,1977,0,0,0
16076,1978,0,0,0
16076,1979,0,0,0
16076,1980,0,0,0
16076,1981,0,0,0
16076,1982,0,0,0
16076,1983,0,0,0
16076,1984,0,0,0
16076,1985,0,0,0
16076,1986,0,0,0
16076,1987,0,0,0
16076,1988,0,0,0
16076,1989,0,0,0
16076,1990,0,0,0
16076,1991,0,0,0
16076,1992,0,0,0
16076,1993,0,0,0
16076,1994,0,0,0
16076,1995,2,1000,1.182116935007211
16076,1996,3,1005,1.188027519682247
16076,1997,5,2105,2.488356148190179
16076,1998,6,3605,4.261531550700995
16076,1999,9,6305,7.453247275220464
16076,2000,11,8305,9.817481145234886
16076,2001,12,9155,10.822280539991015
16076,2002,13,9180,10.851833463366196
16076,2003,15,11530,13.62980826063314
16076,2004,15,11530,13.62980826063314
16076,2005,15,11530,13.62980826063314
16076,2006,15,11530,13.62980826063314
16076,2007,15,11530,13.62980826063314
16076,2008,15,11530,13.62980826063314
16076,2009,15,11530,13.62980826063314
16076,2010,15,11530,13.62980826063314
16076,2011,15,11530,13.62980826063314
16076,2012,18,17680,20.899827410927486
16076,2013,18,17680,20.899827410927486
16076,2014,22,29270,34.60056268766106
16076,2015,23,29282,34.61474809088115
16076,2016,24,32582,38.515733976404945
16076,2017,26,39382,46.55412913445398
16076,2018,26,39382,46.55412913445398
16076,2019,29,42852,50.656074898929
16076,2020,29,42852,50.656074898929
16076,2021,30,47052,55.620966025959284
16076,2022,35,62659.5,74.07085608908433
16076,2023,35,62659.5,74.07085608908433
16077,1960,0,0,0
16077,1961,0,0,0
16077,1962,0,0,0
16077,1963,0,0,0
16077,1964,0,0,0
16077,1965,0,0,0
16077,1966,0,0,0
16077,1967,0,0,0
16077,1968,0,0,0
16077,1969,0,0,0
16077,1970,0,0,0
16077,1971,0,0,0
16077,1972,0,0,0
16077,1973,0,0,0
16077,1974,0,0,0
16077,1975,0,0,0
16077,1976,0,0,0
16077,1977,0,0,0
16077,1978,0,0,0
16077,1979,0,0,0
16077,1980,0,0,0
16077,1981,0,0,0
16077,1982,0,0,0
16077,1983,0,0,0
16077,1984,0,0,0
16077,1985,0,0,0
16077,1986,0,0,0
16077,1987,0,0,0
16077,1988,0,0,0
16077,1989,0,0,0
16077,1990,0,0,0
16077,1991,0,0,0
16077,1992,0,0,0
16077,1993,1,250,0.4390509474719447
16077,1994,1,250,0.4390509474719447
16077,1995,4,1950,3.4245973902811686
16077,1996,11,6150,10.800653307809839
16077,1997,15,8450,14.83992202455173
16077,1998,15,8450,14.83992202455173
16077,1999,15,8450,14.83992202455173
16077,2000,15,8450,14.83992202455173
16077,2001,15,8450,14.83992202455173
16077,2002,15,8450,14.83992202455173
16077,2003,36,45950,80.69756414534343
16077,2004,40,51050,89.6542034737711
16077,2005,40,51050,89.6542034737711
16077,2006,40,51050,89.6542034737711
16077,2007,40,51050,89.6542034737711
16077,2008,40,51050,89.6542034737711
16077,2009,40,51050,89.6542034737711
16077,2010,40,51050,89.6542034737711
16077,2011,45,61300,107.65529232012084
16077,2012,47,65900,115.73382975360461
16077,2013,50,72800,127.85163590383029
16077,2014,50,72800,127.85163590383029
16077,2015,51,75800,133.12024727349362
16077,2016,58,94625,166.18078361813104
16077,2017,60,98031.5,172.16329182838376
16077,2018,60,98031.5,172.16329182838376
16077,2019,64,112431.5,197.45262640276778
16077,2020,64,112431.5,197.45262640276778
16077,2021,64,112431.5,197.45262640276778
16077,2022,64,112431.5,197.45262640276778
16077,2023,64,112431.5,197.45262640276778
DE,1960,1,9.8,2.7399048833632277e-5
DE,1961,1,9.8,2.7399048833632277e-5
DE,1962,1,9.8,2.7399048833632277e-5
DE,1963,1,9.8,2.7399048833632277e-5
DE,1964,1,9.8,2.7399048833632277e-5
DE,1965,1,9.8,2.7399048833632277e-5
DE,1966,1,9.8,2.7399048833632277e-5
DE,1967,1,9.8,2.7399048833632277e-5
DE,1968,1,9.8,2.7399048833632277e-5
DE,1969,1,9.8,2.7399048833632277e-5
DE,1970,1,9.8,2.7399048833632277e-5
DE,1971,1,9.8,2.7399048833632277e-5
DE,1972,1,9.8,2.7399048833632277e-5
DE,1973,1,9.8,2.7399048833632277e-5
DE,1974,1,9.8,2.7399048833632277e-5
DE,1975,1,9.8,2.7399048833632277e-5
DE,1976,1,9.8,2.7399048833632277e-5
DE,1977,1,9.8,2.7399048833632277e-5
DE,1978,1,9.8,2.7399048833632277e-5
DE,1979,1,9.8,2.7399048833632277e-5
DE,1980,1,9.8,2.7399048833632277e-5
DE,1981,1,9.8,2.7399048833632277e-5
DE,1982,1,9.8,2.7399048833632277e-5
DE,1983,2,64.8,1.8116922085911953e-4
DE,1984,2,64.8,1.8116922085911953e-4
DE,1985,3,84.8,2.3708564705020578e-4
DE,1986,3,84.8,2.3708564705020578e-4
DE,1987,4,149.8,4.188140321712362e-4
DE,1988,7,674.8,0.0018866202196872507
DE,1989,16,1625.8,0.004545446285073403
DE,1990,39,4140.8,0.011576936878602503
DE,1991,79,10370.8,0.028994903637125875
DE,1992,155,24173.8,0.06758562517290406
DE,1993,308,62768.8,0.1754903486151528
DE,1994,565,164961.3,0.461202317791782
DE,1995,1037,391752.1,1.0952688692426524
DE,1996,1444,598935.1,1.6745155156200437
DE,1997,1850,837400.1,2.3412210442029133
DE,1998,2375,1207315.22,3.3754376194252544
DE,1999,3240,1990109.52,5.563990604362907
DE,2000,4208,3049379.52,8.525520242934505
DE,2001,5880,5206704.52,14.557015449568762
DE,2002,7760,7801298.52,21.811036644410528
DE,2003,9382,10310714.52,28.826915371747077
DE,2004,10513,12231295.52,34.19651665827221
DE,2005,11497,13921474.52,38.92195512343341
DE,2006,12690,16126424.32,45.086600760770935
DE,2007,13570,17770041.52,49.68186075328093
DE,2008,13965,18531521.52,51.81082276408035
DE,2009,15338,21168027.12,59.18202130331963
DE,2010,16087,22567483.52,63.09465132823179
DE,2011,17005,24433419.81,68.31147577008451
DE,2012,18121,26847488.715,75.06078105741597
DE,2013,19357,29855031.734,83.46933391933747
DE,2014,21181,34515502.077,96.49917621684277
DE,2015,22622,38302524.037,107.08701291236092
DE,2016,24237,42756273.667,119.53890103533458
DE,2017,26132,48279021.467,134.97951702186876
DE,2018,26929,50744206.887,141.87173495110738
DE,2019,27241,51697163.387,144.53603104088566
DE,2020,27706,53127762.087,148.53572937176637
DE,2021,28223,55028260.887,153.84918441558878
DE,2022,28814,57433881.277,160.57486916464913
DE,2023,29611,60903029.647,170.27398810350073
